innings,batting_team,bowling_team,overs_completed,wickets_fallen,current_score,current_run_rate,remaining_overs,wickets_in_hand,target,runs_required,balls_remaining,required_run_rate,pressure_index,final_score,winner
1,Chennai Super Kings,Rajasthan Royals,7.3,2,37,5.16,12.7,8,0,0,76,0.0,0.0,91,Rajasthan Royals
2,Rajasthan Royals,Chennai Super Kings,14.4,4,91,10.19,5.6,6,92,1,33,0.18,0.0177,144,Rajasthan Royals
1,Punjab Kings,Royal Challengers Bangalore,5.1,8,29,5.69,14.9,2,0,0,89,0.0,0.0,83,Royal Challengers Bangalore
2,Royal Challengers Bangalore,Punjab Kings,10.3,2,73,7.15,9.7,8,84,11,58,1.13,0.158,146,Royal Challengers Bangalore
1,Chennai Super Kings,Kolkata Knight Riders,5.9,3,54,9.24,14.1,7,0,0,84,0.0,0.0,152,Chennai Super Kings
2,Kolkata Knight Riders,Chennai Super Kings,8.3,6,68,8.28,11.7,4,153,85,70,7.26,0.8768,149,Chennai Super Kings
1,Sunrisers Hyderabad,Punjab Kings,12.5,9,82,6.61,7.5,1,0,0,45,0.0,0.0,118,Punjab Kings
2,Punjab Kings,Sunrisers Hyderabad,15.5,7,112,7.27,4.5,3,119,7,27,1.56,0.2146,136,Punjab Kings
1,Kolkata Knight Riders,Punjab Kings,10.2,8,55,5.46,9.8,2,0,0,58,0.0,0.0,89,Punjab Kings
2,Punjab Kings,Kolkata Knight Riders,5.2,2,44,8.59,14.8,8,90,46,88,3.11,0.362,169,Punjab Kings
1,Kolkata Knight Riders,Punjab Kings,18.3,8,137,7.51,1.7,2,0,0,10,0.0,0.0,145,Punjab Kings
2,Punjab Kings,Kolkata Knight Riders,9.7,2,80,8.25,10.3,8,146,66,61,6.41,0.777,153,Punjab Kings
1,Kolkata Knight Riders,Sunrisers Hyderabad,16.0,9,86,5.42,4.0,1,0,0,24,0.0,0.0,100,Sunrisers Hyderabad
2,Sunrisers Hyderabad,Kolkata Knight Riders,7.9,6,57,7.23,12.1,4,101,44,72,3.64,0.5035,125,Sunrisers Hyderabad
1,Chennai Super Kings,Mumbai Indians,8.3,6,52,6.38,11.7,4,0,0,70,0.0,0.0,115,Mumbai Indians
2,Mumbai Indians,Chennai Super Kings,16.7,3,115,10.34,3.3,7,116,1,19,0.3,0.029,145,Mumbai Indians
1,Rajasthan Royals,Delhi Capitals,8.9,8,69,7.83,11.1,2,0,0,66,0.0,0.0,123,Delhi Capitals
2,Delhi Capitals,Rajasthan Royals,6.7,7,66,9.92,13.3,3,124,58,79,4.36,0.4395,156,Delhi Capitals
1,Royal Challengers Bangalore,Rajasthan Royals,19.0,6,131,6.94,1.0,4,0,0,6,0.0,0.0,136,Royal Challengers Bangalore
2,Rajasthan Royals,Royal Challengers Bangalore,13.8,1,97,7.05,6.2,9,137,40,37,6.45,0.9149,133,Royal Challengers Bangalore
1,Delhi Capitals,Rajasthan Royals,12.1,5,78,6.45,7.9,5,0,0,47,0.0,0.0,116,Rajasthan Royals
2,Rajasthan Royals,Delhi Capitals,15.6,7,112,7.21,4.4,3,117,5,26,1.14,0.1581,138,Rajasthan Royals
1,Delhi Capitals,Chennai Super Kings,15.1,2,117,7.75,4.9,8,0,0,29,0.0,0.0,153,Delhi Capitals
2,Chennai Super Kings,Delhi Capitals,7.5,0,55,7.41,12.5,10,154,99,75,7.92,1.0688,148,Delhi Capitals
1,Rajasthan Royals,Chennai Super Kings,18.4,9,110,6.02,1.6,1,0,0,9,0.0,0.0,116,Chennai Super Kings
2,Chennai Super Kings,Rajasthan Royals,12.7,1,116,11.02,7.3,9,117,1,43,0.14,0.0127,204,Chennai Super Kings
1,Chennai Super Kings,Kolkata Knight Riders,15.5,2,152,9.82,4.5,8,0,0,27,0.0,0.0,197,Kolkata Knight Riders
2,Kolkata Knight Riders,Chennai Super Kings,18.6,3,185,9.96,1.4,7,198,13,8,9.29,0.9327,198,Kolkata Knight Riders
1,Delhi Capitals,Chennai Super Kings,7.3,1,57,7.85,12.7,9,0,0,76,0.0,0.0,143,Delhi Capitals
2,Chennai Super Kings,Delhi Capitals,5.3,4,29,5.59,14.7,6,144,115,88,7.82,1.3989,95,Delhi Capitals
1,Rajasthan Royals,Chennai Super Kings,6.4,2,55,8.6,13.6,8,0,0,81,0.0,0.0,178,Rajasthan Royals
2,Chennai Super Kings,Rajasthan Royals,12.1,7,90,7.5,7.9,3,179,89,47,11.27,1.5027,136,Rajasthan Royals
1,Royal Challengers Bangalore,Chennai Super Kings,9.1,2,77,8.57,10.9,8,0,0,65,0.0,0.0,173,Chennai Super Kings
2,Chennai Super Kings,Royal Challengers Bangalore,15.8,4,158,10.02,4.2,6,174,16,25,3.81,0.3802,193,Chennai Super Kings
1,Chennai Super Kings,Punjab Kings,10.6,6,57,5.43,9.4,4,0,0,56,0.0,0.0,95,Punjab Kings
2,Punjab Kings,Chennai Super Kings,17.2,2,95,8.1,2.8,8,96,1,16,0.36,0.0444,113,Punjab Kings
1,Mumbai Indians,Delhi Capitals,17.7,0,174,9.87,2.3,10,0,0,13,0.0,0.0,197,Mumbai Indians
2,Delhi Capitals,Mumbai Indians,9.3,9,79,8.56,10.7,1,198,119,64,11.12,1.2991,144,Mumbai Indians
1,Royal Challengers Bangalore,Rajasthan Royals,14.4,2,96,6.72,5.6,8,0,0,33,0.0,0.0,131,Royal Challengers Bangalore
2,Rajasthan Royals,Royal Challengers Bangalore,5.5,8,26,4.9,14.5,2,132,106,87,7.31,1.4918,81,Royal Challengers Bangalore
1,Delhi Capitals,Royal Challengers Bangalore,9.4,4,69,7.42,10.6,6,0,0,63,0.0,0.0,138,Royal Challengers Bangalore
2,Royal Challengers Bangalore,Delhi Capitals,6.2,3,45,7.31,13.8,7,139,94,82,6.81,0.9316,139,Royal Challengers Bangalore
1,Mumbai Indians,Royal Challengers Bangalore,5.6,7,32,5.78,14.4,3,0,0,86,0.0,0.0,83,Royal Challengers Bangalore
2,Royal Challengers Bangalore,Mumbai Indians,19.0,6,83,6.82,1.0,4,84,1,6,1.0,0.1466,88,Royal Challengers Bangalore
1,Delhi Capitals,Kolkata Knight Riders,13.0,8,103,7.95,7.0,2,0,0,42,0.0,0.0,142,Delhi Capitals
2,Kolkata Knight Riders,Delhi Capitals,11.1,9,72,6.55,8.9,1,143,71,53,7.98,1.2183,112,Delhi Capitals
1,Chennai Super Kings,Sunrisers Hyderabad,9.5,3,55,5.85,10.5,7,0,0,63,0.0,0.0,108,Sunrisers Hyderabad
2,Sunrisers Hyderabad,Chennai Super Kings,14.4,9,108,7.94,5.6,1,109,1,33,0.18,0.0227,138,Sunrisers Hyderabad
1,Mumbai Indians,Sunrisers Hyderabad,17.4,4,149,8.61,2.6,6,0,0,15,0.0,0.0,170,Mumbai Indians
2,Sunrisers Hyderabad,Mumbai Indians,17.6,3,143,8.14,2.4,7,171,28,14,11.67,1.4337,160,Mumbai Indians
1,Chennai Super Kings,Rajasthan Royals,14.1,0,143,10.16,5.9,10,0,0,35,0.0,0.0,200,Chennai Super Kings
2,Rajasthan Royals,Chennai Super Kings,17.3,9,104,6.03,2.7,1,201,97,16,35.93,5.9585,114,Chennai Super Kings
1,Punjab Kings,Royal Challengers Bangalore,17.7,3,128,7.24,2.3,7,0,0,13,0.0,0.0,142,Royal Challengers Bangalore
2,Royal Challengers Bangalore,Punjab Kings,13.2,2,142,10.85,6.8,8,143,1,40,0.15,0.0138,208,Royal Challengers Bangalore
1,Punjab Kings,Royal Challengers Bangalore,15.9,8,94,5.92,4.1,2,0,0,24,0.0,0.0,110,Royal Challengers Bangalore
2,Royal Challengers Bangalore,Punjab Kings,10.6,2,68,6.42,9.4,8,111,43,56,4.57,0.7118,115,Royal Challengers Bangalore
1,Rajasthan Royals,Delhi Capitals,18.8,2,151,8.06,1.2,8,0,0,7,0.0,0.0,159,Rajasthan Royals
2,Delhi Capitals,Rajasthan Royals,18.7,8,100,5.36,1.3,2,160,60,7,46.15,8.6101,105,Rajasthan Royals
1,Delhi Capitals,Kolkata Knight Riders,12.9,1,135,10.49,7.1,9,0,0,42,0.0,0.0,214,Delhi Capitals
2,Kolkata Knight Riders,Delhi Capitals,17.2,7,81,4.75,2.8,3,215,134,16,47.86,10.0758,92,Delhi Capitals
1,Royal Challengers Bangalore,Kolkata Knight Riders,13.4,0,133,9.99,6.6,10,0,0,39,0.0,0.0,201,Royal Challengers Bangalore
2,Kolkata Knight Riders,Royal Challengers Bangalore,10.1,2,94,9.37,9.9,8,202,108,59,10.91,1.1644,181,Royal Challengers Bangalore
1,Kolkata Knight Riders,Mumbai Indians,8.7,1,68,7.82,11.3,9,0,0,67,0.0,0.0,159,Kolkata Knight Riders
2,Mumbai Indians,Kolkata Knight Riders,13.5,8,81,6.04,6.5,2,160,79,39,12.15,2.0116,106,Kolkata Knight Riders
1,Sunrisers Hyderabad,Royal Challengers Bangalore,19.2,4,105,5.49,0.8,6,0,0,4,0.0,0.0,108,Royal Challengers Bangalore
2,Royal Challengers Bangalore,Sunrisers Hyderabad,7.4,0,65,8.85,12.6,10,109,44,75,3.49,0.3944,175,Royal Challengers Bangalore
1,Chennai Super Kings,Mumbai Indians,18.3,9,167,9.14,1.7,1,0,0,10,0.0,0.0,177,Chennai Super Kings
2,Mumbai Indians,Chennai Super Kings,9.0,3,69,7.72,11.0,7,178,109,66,9.91,1.2837,140,Chennai Super Kings
1,Rajasthan Royals,Punjab Kings,5.5,8,34,6.26,14.5,2,0,0,87,0.0,0.0,89,Punjab Kings
2,Punjab Kings,Rajasthan Royals,18.2,5,89,10.39,1.8,5,90,1,10,0.56,0.0539,105,Punjab Kings
1,Punjab Kings,Royal Challengers Bangalore,13.0,4,71,5.51,7.0,6,0,0,42,0.0,0.0,108,Royal Challengers Bangalore
2,Royal Challengers Bangalore,Punjab Kings,7.2,4,63,8.88,12.8,6,109,46,76,3.59,0.4043,155,Royal Challengers Bangalore
1,Sunrisers Hyderabad,Kolkata Knight Riders,11.0,0,61,5.63,9.0,10,0,0,54,0.0,0.0,112,Kolkata Knight Riders
2,Kolkata Knight Riders,Sunrisers Hyderabad,15.9,2,112,7.95,4.1,8,113,1,24,0.24,0.0302,144,Kolkata Knight Riders
1,Punjab Kings,Rajasthan Royals,8.0,0,78,9.86,12.0,10,0,0,72,0.0,0.0,202,Punjab Kings
2,Rajasthan Royals,Punjab Kings,14.0,7,62,4.45,6.0,3,203,141,36,23.5,5.2809,81,Punjab Kings
1,Delhi Capitals,Kolkata Knight Riders,19.0,8,127,6.71,1.0,2,0,0,6,0.0,0.0,132,Kolkata Knight Riders
2,Kolkata Knight Riders,Delhi Capitals,14.3,2,132,9.98,5.7,8,133,1,34,0.18,0.018,186,Kolkata Knight Riders
1,Royal Challengers Bangalore,Mumbai Indians,11.3,1,85,7.57,8.7,9,0,0,52,0.0,0.0,146,Mumbai Indians
2,Mumbai Indians,Royal Challengers Bangalore,14.0,2,125,8.97,6.0,8,147,22,36,3.67,0.4091,179,Mumbai Indians
1,Royal Challengers Bangalore,Rajasthan Royals,14.0,1,92,6.63,6.0,9,0,0,36,0.0,0.0,125,Rajasthan Royals
2,Rajasthan Royals,Royal Challengers Bangalore,6.9,6,55,7.99,13.1,4,126,71,78,5.42,0.6783,132,Rajasthan Royals
1,Chennai Super Kings,Delhi Capitals,14.7,1,125,8.57,5.3,9,0,0,31,0.0,0.0,167,Chennai Super Kings
2,Delhi Capitals,Chennai Super Kings,10.0,5,47,4.77,10.0,5,168,121,60,12.1,2.5367,81,Chennai Super Kings
1,Sunrisers Hyderabad,Royal Challengers Bangalore,15.0,8,83,5.59,5.0,2,0,0,30,0.0,0.0,102,Royal Challengers Bangalore
2,Royal Challengers Bangalore,Sunrisers Hyderabad,7.3,0,48,6.6,12.7,10,103,55,76,4.33,0.6561,140,Royal Challengers Bangalore
1,Chennai Super Kings,Punjab Kings,18.4,9,161,8.75,1.6,1,0,0,9,0.0,0.0,169,Punjab Kings
2,Punjab Kings,Chennai Super Kings,7.1,2,64,9.12,12.9,8,170,106,77,8.22,0.9013,185,Punjab Kings
1,Mumbai Indians,Sunrisers Hyderabad,12.7,8,105,8.31,7.3,2,0,0,43,0.0,0.0,150,Mumbai Indians
2,Sunrisers Hyderabad,Mumbai Indians,6.3,8,56,9.0,13.7,2,151,95,82,6.93,0.77,142,Mumbai Indians
1,Rajasthan Royals,Punjab Kings,13.5,5,103,7.7,6.5,5,0,0,39,0.0,0.0,139,Punjab Kings
2,Punjab Kings,Rajasthan Royals,9.1,5,93,10.27,10.9,5,140,47,65,4.31,0.4197,185,Punjab Kings
1,Chennai Super Kings,Sunrisers Hyderabad,6.5,5,46,7.08,13.5,5,0,0,81,0.0,0.0,113,Sunrisers Hyderabad
2,Sunrisers Hyderabad,Chennai Super Kings,16.7,7,113,9.53,3.3,3,114,1,19,0.3,0.0315,133,Sunrisers Hyderabad
1,Mumbai Indians,Chennai Super Kings,10.8,3,55,5.16,9.2,7,0,0,55,0.0,0.0,100,Chennai Super Kings
2,Chennai Super Kings,Mumbai Indians,16.9,1,100,8.36,3.1,9,101,1,18,0.32,0.0383,125,Chennai Super Kings
1,Mumbai Indians,Punjab Kings,15.3,3,115,7.54,4.7,7,0,0,28,0.0,0.0,147,Mumbai Indians
2,Punjab Kings,Mumbai Indians,9.2,4,68,7.46,10.8,6,148,80,64,7.41,0.9933,144,Mumbai Indians
1,Punjab Kings,Rajasthan Royals,6.9,6,53,7.71,13.1,4,0,0,78,0.0,0.0,120,Rajasthan Royals
2,Rajasthan Royals,Punjab Kings,7.0,8,58,8.3,13.0,2,121,63,78,4.85,0.5843,133,Rajasthan Royals
1,Kolkata Knight Riders,Sunrisers Hyderabad,19.0,4,165,8.7,1.0,6,0,0,6,0.0,0.0,172,Sunrisers Hyderabad
2,Sunrisers Hyderabad,Kolkata Knight Riders,17.2,7,156,9.08,2.8,3,173,17,16,6.07,0.6685,176,Sunrisers Hyderabad
1,Chennai Super Kings,Sunrisers Hyderabad,14.6,9,134,9.21,5.4,1,0,0,32,0.0,0.0,168,Chennai Super Kings
2,Sunrisers Hyderabad,Chennai Super Kings,11.6,7,68,5.91,8.4,3,169,101,50,12.02,2.0338,103,Chennai Super Kings
1,Chennai Super Kings,Royal Challengers Bangalore,10.6,4,98,9.29,9.4,6,0,0,56,0.0,0.0,181,Chennai Super Kings
2,Royal Challengers Bangalore,Chennai Super Kings,14.1,7,118,8.41,5.9,3,182,64,35,10.85,1.2901,150,Chennai Super Kings
1,Punjab Kings,Rajasthan Royals,16.4,5,146,8.95,3.6,5,0,0,21,0.0,0.0,169,Rajasthan Royals
2,Rajasthan Royals,Punjab Kings,8.0,1,77,9.67,12.0,9,170,93,72,7.75,0.8014,201,Rajasthan Royals
1,Punjab Kings,Chennai Super Kings,11.6,3,81,6.99,8.4,7,0,0,50,0.0,0.0,128,Punjab Kings
2,Chennai Super Kings,Punjab Kings,15.5,1,78,5.07,4.5,9,129,51,27,11.33,2.2347,101,Punjab Kings
1,Sunrisers Hyderabad,Rajasthan Royals,7.6,9,45,6.01,12.4,1,0,0,74,0.0,0.0,90,Rajasthan Royals
2,Rajasthan Royals,Sunrisers Hyderabad,13.9,9,90,7.0,6.1,1,91,1,36,0.16,0.0229,117,Rajasthan Royals
1,Delhi Capitals,Chennai Super Kings,5.3,9,42,8.09,14.7,1,0,0,88,0.0,0.0,108,Chennai Super Kings
2,Chennai Super Kings,Delhi Capitals,6.5,8,62,9.54,13.5,2,109,47,81,3.48,0.3648,148,Chennai Super Kings
1,Royal Challengers Bangalore,Mumbai Indians,18.4,5,128,6.99,1.6,5,0,0,9,0.0,0.0,136,Mumbai Indians
2,Mumbai Indians,Royal Challengers Bangalore,9.9,3,97,9.83,10.1,7,137,40,60,3.96,0.4028,187,Mumbai Indians
1,Delhi Capitals,Rajasthan Royals,10.0,1,78,7.83,10.0,9,0,0,60,0.0,0.0,143,Delhi Capitals
2,Rajasthan Royals,Delhi Capitals,18.2,5,103,5.69,1.8,5,144,41,10,22.78,4.0035,111,Delhi Capitals
1,Chennai Super Kings,Kolkata Knight Riders,14.2,1,122,8.62,5.8,9,0,0,34,0.0,0.0,164,Chennai Super Kings
2,Kolkata Knight Riders,Chennai Super Kings,19.5,0,126,6.47,0.5,10,165,39,3,78.0,12.0556,129,Chennai Super Kings
1,Mumbai Indians,Chennai Super Kings,8.0,0,51,6.45,12.0,10,0,0,72,0.0,0.0,118,Chennai Super Kings
2,Chennai Super Kings,Mumbai Indians,16.2,1,118,7.69,3.8,9,119,1,22,0.26,0.0338,146,Chennai Super Kings
1,Kolkata Knight Riders,Punjab Kings,17.5,6,152,8.7,2.5,4,0,0,15,0.0,0.0,169,Kolkata Knight Riders
2,Punjab Kings,Kolkata Knight Riders,16.6,6,85,5.13,3.4,4,170,85,20,25.0,4.8733,99,Kolkata Knight Riders
1,Chennai Super Kings,Rajasthan Royals,12.3,7,61,5.02,7.7,3,0,0,46,0.0,0.0,90,Rajasthan Royals
2,Rajasthan Royals,Chennai Super Kings,8.5,1,83,9.86,11.5,9,91,8,69,0.7,0.071,208,Rajasthan Royals
1,Sunrisers Hyderabad,Chennai Super Kings,8.0,6,74,9.36,12.0,4,0,0,72,0.0,0.0,157,Sunrisers Hyderabad
2,Chennai Super Kings,Sunrisers Hyderabad,17.9,4,110,6.2,2.1,6,158,48,12,22.86,3.6871,120,Sunrisers Hyderabad
1,Sunrisers Hyderabad,Punjab Kings,16.2,8,109,6.78,3.8,2,0,0,22,0.0,0.0,128,Sunrisers Hyderabad
2,Punjab Kings,Sunrisers Hyderabad,7.0,9,51,7.29,13.0,1,129,78,78,6.0,0.823,120,Sunrisers Hyderabad
1,Delhi Capitals,Kolkata Knight Riders,12.9,8,75,5.88,7.1,2,0,0,42,0.0,0.0,108,Kolkata Knight Riders
2,Kolkata Knight Riders,Delhi Capitals,12.6,1,81,6.46,7.4,9,109,28,44,3.78,0.5851,120,Kolkata Knight Riders
1,Sunrisers Hyderabad,Royal Challengers Bangalore,13.0,8,89,6.86,7.0,2,0,0,42,0.0,0.0,118,Royal Challengers Bangalore
2,Royal Challengers Bangalore,Sunrisers Hyderabad,8.8,5,78,8.89,11.2,5,119,41,67,3.66,0.4117,152,Royal Challengers Bangalore
1,Royal Challengers Bangalore,Rajasthan Royals,10.9,9,72,6.64,9.1,1,0,0,54,0.0,0.0,107,Rajasthan Royals
2,Rajasthan Royals,Royal Challengers Bangalore,6.3,2,39,6.2,13.7,8,108,69,82,5.04,0.8129,115,Rajasthan Royals
1,Delhi Capitals,Chennai Super Kings,13.2,1,90,6.84,6.8,9,0,0,40,0.0,0.0,135,Delhi Capitals
2,Chennai Super Kings,Delhi Capitals,7.3,3,35,4.91,12.7,7,136,101,76,7.95,1.6191,90,Delhi Capitals
1,Sunrisers Hyderabad,Punjab Kings,10.0,7,88,8.89,10.0,3,0,0,60,0.0,0.0,151,Sunrisers Hyderabad
2,Punjab Kings,Sunrisers Hyderabad,8.6,2,44,5.21,11.4,8,152,108,68,9.47,1.8177,90,Sunrisers Hyderabad
1,Delhi Capitals,Mumbai Indians,6.3,0,38,6.16,13.7,10,0,0,82,0.0,0.0,114,Mumbai Indians
2,Mumbai Indians,Delhi Capitals,12.9,7,114,8.9,7.1,3,115,1,42,0.14,0.0157,161,Mumbai Indians
1,Royal Challengers Bangalore,Kolkata Knight Riders,8.2,9,37,4.58,11.8,1,0,0,70,0.0,0.0,73,Kolkata Knight Riders
2,Kolkata Knight Riders,Royal Challengers Bangalore,19.5,9,73,7.36,0.5,1,74,1,3,2.0,0.2717,76,Kolkata Knight Riders
1,Kolkata Knight Riders,Punjab Kings,18.7,1,169,9.09,1.3,9,0,0,7,0.0,0.0,180,Kolkata Knight Riders
2,Punjab Kings,Kolkata Knight Riders,14.3,7,76,5.34,5.7,3,181,105,34,18.42,3.4494,95,Kolkata Knight Riders
1,Rajasthan Royals,Mumbai Indians,10.9,6,74,6.79,9.1,4,0,0,54,0.0,0.0,118,Mumbai Indians
2,Mumbai Indians,Rajasthan Royals,14.1,9,118,9.24,5.9,1,119,1,35,0.17,0.0184,152,Mumbai Indians
1,Rajasthan Royals,Kolkata Knight Riders,10.6,2,67,6.39,9.4,8,0,0,56,0.0,0.0,118,Rajasthan Royals
2,Kolkata Knight Riders,Rajasthan Royals,10.8,8,63,5.86,9.2,2,119,56,55,6.09,1.0392,100,Rajasthan Royals
1,Kolkata Knight Riders,Delhi Capitals,9.2,3,75,8.24,10.8,7,0,0,64,0.0,0.0,163,Kolkata Knight Riders
2,Delhi Capitals,Kolkata Knight Riders,5.7,0,42,7.54,14.3,10,164,122,85,8.53,1.1313,138,Kolkata Knight Riders
1,Kolkata Knight Riders,Sunrisers Hyderabad,11.1,7,103,9.33,8.9,3,0,0,53,0.0,0.0,172,Kolkata Knight Riders
2,Sunrisers Hyderabad,Kolkata Knight Riders,15.8,3,96,6.09,4.2,7,173,77,25,18.33,3.0099,121,Kolkata Knight Riders
1,Kolkata Knight Riders,Punjab Kings,5.7,8,33,5.81,14.3,2,0,0,85,0.0,0.0,87,Punjab Kings
2,Punjab Kings,Kolkata Knight Riders,5.8,6,54,9.4,14.2,4,88,34,85,2.39,0.2543,168,Punjab Kings
1,Sunrisers Hyderabad,Kolkata Knight Riders,12.1,0,73,6.1,7.9,10,0,0,47,0.0,0.0,117,Kolkata Knight Riders
2,Kolkata Knight Riders,Sunrisers Hyderabad,12.8,8,117,9.6,7.2,2,118,1,43,0.14,0.0146,169,Kolkata Knight Riders
1,Chennai Super Kings,Delhi Capitals,5.6,1,55,9.85,14.4,9,0,0,86,0.0,0.0,193,Chennai Super Kings
2,Delhi Capitals,Chennai Super Kings,6.3,7,37,6.0,13.7,3,194,157,82,11.46,1.91,87,Chennai Super Kings
1,Punjab Kings,Kolkata Knight Riders,6.6,4,67,10.25,13.4,6,0,0,80,0.0,0.0,185,Punjab Kings
2,Kolkata Knight Riders,Punjab Kings,14.6,7,110,7.57,5.4,3,186,76,32,14.07,1.8587,137,Punjab Kings
1,Delhi Capitals,Chennai Super Kings,15.3,8,142,9.29,4.7,2,0,0,28,0.0,0.0,169,Delhi Capitals
2,Chennai Super Kings,Delhi Capitals,17.8,9,116,6.52,2.2,1,170,54,13,24.55,3.7653,126,Delhi Capitals
1,Kolkata Knight Riders,Mumbai Indians,5.0,1,47,9.47,15.0,9,0,0,90,0.0,0.0,175,Kolkata Knight Riders
2,Mumbai Indians,Kolkata Knight Riders,13.9,0,116,8.36,6.1,10,176,60,36,9.84,1.177,161,Kolkata Knight Riders
1,Rajasthan Royals,Mumbai Indians,16.0,9,103,6.48,4.0,1,0,0,24,0.0,0.0,118,Mumbai Indians
2,Mumbai Indians,Rajasthan Royals,15.9,5,118,10.36,4.1,5,119,1,24,0.24,0.0232,154,Mumbai Indians
1,Rajasthan Royals,Delhi Capitals,13.4,0,85,6.4,6.6,10,0,0,39,0.0,0.0,128,Delhi Capitals
2,Delhi Capitals,Rajasthan Royals,10.6,0,71,6.72,9.4,10,129,58,56,6.17,0.9182,134,Delhi Capitals
1,Mumbai Indians,Sunrisers Hyderabad,19.5,0,117,6.04,0.5,10,0,0,3,0.0,0.0,120,Sunrisers Hyderabad
2,Sunrisers Hyderabad,Mumbai Indians,9.3,1,91,9.87,10.7,9,121,30,64,2.8,0.2837,184,Sunrisers Hyderabad
1,Kolkata Knight Riders,Rajasthan Royals,18.2,4,141,7.75,1.8,6,0,0,10,0.0,0.0,154,Kolkata Knight Riders
2,Rajasthan Royals,Kolkata Knight Riders,10.9,5,60,5.57,9.1,5,155,95,54,10.44,1.8743,97,Kolkata Knight Riders
1,Rajasthan Royals,Delhi Capitals,11.9,7,64,5.41,8.1,3,0,0,48,0.0,0.0,96,Delhi Capitals
2,Delhi Capitals,Rajasthan Royals,5.3,4,51,9.64,14.7,6,97,46,88,3.13,0.3247,187,Delhi Capitals
1,Royal Challengers Bangalore,Punjab Kings,8.3,5,66,8.06,11.7,5,0,0,70,0.0,0.0,137,Royal Challengers Bangalore
2,Punjab Kings,Royal Challengers Bangalore,11.6,7,78,6.75,8.4,3,138,60,50,7.14,1.0578,121,Royal Challengers Bangalore
1,Punjab Kings,Delhi Capitals,18.8,8,83,4.45,1.2,2,0,0,7,0.0,0.0,86,Delhi Capitals
2,Delhi Capitals,Punjab Kings,19.3,5,86,8.09,0.7,5,87,1,4,1.43,0.1768,91,Delhi Capitals
1,Rajasthan Royals,Royal Challengers Bangalore,17.8,0,163,9.21,2.2,10,0,0,13,0.0,0.0,186,Rajasthan Royals
2,Royal Challengers Bangalore,Rajasthan Royals,7.9,9,66,8.39,12.1,1,187,121,72,10.0,1.1919,125,Rajasthan Royals
1,Chennai Super Kings,Punjab Kings,5.5,5,41,7.52,14.5,5,0,0,87,0.0,0.0,140,Chennai Super Kings
2,Punjab Kings,Chennai Super Kings,18.7,3,129,6.94,1.3,7,141,12,7,9.23,1.33,138,Chennai Super Kings
1,Mumbai Indians,Punjab Kings,11.6,2,62,5.4,8.4,8,0,0,50,0.0,0.0,107,Punjab Kings
2,Punjab Kings,Mumbai Indians,13.6,8,107,8.91,6.4,2,108,1,38,0.16,0.018,143,Punjab Kings
1,Chennai Super Kings,Royal Challengers Bangalore,11.3,2,70,6.22,8.7,8,0,0,52,0.0,0.0,120,Royal Challengers Bangalore
2,Royal Challengers Bangalore,Chennai Super Kings,6.2,2,51,8.24,13.8,8,121,70,82,5.07,0.6153,142,Royal Challengers Bangalore
1,Royal Challengers Bangalore,Delhi Capitals,15.5,7,99,6.42,4.5,3,0,0,27,0.0,0.0,123,Delhi Capitals
2,Delhi Capitals,Royal Challengers Bangalore,5.6,0,42,7.64,14.4,10,124,82,86,5.69,0.7448,155,Delhi Capitals
1,Mumbai Indians,Sunrisers Hyderabad,16.5,6,105,6.4,3.5,4,0,0,21,0.0,0.0,121,Sunrisers Hyderabad
2,Sunrisers Hyderabad,Mumbai Indians,14.0,7,121,9.23,6.0,3,122,1,36,0.17,0.0184,158,Sunrisers Hyderabad
1,Mumbai Indians,Royal Challengers Bangalore,12.4,4,109,8.8,7.6,6,0,0,45,0.0,0.0,171,Mumbai Indians
2,Royal Challengers Bangalore,Mumbai Indians,11.5,7,87,7.62,8.5,3,172,85,51,10.0,1.3123,136,Mumbai Indians
1,Delhi Capitals,Chennai Super Kings,8.7,4,48,5.58,11.3,6,0,0,67,0.0,0.0,99,Delhi Capitals
2,Chennai Super Kings,Delhi Capitals,8.4,9,40,4.82,11.6,1,100,60,69,5.17,1.0726,72,Delhi Capitals
1,Sunrisers Hyderabad,Royal Challengers Bangalore,11.5,7,86,7.49,8.5,3,0,0,51,0.0,0.0,127,Sunrisers Hyderabad
2,Royal Challengers Bangalore,Sunrisers Hyderabad,5.5,4,37,6.82,14.5,6,128,91,87,6.28,0.9208,121,Sunrisers Hyderabad
1,Sunrisers Hyderabad,Chennai Super Kings,8.0,3,52,6.5,12.0,7,0,0,72,0.0,0.0,130,Sunrisers Hyderabad
2,Chennai Super Kings,Sunrisers Hyderabad,5.6,6,30,5.42,14.4,4,131,101,86,7.01,1.2934,84,Sunrisers Hyderabad
1,Sunrisers Hyderabad,Kolkata Knight Riders,7.2,4,50,6.96,12.8,6,0,0,76,0.0,0.0,125,Sunrisers Hyderabad
2,Kolkata Knight Riders,Sunrisers Hyderabad,10.0,5,53,5.39,10.0,5,126,73,60,7.3,1.3544,90,Sunrisers Hyderabad
1,Mumbai Indians,Punjab Kings,19.1,0,172,9.02,0.9,10,0,0,5,0.0,0.0,181,Punjab Kings
2,Punjab Kings,Mumbai Indians,8.7,0,85,9.85,11.3,10,182,97,67,8.58,0.8711,211,Punjab Kings
1,Kolkata Knight Riders,Royal Challengers Bangalore,17.5,0,99,5.71,2.5,10,0,0,15,0.0,0.0,114,Royal Challengers Bangalore
2,Royal Challengers Bangalore,Kolkata Knight Riders,8.1,4,70,8.66,11.9,6,115,45,71,3.78,0.4365,159,Royal Challengers Bangalore
1,Royal Challengers Bangalore,Mumbai Indians,19.2,8,180,9.41,0.8,2,0,0,4,0.0,0.0,185,Royal Challengers Bangalore
2,Mumbai Indians,Royal Challengers Bangalore,6.6,1,48,7.37,13.4,9,186,138,80,10.3,1.3976,138,Royal Challengers Bangalore
1,Kolkata Knight Riders,Sunrisers Hyderabad,9.6,0,58,6.05,10.4,10,0,0,62,0.0,0.0,118,Sunrisers Hyderabad
2,Sunrisers Hyderabad,Kolkata Knight Riders,10.3,6,79,7.67,9.7,4,119,40,58,4.12,0.5372,134,Sunrisers Hyderabad
1,Chennai Super Kings,Royal Challengers Bangalore,8.3,9,62,7.49,11.7,1,0,0,70,0.0,0.0,122,Royal Challengers Bangalore
2,Royal Challengers Bangalore,Chennai Super Kings,12.3,4,115,9.39,7.7,6,123,8,46,1.04,0.1108,176,Royal Challengers Bangalore
1,Royal Challengers Bangalore,Sunrisers Hyderabad,7.2,4,39,5.53,12.8,6,0,0,76,0.0,0.0,99,Sunrisers Hyderabad
2,Sunrisers Hyderabad,Royal Challengers Bangalore,15.8,4,87,5.53,4.2,6,100,13,25,3.1,0.5606,104,Sunrisers Hyderabad
1,Chennai Super Kings,Punjab Kings,5.9,4,42,7.28,14.1,6,0,0,84,0.0,0.0,131,Punjab Kings
2,Punjab Kings,Chennai Super Kings,12.6,2,102,8.12,7.4,8,132,30,44,4.05,0.4988,150,Punjab Kings
1,Royal Challengers Bangalore,Kolkata Knight Riders,12.6,6,103,8.22,7.4,4,0,0,44,0.0,0.0,152,Royal Challengers Bangalore
2,Kolkata Knight Riders,Royal Challengers Bangalore,6.5,9,30,4.63,13.5,1,153,123,81,9.11,1.9676,75,Royal Challengers Bangalore
1,Royal Challengers Bangalore,Chennai Super Kings,6.6,6,57,8.73,13.4,4,0,0,80,0.0,0.0,154,Royal Challengers Bangalore
2,Chennai Super Kings,Royal Challengers Bangalore,14.4,7,97,6.75,5.6,3,155,58,33,10.36,1.5348,127,Royal Challengers Bangalore
1,Kolkata Knight Riders,Delhi Capitals,16.9,6,138,8.19,3.1,4,0,0,18,0.0,0.0,157,Delhi Capitals
2,Delhi Capitals,Kolkata Knight Riders,13.5,0,124,9.19,6.5,10,158,34,39,5.23,0.5691,190,Delhi Capitals
1,Rajasthan Royals,Chennai Super Kings,8.0,9,44,5.54,12.0,1,0,0,72,0.0,0.0,82,Chennai Super Kings
2,Chennai Super Kings,Rajasthan Royals,9.0,6,76,8.5,11.0,4,83,7,66,0.64,0.0753,145,Chennai Super Kings
1,Sunrisers Hyderabad,Chennai Super Kings,6.9,2,58,8.48,13.1,8,0,0,78,0.0,0.0,169,Chennai Super Kings
2,Chennai Super Kings,Sunrisers Hyderabad,8.8,4,86,9.8,11.2,6,170,84,67,7.5,0.7653,170,Chennai Super Kings
1,Chennai Super Kings,Kolkata Knight Riders,17.1,4,84,4.97,2.9,6,0,0,17,0.0,0.0,96,Kolkata Knight Riders
2,Kolkata Knight Riders,Chennai Super Kings,14.9,9,91,6.17,5.1,1,97,6,30,1.18,0.1912,112,Kolkata Knight Riders
1,Punjab Kings,Delhi Capitals,11.7,7,93,7.96,8.3,3,0,0,49,0.0,0.0,136,Delhi Capitals
2,Delhi Capitals,Punjab Kings,10.9,8,100,9.18,9.1,2,137,37,54,4.07,0.4434,148,Delhi Capitals
1,Delhi Capitals,Mumbai Indians,6.7,2,42,6.39,13.3,8,0,0,79,0.0,0.0,121,Mumbai Indians
2,Mumbai Indians,Delhi Capitals,14.0,1,121,9.65,6.0,9,122,1,36,0.17,0.0176,183,Mumbai Indians
1,Royal Challengers Bangalore,Punjab Kings,6.7,6,39,5.88,13.3,4,0,0,79,0.0,0.0,106,Punjab Kings
2,Punjab Kings,Royal Challengers Bangalore,13.0,2,91,7.07,7.0,8,107,16,42,2.29,0.3239,136,Punjab Kings
1,Punjab Kings,Mumbai Indians,19.4,4,120,6.22,0.6,6,0,0,3,0.0,0.0,123,Mumbai Indians
2,Mumbai Indians,Punjab Kings,14.1,7,103,7.36,5.9,3,124,21,35,3.56,0.4837,136,Mumbai Indians
1,Chennai Super Kings,Rajasthan Royals,7.5,1,48,6.52,12.5,9,0,0,75,0.0,0.0,136,Chennai Super Kings
2,Rajasthan Royals,Chennai Super Kings,13.3,5,85,6.45,6.7,5,137,52,40,7.76,1.2031,121,Chennai Super Kings
1,Chennai Super Kings,Punjab Kings,10.8,8,84,7.85,9.2,2,0,0,55,0.0,0.0,133,Chennai Super Kings
2,Punjab Kings,Chennai Super Kings,8.4,3,58,6.96,11.6,7,134,76,69,6.55,0.9411,121,Chennai Super Kings
1,Sunrisers Hyderabad,Mumbai Indians,10.6,4,92,8.72,9.4,6,0,0,56,0.0,0.0,171,Sunrisers Hyderabad
2,Mumbai Indians,Sunrisers Hyderabad,5.8,7,34,5.93,14.2,3,172,138,85,9.72,1.6391,93,Sunrisers Hyderabad
1,Rajasthan Royals,Sunrisers Hyderabad,6.5,0,49,7.59,13.5,10,0,0,81,0.0,0.0,155,Sunrisers Hyderabad
2,Sunrisers Hyderabad,Rajasthan Royals,12.6,6,112,8.9,7.4,4,156,44,44,5.95,0.6685,166,Sunrisers Hyderabad
1,Mumbai Indians,Chennai Super Kings,12.0,6,99,8.28,8.0,4,0,0,48,0.0,0.0,142,Mumbai Indians
2,Chennai Super Kings,Mumbai Indians,8.8,9,63,7.23,11.2,1,143,80,67,7.14,0.9876,110,Mumbai Indians
1,Royal Challengers Bangalore,Sunrisers Hyderabad,19.2,1,108,5.67,0.8,9,0,0,4,0.0,0.0,112,Sunrisers Hyderabad
2,Sunrisers Hyderabad,Royal Challengers Bangalore,14.4,4,112,9.46,5.6,6,113,1,33,0.18,0.019,151,Sunrisers Hyderabad
1,Mumbai Indians,Royal Challengers Bangalore,16.8,3,161,9.59,3.2,7,0,0,19,0.0,0.0,185,Mumbai Indians
2,Royal Challengers Bangalore,Mumbai Indians,6.5,7,39,6.02,13.5,3,186,147,81,10.89,1.809,101,Mumbai Indians
1,Rajasthan Royals,Royal Challengers Bangalore,18.1,4,152,8.42,1.9,6,0,0,11,0.0,0.0,165,Rajasthan Royals
2,Royal Challengers Bangalore,Rajasthan Royals,8.3,0,44,5.37,11.7,10,166,122,70,10.43,1.9423,107,Rajasthan Royals
1,Rajasthan Royals,Chennai Super Kings,5.6,8,48,8.6,14.4,2,0,0,86,0.0,0.0,122,Chennai Super Kings
2,Chennai Super Kings,Rajasthan Royals,5.5,3,50,9.24,14.5,7,123,73,87,5.03,0.5444,163,Chennai Super Kings
1,Chennai Super Kings,Mumbai Indians,16.4,2,102,6.22,3.6,8,0,0,21,0.0,0.0,124,Chennai Super Kings
2,Mumbai Indians,Chennai Super Kings,8.8,5,41,4.68,11.2,5,125,84,67,7.5,1.6026,83,Chennai Super Kings
1,Delhi Capitals,Kolkata Knight Riders,5.2,3,43,8.41,14.8,7,0,0,88,0.0,0.0,154,Delhi Capitals
2,Kolkata Knight Riders,Delhi Capitals,5.6,1,40,7.18,14.4,9,155,115,86,7.99,1.1128,128,Delhi Capitals
1,Kolkata Knight Riders,Sunrisers Hyderabad,16.8,1,103,6.19,3.2,9,0,0,19,0.0,0.0,120,Sunrisers Hyderabad
2,Sunrisers Hyderabad,Kolkata Knight Riders,10.4,9,78,7.53,9.6,1,121,43,57,4.48,0.595,130,Sunrisers Hyderabad
1,Mumbai Indians,Chennai Super Kings,5.2,4,34,6.54,14.8,6,0,0,88,0.0,0.0,124,Chennai Super Kings
2,Chennai Super Kings,Mumbai Indians,18.3,1,124,8.78,1.7,9,125,1,10,0.59,0.0672,137,Chennai Super Kings
1,Mumbai Indians,Chennai Super Kings,12.9,8,120,9.35,7.1,2,0,0,42,0.0,0.0,169,Mumbai Indians
2,Chennai Super Kings,Mumbai Indians,8.1,2,44,5.47,11.9,8,170,126,71,10.59,1.936,101,Mumbai Indians
1,Chennai Super Kings,Kolkata Knight Riders,6.5,6,54,8.32,13.5,4,0,0,81,0.0,0.0,146,Chennai Super Kings
2,Kolkata Knight Riders,Chennai Super Kings,7.3,9,55,7.54,12.7,1,147,92,76,7.24,0.9602,122,Chennai Super Kings
1,Sunrisers Hyderabad,Chennai Super Kings,17.8,1,122,6.9,2.2,9,0,0,13,0.0,0.0,137,Sunrisers Hyderabad
2,Chennai Super Kings,Sunrisers Hyderabad,7.7,8,49,6.41,12.3,2,138,89,73,7.24,1.1295,103,Sunrisers Hyderabad
1,Mumbai Indians,Royal Challengers Bangalore,15.8,8,140,8.9,4.2,2,0,0,25,0.0,0.0,163,Mumbai Indians
2,Royal Challengers Bangalore,Mumbai Indians,9.4,7,64,6.84,10.6,3,164,100,63,9.43,1.3787,110,Mumbai Indians
1,Royal Challengers Bangalore,Mumbai Indians,7.0,5,45,6.51,13.0,5,0,0,78,0.0,0.0,119,Mumbai Indians
2,Mumbai Indians,Royal Challengers Bangalore,6.3,6,62,9.9,13.7,4,120,58,82,4.23,0.4273,165,Mumbai Indians
1,Mumbai Indians,Punjab Kings,14.8,1,119,8.09,5.2,9,0,0,31,0.0,0.0,162,Mumbai Indians
2,Punjab Kings,Mumbai Indians,15.8,9,130,8.28,4.2,1,163,33,25,7.86,0.9493,154,Mumbai Indians
1,Rajasthan Royals,Mumbai Indians,11.3,1,84,7.47,8.7,9,0,0,52,0.0,0.0,143,Mumbai Indians
2,Mumbai Indians,Rajasthan Royals,7.5,5,63,8.48,12.5,5,144,81,75,6.48,0.7642,155,Mumbai Indians
1,Chennai Super Kings,Mumbai Indians,18.8,4,103,5.52,1.2,6,0,0,7,0.0,0.0,108,Chennai Super Kings
2,Mumbai Indians,Chennai Super Kings,5.4,5,30,5.69,14.6,5,109,79,87,5.41,0.9508,97,Chennai Super Kings
1,Mumbai Indians,Kolkata Knight Riders,8.3,4,77,9.38,11.7,6,0,0,70,0.0,0.0,168,Mumbai Indians
2,Kolkata Knight Riders,Mumbai Indians,12.0,5,96,8.03,8.0,5,169,73,48,9.12,1.1357,140,Mumbai Indians
1,Rajasthan Royals,Punjab Kings,16.1,5,95,5.94,3.9,5,0,0,23,0.0,0.0,116,Rajasthan Royals
2,Punjab Kings,Rajasthan Royals,11.8,4,54,4.63,8.2,6,117,63,49,7.68,1.6587,82,Rajasthan Royals
1,Mumbai Indians,Sunrisers Hyderabad,19.1,5,131,6.9,0.9,5,0,0,5,0.0,0.0,135,Sunrisers Hyderabad
2,Sunrisers Hyderabad,Mumbai Indians,17.4,3,135,8.57,2.6,7,136,1,15,0.38,0.0443,155,Sunrisers Hyderabad
1,Punjab Kings,Rajasthan Royals,18.0,1,156,8.72,2.0,9,0,0,12,0.0,0.0,175,Punjab Kings
2,Rajasthan Royals,Punjab Kings,10.7,9,69,6.47,9.3,1,176,107,55,11.51,1.779,105,Punjab Kings
1,Kolkata Knight Riders,Royal Challengers Bangalore,15.5,4,123,7.99,4.5,6,0,0,27,0.0,0.0,154,Kolkata Knight Riders
2,Royal Challengers Bangalore,Kolkata Knight Riders,10.1,8,42,4.16,9.9,2,155,113,59,11.41,2.7428,72,Kolkata Knight Riders
1,Punjab Kings,Royal Challengers Bangalore,17.5,9,126,7.2,2.5,1,0,0,15,0.0,0.0,138,Royal Challengers Bangalore
2,Royal Challengers Bangalore,Punjab Kings,8.3,1,68,8.22,11.7,9,139,71,70,6.07,0.7384,151,Royal Challengers Bangalore
1,Sunrisers Hyderabad,Royal Challengers Bangalore,11.0,6,82,7.51,9.0,4,0,0,54,0.0,0.0,138,Royal Challengers Bangalore
2,Royal Challengers Bangalore,Sunrisers Hyderabad,11.7,2,108,9.26,8.3,8,139,31,49,3.73,0.4028,172,Royal Challengers Bangalore
1,Mumbai Indians,Rajasthan Royals,12.5,7,62,5.0,7.5,3,0,0,45,0.0,0.0,87,Rajasthan Royals
2,Rajasthan Royals,Mumbai Indians,18.7,7,87,10.21,1.3,3,88,1,7,0.77,0.0754,97,Rajasthan Royals
1,Delhi Capitals,Punjab Kings,12.2,5,74,6.1,7.8,5,0,0,46,0.0,0.0,107,Delhi Capitals
2,Punjab Kings,Delhi Capitals,11.4,7,56,4.97,8.6,3,108,52,51,6.05,1.2173,83,Delhi Capitals
1,Royal Challengers Bangalore,Chennai Super Kings,16.6,7,130,7.87,3.4,3,0,0,20,0.0,0.0,147,Chennai Super Kings
2,Chennai Super Kings,Royal Challengers Bangalore,13.9,2,133,9.59,6.1,8,148,15,36,2.46,0.2565,181,Chennai Super Kings
1,Punjab Kings,Chennai Super Kings,14.5,4,101,7.0,5.5,6,0,0,33,0.0,0.0,137,Chennai Super Kings
2,Chennai Super Kings,Punjab Kings,16.7,6,137,10.14,3.3,4,138,1,19,0.3,0.0296,162,Chennai Super Kings
1,Mumbai Indians,Royal Challengers Bangalore,11.2,6,58,5.25,8.8,4,0,0,52,0.0,0.0,88,Mumbai Indians
2,Royal Challengers Bangalore,Mumbai Indians,16.9,9,75,4.48,3.1,1,89,14,18,4.52,1.0089,85,Mumbai Indians
1,Rajasthan Royals,Royal Challengers Bangalore,6.6,8,45,6.85,13.4,2,0,0,80,0.0,0.0,105,Royal Challengers Bangalore
2,Royal Challengers Bangalore,Rajasthan Royals,12.2,2,105,10.43,7.8,8,106,1,46,0.13,0.0125,180,Royal Challengers Bangalore
1,Rajasthan Royals,Royal Challengers Bangalore,11.1,1,84,7.6,8.9,9,0,0,53,0.0,0.0,152,Royal Challengers Bangalore
2,Royal Challengers Bangalore,Rajasthan Royals,14.0,5,122,8.73,6.0,5,153,31,36,5.17,0.5922,168,Royal Challengers Bangalore
1,Delhi Capitals,Chennai Super Kings,6.5,2,55,8.57,13.5,8,0,0,81,0.0,0.0,172,Chennai Super Kings
2,Chennai Super Kings,Delhi Capitals,9.0,2,81,9.08,11.0,8,173,92,66,8.36,0.9207,173,Chennai Super Kings
1,Chennai Super Kings,Punjab Kings,14.5,3,140,9.71,5.5,7,0,0,33,0.0,0.0,189,Punjab Kings
2,Punjab Kings,Chennai Super Kings,8.8,0,91,10.45,11.2,10,190,99,67,8.84,0.8459,190,Punjab Kings
1,Sunrisers Hyderabad,Delhi Capitals,11.0,3,56,5.11,9.0,7,0,0,54,0.0,0.0,102,Sunrisers Hyderabad
2,Delhi Capitals,Sunrisers Hyderabad,6.8,8,39,5.77,13.2,2,103,64,79,4.85,0.8406,97,Sunrisers Hyderabad
1,Punjab Kings,Sunrisers Hyderabad,14.0,8,82,5.9,6.0,2,0,0,36,0.0,0.0,109,Punjab Kings
2,Sunrisers Hyderabad,Punjab Kings,6.6,5,35,5.36,13.4,5,110,75,80,5.6,1.0448,85,Punjab Kings
1,Royal Challengers Bangalore,Chennai Super Kings,13.7,2,90,6.59,6.3,8,0,0,37,0.0,0.0,123,Chennai Super Kings
2,Chennai Super Kings,Royal Challengers Bangalore,17.7,1,123,9.35,2.3,9,124,1,13,0.43,0.046,144,Chennai Super Kings
1,Rajasthan Royals,Royal Challengers Bangalore,13.5,1,106,7.88,6.5,9,0,0,39,0.0,0.0,151,Rajasthan Royals
2,Royal Challengers Bangalore,Rajasthan Royals,12.1,4,64,5.32,7.9,6,152,88,47,11.14,2.094,104,Rajasthan Royals
1,Sunrisers Hyderabad,Delhi Capitals,12.5,7,83,6.69,7.5,3,0,0,45,0.0,0.0,120,Delhi Capitals
2,Delhi Capitals,Sunrisers Hyderabad,17.9,5,120,7.94,2.1,5,121,1,12,0.48,0.0605,134,Delhi Capitals
1,Chennai Super Kings,Sunrisers Hyderabad,6.9,3,53,7.71,13.1,7,0,0,78,0.0,0.0,154,Sunrisers Hyderabad
2,Sunrisers Hyderabad,Chennai Super Kings,13.7,6,138,10.13,6.3,4,155,17,37,2.7,0.2665,183,Sunrisers Hyderabad
1,Kolkata Knight Riders,Royal Challengers Bangalore,11.9,9,105,8.9,8.1,1,0,0,48,0.0,0.0,150,Kolkata Knight Riders
2,Royal Challengers Bangalore,Kolkata Knight Riders,11.9,2,64,5.46,8.1,8,151,87,48,10.74,1.967,106,Kolkata Knight Riders
1,Royal Challengers Bangalore,Sunrisers Hyderabad,5.1,7,24,4.75,14.9,3,0,0,89,0.0,0.0,80,Sunrisers Hyderabad
2,Sunrisers Hyderabad,Royal Challengers Bangalore,13.3,9,72,5.46,6.7,1,81,9,40,1.34,0.2454,98,Sunrisers Hyderabad
1,Chennai Super Kings,Royal Challengers Bangalore,17.8,6,173,9.72,2.2,4,0,0,13,0.0,0.0,192,Chennai Super Kings
2,Royal Challengers Bangalore,Chennai Super Kings,6.9,0,50,7.32,13.1,10,193,143,78,10.92,1.4918,153,Chennai Super Kings
1,Royal Challengers Bangalore,Chennai Super Kings,9.3,9,84,9.05,10.7,1,0,0,64,0.0,0.0,141,Chennai Super Kings
2,Chennai Super Kings,Royal Challengers Bangalore,5.9,3,51,8.8,14.1,7,142,91,84,6.45,0.733,148,Chennai Super Kings
1,Delhi Capitals,Punjab Kings,11.1,3,101,9.14,8.9,7,0,0,53,0.0,0.0,178,Delhi Capitals
2,Punjab Kings,Delhi Capitals,11.0,8,84,7.65,9.0,2,179,95,54,10.56,1.3804,136,Delhi Capitals
1,Kolkata Knight Riders,Mumbai Indians,13.9,2,123,8.9,6.1,8,0,0,36,0.0,0.0,168,Kolkata Knight Riders
2,Mumbai Indians,Kolkata Knight Riders,5.2,2,37,7.23,14.8,8,169,132,88,8.92,1.2337,123,Kolkata Knight Riders
1,Kolkata Knight Riders,Royal Challengers Bangalore,10.0,6,88,8.81,10.0,4,0,0,60,0.0,0.0,162,Kolkata Knight Riders
2,Royal Challengers Bangalore,Kolkata Knight Riders,10.9,6,80,7.34,9.1,4,163,83,54,9.12,1.2425,136,Kolkata Knight Riders
1,Delhi Capitals,Mumbai Indians,17.4,8,120,6.93,2.6,2,0,0,15,0.0,0.0,132,Delhi Capitals
2,Mumbai Indians,Delhi Capitals,13.7,3,88,6.47,6.3,7,133,45,37,7.14,1.1036,124,Delhi Capitals
1,Punjab Kings,Royal Challengers Bangalore,18.7,2,108,5.78,1.3,8,0,0,7,0.0,0.0,115,Royal Challengers Bangalore
2,Royal Challengers Bangalore,Punjab Kings,6.0,0,36,6.03,14.0,10,116,80,84,5.71,0.9469,129,Royal Challengers Bangalore
1,Delhi Capitals,Royal Challengers Bangalore,15.0,1,117,7.81,5.0,9,0,0,30,0.0,0.0,160,Royal Challengers Bangalore
2,Royal Challengers Bangalore,Delhi Capitals,10.6,5,103,9.81,9.4,5,161,58,56,6.17,0.629,175,Royal Challengers Bangalore
1,Sunrisers Hyderabad,Kolkata Knight Riders,9.2,4,80,8.78,10.8,6,0,0,64,0.0,0.0,159,Kolkata Knight Riders
2,Kolkata Knight Riders,Sunrisers Hyderabad,11.4,1,107,9.4,8.6,9,160,53,51,6.16,0.6553,196,Kolkata Knight Riders
1,Sunrisers Hyderabad,Chennai Super Kings,9.9,3,107,10.83,10.1,7,0,0,60,0.0,0.0,194,Sunrisers Hyderabad
2,Chennai Super Kings,Sunrisers Hyderabad,8.6,6,54,6.38,11.4,4,195,141,68,12.37,1.9389,106,Sunrisers Hyderabad
1,Rajasthan Royals,Sunrisers Hyderabad,14.8,4,137,9.26,5.2,6,0,0,31,0.0,0.0,178,Rajasthan Royals
2,Sunrisers Hyderabad,Rajasthan Royals,7.0,2,41,5.89,13.0,8,179,138,78,10.62,1.8031,118,Rajasthan Royals
1,Rajasthan Royals,Punjab Kings,9.7,7,74,7.63,10.3,3,0,0,61,0.0,0.0,123,Punjab Kings
2,Punjab Kings,Rajasthan Royals,11.9,3,115,9.7,8.1,7,124,9,48,1.11,0.1144,177,Punjab Kings
1,Kolkata Knight Riders,Sunrisers Hyderabad,17.6,4,150,8.55,2.4,6,0,0,14,0.0,0.0,168,Kolkata Knight Riders
2,Sunrisers Hyderabad,Kolkata Knight Riders,11.8,9,113,9.61,8.2,1,169,56,49,6.83,0.7107,158,Kolkata Knight Riders
1,Punjab Kings,Mumbai Indians,9.4,3,63,6.76,10.6,7,0,0,63,0.0,0.0,124,Punjab Kings
2,Mumbai Indians,Punjab Kings,12.4,8,74,6.0,7.6,2,125,51,45,6.71,1.1183,107,Punjab Kings
1,Punjab Kings,Mumbai Indians,16.1,3,148,9.22,3.9,7,0,0,23,0.0,0.0,175,Mumbai Indians
2,Mumbai Indians,Punjab Kings,5.0,0,50,10.08,15.0,10,176,126,90,8.4,0.8333,219,Mumbai Indians
1,Chennai Super Kings,Kolkata Knight Riders,19.1,6,104,5.46,0.9,4,0,0,5,0.0,0.0,108,Kolkata Knight Riders
2,Kolkata Knight Riders,Chennai Super Kings,15.0,9,108,7.64,5.0,1,109,1,30,0.2,0.0262,134,Kolkata Knight Riders
1,Delhi Capitals,Rajasthan Royals,16.5,2,173,10.54,3.5,8,0,0,21,0.0,0.0,205,Delhi Capitals
2,Rajasthan Royals,Delhi Capitals,5.2,0,37,7.2,14.8,10,206,169,88,11.42,1.5861,148,Delhi Capitals
1,Chennai Super Kings,Royal Challengers Bangalore,17.8,2,148,8.32,2.2,8,0,0,13,0.0,0.0,163,Chennai Super Kings
2,Royal Challengers Bangalore,Chennai Super Kings,10.9,5,65,5.97,9.1,5,164,99,54,10.88,1.8224,109,Chennai Super Kings
1,Royal Challengers Bangalore,Mumbai Indians,18.8,5,120,6.4,1.2,5,0,0,7,0.0,0.0,127,Royal Challengers Bangalore
2,Mumbai Indians,Royal Challengers Bangalore,15.3,1,77,5.07,4.7,9,128,51,28,10.85,2.14,99,Royal Challengers Bangalore
1,Mumbai Indians,Delhi Capitals,9.2,7,60,6.6,10.8,3,0,0,64,0.0,0.0,111,Mumbai Indians
2,Delhi Capitals,Mumbai Indians,8.3,8,46,5.55,11.7,2,112,66,70,5.64,1.0162,84,Mumbai Indians
1,Rajasthan Royals,Kolkata Knight Riders,17.9,6,170,9.5,2.1,4,0,0,12,0.0,0.0,185,Rajasthan Royals
2,Kolkata Knight Riders,Rajasthan Royals,14.2,1,89,6.28,5.8,9,186,97,34,16.72,2.6624,126,Rajasthan Royals
1,Chennai Super Kings,Sunrisers Hyderabad,15.4,6,81,5.28,4.6,4,0,0,27,0.0,0.0,99,Sunrisers Hyderabad
2,Sunrisers Hyderabad,Chennai Super Kings,6.5,0,54,8.35,13.5,10,100,46,81,3.41,0.4084,151,Sunrisers Hyderabad
1,Delhi Capitals,Kolkata Knight Riders,5.1,4,49,9.67,14.9,6,0,0,89,0.0,0.0,172,Kolkata Knight Riders
2,Kolkata Knight Riders,Delhi Capitals,17.6,3,165,9.42,2.4,7,173,8,14,3.33,0.3535,187,Kolkata Knight Riders
1,Chennai Super Kings,Punjab Kings,15.0,9,104,6.99,5.0,1,0,0,30,0.0,0.0,125,Punjab Kings
2,Punjab Kings,Chennai Super Kings,17.7,4,125,10.44,2.3,6,126,1,13,0.43,0.0412,147,Punjab Kings
1,Chennai Super Kings,Sunrisers Hyderabad,14.3,9,60,4.22,5.7,1,0,0,34,0.0,0.0,77,Sunrisers Hyderabad
2,Sunrisers Hyderabad,Chennai Super Kings,11.9,1,77,8.68,8.1,9,78,1,48,0.12,0.0138,150,Sunrisers Hyderabad
1,Sunrisers Hyderabad,Royal Challengers Bangalore,11.0,1,69,6.33,9.0,9,0,0,54,0.0,0.0,130,Royal Challengers Bangalore
2,Royal Challengers Bangalore,Sunrisers Hyderabad,8.1,6,69,8.56,11.9,4,131,62,71,5.21,0.6086,142,Royal Challengers Bangalore
1,Mumbai Indians,Rajasthan Royals,5.8,7,39,6.76,14.2,3,0,0,85,0.0,0.0,99,Rajasthan Royals
2,Rajasthan Royals,Mumbai Indians,14.7,0,84,5.72,5.3,10,100,16,31,3.02,0.528,114,Rajasthan Royals
1,Punjab Kings,Royal Challengers Bangalore,18.2,1,98,5.41,1.8,9,0,0,10,0.0,0.0,107,Royal Challengers Bangalore
2,Royal Challengers Bangalore,Punjab Kings,10.9,0,107,10.14,9.1,10,108,1,54,0.11,0.0108,193,Royal Challengers Bangalore
1,Rajasthan Royals,Sunrisers Hyderabad,16.1,6,139,8.69,3.9,4,0,0,23,0.0,0.0,168,Rajasthan Royals
2,Sunrisers Hyderabad,Rajasthan Royals,6.8,4,36,5.44,13.2,6,169,133,79,10.08,1.8529,94,Rajasthan Royals
1,Sunrisers Hyderabad,Royal Challengers Bangalore,12.5,3,111,8.88,7.5,7,0,0,45,0.0,0.0,172,Royal Challengers Bangalore
2,Royal Challengers Bangalore,Sunrisers Hyderabad,13.0,3,133,10.27,7.0,7,173,40,42,5.71,0.556,187,Royal Challengers Bangalore
1,Rajasthan Royals,Kolkata Knight Riders,18.0,8,162,9.04,2.0,2,0,0,12,0.0,0.0,173,Kolkata Knight Riders
2,Kolkata Knight Riders,Rajasthan Royals,14.7,3,163,11.11,5.3,7,174,11,31,2.08,0.1872,222,Kolkata Knight Riders
1,Sunrisers Hyderabad,Mumbai Indians,8.0,9,44,5.5,12.0,1,0,0,72,0.0,0.0,90,Mumbai Indians
2,Mumbai Indians,Sunrisers Hyderabad,13.4,4,90,7.39,6.6,6,91,1,39,0.15,0.0203,136,Mumbai Indians
1,Chennai Super Kings,Delhi Capitals,18.3,7,147,8.07,1.7,3,0,0,10,0.0,0.0,157,Chennai Super Kings
2,Delhi Capitals,Chennai Super Kings,15.0,1,74,4.95,5.0,9,158,84,30,16.8,3.3939,99,Chennai Super Kings
1,Sunrisers Hyderabad,Kolkata Knight Riders,8.5,9,65,7.76,11.5,1,0,0,69,0.0,0.0,127,Sunrisers Hyderabad
2,Kolkata Knight Riders,Sunrisers Hyderabad,11.7,9,57,4.89,8.3,1,128,71,49,8.55,1.7485,83,Sunrisers Hyderabad
1,Chennai Super Kings,Punjab Kings,14.8,0,155,10.54,5.2,10,0,0,31,0.0,0.0,206,Punjab Kings
2,Punjab Kings,Chennai Super Kings,18.9,3,197,10.46,1.1,7,207,10,6,9.09,0.869,209,Punjab Kings
1,Rajasthan Royals,Delhi Capitals,11.3,2,66,5.89,8.7,8,0,0,52,0.0,0.0,116,Delhi Capitals
2,Delhi Capitals,Rajasthan Royals,10.7,1,116,11.08,9.3,9,117,1,55,0.11,0.0099,212,Delhi Capitals
1,Punjab Kings,Delhi Capitals,7.4,7,63,8.57,12.6,3,0,0,75,0.0,0.0,149,Delhi Capitals
2,Delhi Capitals,Punjab Kings,16.4,9,148,9.06,3.6,1,150,2,21,0.56,0.0618,166,Delhi Capitals
1,Sunrisers Hyderabad,Delhi Capitals,5.4,2,52,9.73,14.6,8,0,0,87,0.0,0.0,183,Sunrisers Hyderabad
2,Delhi Capitals,Sunrisers Hyderabad,12.0,2,87,7.3,8.0,8,184,97,48,12.12,1.6603,145,Sunrisers Hyderabad
1,Delhi Capitals,Rajasthan Royals,16.4,3,106,6.52,3.6,7,0,0,21,0.0,0.0,129,Rajasthan Royals
2,Rajasthan Royals,Delhi Capitals,18.1,9,129,9.91,1.9,1,130,1,11,0.53,0.0535,140,Rajasthan Royals
1,Rajasthan Royals,Punjab Kings,18.9,5,165,8.77,1.1,5,0,0,6,0.0,0.0,173,Rajasthan Royals
2,Punjab Kings,Rajasthan Royals,12.5,9,119,9.55,7.5,1,174,55,45,7.33,0.7675,160,Rajasthan Royals
1,Kolkata Knight Riders,Royal Challengers Bangalore,16.9,3,130,7.75,3.1,7,0,0,18,0.0,0.0,149,Kolkata Knight Riders
2,Royal Challengers Bangalore,Kolkata Knight Riders,9.8,6,39,4.08,10.2,4,150,111,61,10.88,2.6667,72,Kolkata Knight Riders
1,Rajasthan Royals,Delhi Capitals,6.4,7,33,5.17,13.6,3,0,0,81,0.0,0.0,81,Delhi Capitals
2,Delhi Capitals,Rajasthan Royals,17.0,1,81,10.36,3.0,9,82,1,18,0.33,0.0319,111,Delhi Capitals
1,Sunrisers Hyderabad,Mumbai Indians,16.1,8,119,7.44,3.9,2,0,0,23,0.0,0.0,140,Sunrisers Hyderabad
2,Mumbai Indians,Sunrisers Hyderabad,7.9,6,46,5.94,12.1,4,141,95,72,7.85,1.3215,97,Sunrisers Hyderabad
1,Sunrisers Hyderabad,Mumbai Indians,14.6,8,120,8.26,5.4,2,0,0,32,0.0,0.0,149,Sunrisers Hyderabad
2,Mumbai Indians,Sunrisers Hyderabad,15.3,2,86,5.65,4.7,8,150,64,28,13.62,2.4106,109,Sunrisers Hyderabad
1,Delhi Capitals,Mumbai Indians,12.9,7,103,7.99,7.1,3,0,0,42,0.0,0.0,146,Delhi Capitals
2,Mumbai Indians,Delhi Capitals,7.4,8,40,5.41,12.6,2,147,107,75,8.49,1.5693,88,Delhi Capitals
1,Chennai Super Kings,Punjab Kings,6.9,4,42,6.13,13.1,6,0,0,78,0.0,0.0,107,Punjab Kings
2,Punjab Kings,Chennai Super Kings,18.5,7,107,6.05,1.5,3,108,1,9,0.67,0.1107,113,Punjab Kings
1,Delhi Capitals,Chennai Super Kings,15.6,8,89,5.75,4.4,2,0,0,26,0.0,0.0,105,Delhi Capitals
2,Chennai Super Kings,Delhi Capitals,9.9,3,56,5.75,10.1,7,106,50,60,4.95,0.8609,101,Delhi Capitals
1,Sunrisers Hyderabad,Chennai Super Kings,7.4,3,52,7.04,12.6,7,0,0,75,0.0,0.0,124,Chennai Super Kings
2,Chennai Super Kings,Sunrisers Hyderabad,15.2,2,124,9.13,4.8,8,125,1,28,0.21,0.023,165,Chennai Super Kings
1,Kolkata Knight Riders,Chennai Super Kings,17.5,2,177,10.15,2.5,8,0,0,15,0.0,0.0,203,Kolkata Knight Riders
2,Chennai Super Kings,Kolkata Knight Riders,14.8,6,90,6.09,5.2,4,204,114,31,21.92,3.5993,116,Kolkata Knight Riders
1,Kolkata Knight Riders,Punjab Kings,14.1,3,120,8.53,5.9,7,0,0,35,0.0,0.0,161,Punjab Kings
2,Punjab Kings,Kolkata Knight Riders,9.4,0,97,10.42,10.6,10,162,65,63,6.13,0.5883,205,Punjab Kings
1,Punjab Kings,Sunrisers Hyderabad,11.3,2,98,8.7,8.7,8,0,0,52,0.0,0.0,174,Punjab Kings
2,Sunrisers Hyderabad,Punjab Kings,15.6,6,85,5.46,4.4,4,175,90,26,20.45,3.7454,103,Punjab Kings
1,Royal Challengers Bangalore,Mumbai Indians,11.3,8,53,4.72,8.7,2,0,0,52,0.0,0.0,78,Mumbai Indians
2,Mumbai Indians,Royal Challengers Bangalore,12.9,8,78,8.45,7.1,2,79,1,42,0.14,0.0166,121,Mumbai Indians
1,Chennai Super Kings,Delhi Capitals,13.8,1,103,7.52,6.2,9,0,0,37,0.0,0.0,150,Chennai Super Kings
2,Delhi Capitals,Chennai Super Kings,19.0,6,84,4.44,1.0,4,151,67,6,67.0,15.0901,87,Chennai Super Kings
1,Delhi Capitals,Sunrisers Hyderabad,6.3,1,43,6.96,13.7,9,0,0,82,0.0,0.0,140,Delhi Capitals
2,Sunrisers Hyderabad,Delhi Capitals,13.8,8,94,6.85,6.2,2,141,47,37,7.58,1.1066,121,Delhi Capitals
1,Rajasthan Royals,Sunrisers Hyderabad,7.2,5,65,9.16,12.8,5,0,0,76,0.0,0.0,146,Sunrisers Hyderabad
2,Sunrisers Hyderabad,Rajasthan Royals,14.1,3,146,10.69,5.9,7,147,1,35,0.17,0.0159,202,Sunrisers Hyderabad
1,Punjab Kings,Rajasthan Royals,7.7,5,73,9.53,12.3,5,0,0,73,0.0,0.0,174,Punjab Kings
2,Rajasthan Royals,Punjab Kings,18.3,3,131,7.2,1.7,7,175,44,10,25.88,3.5944,142,Punjab Kings
1,Punjab Kings,Rajasthan Royals,8.5,3,55,6.48,11.5,7,0,0,69,0.0,0.0,112,Rajasthan Royals
2,Rajasthan Royals,Punjab Kings,18.2,0,112,6.44,1.8,10,113,1,10,0.56,0.087,123,Rajasthan Royals
1,Mumbai Indians,Kolkata Knight Riders,13.8,1,103,7.47,6.2,9,0,0,37,0.0,0.0,146,Mumbai Indians
2,Kolkata Knight Riders,Mumbai Indians,12.2,7,64,5.26,7.8,3,147,83,46,10.64,2.0228,95,Mumbai Indians
1,Delhi Capitals,Punjab Kings,18.4,5,168,9.15,1.6,5,0,0,9,0.0,0.0,181,Punjab Kings
2,Punjab Kings,Delhi Capitals,17.5,1,166,9.49,2.5,9,182,16,15,6.4,0.6744,188,Punjab Kings
1,Mumbai Indians,Punjab Kings,12.2,1,103,8.46,7.8,9,0,0,46,0.0,0.0,165,Mumbai Indians
2,Punjab Kings,Mumbai Indians,5.3,3,44,8.44,14.7,7,166,122,88,8.3,0.9834,150,Mumbai Indians
1,Chennai Super Kings,Delhi Capitals,15.3,5,121,7.97,4.7,5,0,0,28,0.0,0.0,148,Chennai Super Kings
2,Delhi Capitals,Chennai Super Kings,6.0,9,56,9.43,14.0,1,149,93,84,6.64,0.7041,147,Chennai Super Kings
1,Chennai Super Kings,Rajasthan Royals,9.5,7,72,7.68,10.5,3,0,0,63,0.0,0.0,123,Chennai Super Kings
2,Rajasthan Royals,Chennai Super Kings,17.7,6,94,5.32,2.3,4,124,30,13,13.04,2.4511,104,Chennai Super Kings
1,Sunrisers Hyderabad,Royal Challengers Bangalore,18.6,0,129,6.95,1.4,10,0,0,8,0.0,0.0,139,Royal Challengers Bangalore
2,Royal Challengers Bangalore,Sunrisers Hyderabad,16.5,6,139,9.62,3.5,4,140,1,21,0.29,0.0301,167,Royal Challengers Bangalore
1,Chennai Super Kings,Kolkata Knight Riders,11.0,3,69,6.32,9.0,7,0,0,54,0.0,0.0,114,Kolkata Knight Riders
2,Kolkata Knight Riders,Chennai Super Kings,6.2,0,49,8.01,13.8,10,115,66,82,4.78,0.5968,167,Kolkata Knight Riders
1,Mumbai Indians,Delhi Capitals,6.7,9,47,7.05,13.3,1,0,0,79,0.0,0.0,102,Delhi Capitals
2,Delhi Capitals,Mumbai Indians,18.9,7,102,9.91,1.1,3,103,1,6,0.91,0.0918,110,Delhi Capitals
1,Sunrisers Hyderabad,Kolkata Knight Riders,15.2,0,101,6.68,4.8,10,0,0,28,0.0,0.0,134,Kolkata Knight Riders
2,Kolkata Knight Riders,Sunrisers Hyderabad,5.3,0,39,7.39,14.7,10,135,96,88,6.53,0.8836,162,Kolkata Knight Riders
1,Royal Challengers Bangalore,Kolkata Knight Riders,14.8,9,101,6.87,5.2,1,0,0,31,0.0,0.0,126,Kolkata Knight Riders
2,Kolkata Knight Riders,Royal Challengers Bangalore,6.0,2,48,8.11,14.0,8,127,79,84,5.64,0.6954,156,Kolkata Knight Riders
1,Royal Challengers Bangalore,Rajasthan Royals,15.9,8,140,8.81,4.1,2,0,0,24,0.0,0.0,163,Rajasthan Royals
2,Rajasthan Royals,Royal Challengers Bangalore,12.7,2,121,9.6,7.3,8,164,43,43,5.89,0.6135,184,Rajasthan Royals
1,Rajasthan Royals,Mumbai Indians,16.7,2,104,6.26,3.3,8,0,0,19,0.0,0.0,124,Mumbai Indians
2,Mumbai Indians,Rajasthan Royals,17.3,3,124,8.5,2.7,7,125,1,16,0.37,0.0435,142,Mumbai Indians
1,Punjab Kings,Royal Challengers Bangalore,5.6,2,33,5.98,14.4,8,0,0,86,0.0,0.0,102,Punjab Kings
2,Royal Challengers Bangalore,Punjab Kings,10.4,3,46,4.47,9.6,7,103,57,57,5.94,1.3289,82,Punjab Kings
1,Mumbai Indians,Delhi Capitals,12.0,1,108,9.02,8.0,9,0,0,48,0.0,0.0,183,Mumbai Indians
2,Delhi Capitals,Mumbai Indians,13.5,4,103,7.67,6.5,6,184,81,39,12.46,1.6245,143,Mumbai Indians
1,Sunrisers Hyderabad,Rajasthan Royals,14.0,6,108,7.75,6.0,4,0,0,36,0.0,0.0,140,Sunrisers Hyderabad
2,Rajasthan Royals,Sunrisers Hyderabad,8.7,2,59,6.88,11.3,8,141,82,67,7.26,1.0552,136,Sunrisers Hyderabad
1,Royal Challengers Bangalore,Mumbai Indians,15.4,5,99,6.45,4.6,5,0,0,27,0.0,0.0,123,Mumbai Indians
2,Mumbai Indians,Royal Challengers Bangalore,17.5,9,123,7.07,2.5,1,124,1,15,0.4,0.0566,133,Mumbai Indians
1,Punjab Kings,Delhi Capitals,11.5,0,75,6.53,8.5,10,0,0,51,0.0,0.0,138,Delhi Capitals
2,Delhi Capitals,Punjab Kings,14.2,0,119,8.44,5.8,10,139,20,34,3.45,0.4088,173,Delhi Capitals
1,Mumbai Indians,Sunrisers Hyderabad,5.9,4,54,9.31,14.1,6,0,0,84,0.0,0.0,154,Mumbai Indians
2,Sunrisers Hyderabad,Mumbai Indians,6.3,4,58,9.23,13.7,6,155,97,82,7.08,0.7671,153,Mumbai Indians
1,Chennai Super Kings,Kolkata Knight Riders,13.1,7,115,8.84,6.9,3,0,0,41,0.0,0.0,155,Kolkata Knight Riders
2,Kolkata Knight Riders,Chennai Super Kings,12.5,6,133,10.68,7.5,4,156,23,45,3.07,0.2875,200,Kolkata Knight Riders
1,Rajasthan Royals,Sunrisers Hyderabad,17.0,9,88,5.18,3.0,1,0,0,18,0.0,0.0,97,Rajasthan Royals
2,Sunrisers Hyderabad,Rajasthan Royals,9.6,2,43,4.54,10.4,8,98,55,62,5.29,1.1652,85,Rajasthan Royals
1,Chennai Super Kings,Sunrisers Hyderabad,5.2,7,41,7.89,14.8,3,0,0,88,0.0,0.0,127,Sunrisers Hyderabad
2,Sunrisers Hyderabad,Chennai Super Kings,14.1,4,102,7.26,5.9,6,128,26,35,4.41,0.6074,137,Sunrisers Hyderabad
1,Mumbai Indians,Punjab Kings,7.0,8,41,5.9,13.0,2,0,0,78,0.0,0.0,100,Punjab Kings
2,Punjab Kings,Mumbai Indians,10.0,4,83,8.37,10.0,6,101,18,60,1.8,0.2151,153,Punjab Kings
1,Royal Challengers Bangalore,Punjab Kings,15.4,8,113,7.34,4.6,2,0,0,27,0.0,0.0,133,Royal Challengers Bangalore
2,Punjab Kings,Royal Challengers Bangalore,18.4,4,87,4.74,1.6,6,134,47,9,29.38,6.1983,94,Royal Challengers Bangalore
1,Kolkata Knight Riders,Sunrisers Hyderabad,14.2,3,96,6.81,5.8,7,0,0,34,0.0,0.0,135,Sunrisers Hyderabad
2,Sunrisers Hyderabad,Kolkata Knight Riders,5.9,1,60,10.23,14.1,9,136,76,84,5.39,0.5269,203,Sunrisers Hyderabad
1,Punjab Kings,Mumbai Indians,14.3,9,92,6.5,5.7,1,0,0,34,0.0,0.0,114,Mumbai Indians
2,Mumbai Indians,Punjab Kings,18.4,9,114,8.02,1.6,1,115,1,9,0.62,0.0773,121,Mumbai Indians
1,Mumbai Indians,Punjab Kings,18.3,3,176,9.64,1.7,7,0,0,10,0.0,0.0,189,Mumbai Indians
2,Punjab Kings,Mumbai Indians,17.5,7,97,5.58,2.5,3,190,93,15,37.2,6.6667,108,Mumbai Indians
1,Kolkata Knight Riders,Chennai Super Kings,15.0,6,116,7.77,5.0,4,0,0,30,0.0,0.0,145,Chennai Super Kings
2,Chennai Super Kings,Kolkata Knight Riders,10.7,0,105,9.86,9.3,10,146,41,55,4.41,0.4473,209,Chennai Super Kings
1,Mumbai Indians,Kolkata Knight Riders,7.4,3,42,5.79,12.6,7,0,0,75,0.0,0.0,116,Mumbai Indians
2,Kolkata Knight Riders,Mumbai Indians,7.4,7,44,6.04,12.6,3,117,73,75,5.79,0.9586,95,Mumbai Indians
1,Sunrisers Hyderabad,Mumbai Indians,10.3,3,86,8.4,9.7,7,0,0,58,0.0,0.0,154,Sunrisers Hyderabad
2,Mumbai Indians,Sunrisers Hyderabad,17.5,7,83,4.76,2.5,3,155,72,15,28.8,6.0504,92,Sunrisers Hyderabad
1,Mumbai Indians,Punjab Kings,12.3,7,95,7.75,7.7,3,0,0,46,0.0,0.0,133,Punjab Kings
2,Punjab Kings,Mumbai Indians,11.7,9,97,8.32,8.3,1,134,37,49,4.46,0.5361,135,Punjab Kings
1,Royal Challengers Bangalore,Kolkata Knight Riders,19.4,0,192,9.93,0.6,10,0,0,3,0.0,0.0,199,Royal Challengers Bangalore
2,Kolkata Knight Riders,Royal Challengers Bangalore,19.3,8,175,9.1,0.7,2,200,25,4,35.71,3.9242,179,Royal Challengers Bangalore
1,Kolkata Knight Riders,Rajasthan Royals,14.5,8,120,8.33,5.5,2,0,0,33,0.0,0.0,151,Kolkata Knight Riders
2,Rajasthan Royals,Kolkata Knight Riders,16.1,7,81,5.06,3.9,3,152,71,23,18.21,3.5988,97,Kolkata Knight Riders
1,Kolkata Knight Riders,Sunrisers Hyderabad,14.3,3,143,10.02,5.7,7,0,0,34,0.0,0.0,190,Kolkata Knight Riders
2,Sunrisers Hyderabad,Kolkata Knight Riders,6.9,7,36,5.32,13.1,3,191,155,78,11.83,2.2237,83,Kolkata Knight Riders
1,Mumbai Indians,Sunrisers Hyderabad,18.4,7,144,7.83,1.6,3,0,0,9,0.0,0.0,152,Sunrisers Hyderabad
2,Sunrisers Hyderabad,Mumbai Indians,18.6,0,152,9.21,1.4,10,153,1,8,0.71,0.0771,165,Sunrisers Hyderabad
1,Chennai Super Kings,Sunrisers Hyderabad,8.2,9,61,7.48,11.8,1,0,0,70,0.0,0.0,120,Sunrisers Hyderabad
2,Sunrisers Hyderabad,Chennai Super Kings,13.7,0,120,8.92,6.3,10,121,1,37,0.16,0.0179,180,Sunrisers Hyderabad
1,Chennai Super Kings,Sunrisers Hyderabad,9.3,7,84,9.07,10.7,3,0,0,64,0.0,0.0,162,Sunrisers Hyderabad
2,Sunrisers Hyderabad,Chennai Super Kings,11.8,0,111,9.42,8.2,10,163,52,49,6.34,0.673,193,Sunrisers Hyderabad
1,Kolkata Knight Riders,Delhi Capitals,19.5,1,141,7.25,0.5,9,0,0,3,0.0,0.0,144,Kolkata Knight Riders
2,Delhi Capitals,Kolkata Knight Riders,8.0,6,66,8.27,12.0,4,145,79,72,6.58,0.7956,135,Kolkata Knight Riders
1,Delhi Capitals,Punjab Kings,5.7,3,35,6.3,14.3,7,0,0,85,0.0,0.0,110,Punjab Kings
2,Punjab Kings,Delhi Capitals,11.8,8,93,7.9,8.2,2,111,18,49,2.2,0.2785,134,Punjab Kings
1,Punjab Kings,Delhi Capitals,5.8,6,30,5.19,14.2,4,0,0,85,0.0,0.0,89,Delhi Capitals
2,Delhi Capitals,Punjab Kings,13.2,6,89,10.07,6.8,4,90,1,40,0.15,0.0149,139,Delhi Capitals
1,Kolkata Knight Riders,Punjab Kings,8.4,7,40,4.84,11.6,3,0,0,69,0.0,0.0,86,Punjab Kings
2,Punjab Kings,Kolkata Knight Riders,8.8,0,79,9.0,11.2,10,87,8,67,0.71,0.0789,170,Punjab Kings
1,Mumbai Indians,Punjab Kings,18.2,3,186,10.22,1.8,7,0,0,10,0.0,0.0,205,Mumbai Indians
2,Punjab Kings,Mumbai Indians,9.5,2,57,6.06,10.5,8,206,149,63,14.19,2.3416,112,Mumbai Indians
1,Delhi Capitals,Royal Challengers Bangalore,19.3,7,119,6.19,0.7,3,0,0,4,0.0,0.0,123,Delhi Capitals
2,Royal Challengers Bangalore,Delhi Capitals,11.5,1,70,6.11,8.5,9,124,54,51,6.35,1.0393,112,Delhi Capitals
1,Royal Challengers Bangalore,Punjab Kings,18.1,4,107,5.93,1.9,6,0,0,11,0.0,0.0,116,Punjab Kings
2,Punjab Kings,Royal Challengers Bangalore,15.4,6,116,9.55,4.6,4,117,1,27,0.22,0.023,153,Punjab Kings
1,Royal Challengers Bangalore,Delhi Capitals,10.0,8,87,8.73,10.0,2,0,0,60,0.0,0.0,146,Royal Challengers Bangalore
2,Delhi Capitals,Royal Challengers Bangalore,6.7,9,39,5.84,13.3,1,147,108,79,8.12,1.3904,90,Royal Challengers Bangalore
1,Royal Challengers Bangalore,Kolkata Knight Riders,18.1,6,156,8.65,1.9,4,0,0,11,0.0,0.0,170,Royal Challengers Bangalore
2,Kolkata Knight Riders,Royal Challengers Bangalore,10.8,8,107,9.94,9.2,2,171,64,55,6.96,0.7002,161,Royal Challengers Bangalore
1,Rajasthan Royals,Punjab Kings,10.2,5,61,6.02,9.8,5,0,0,58,0.0,0.0,112,Rajasthan Royals
2,Punjab Kings,Rajasthan Royals,5.5,6,28,5.11,14.5,4,113,85,87,5.86,1.1468,85,Rajasthan Royals
1,Royal Challengers Bangalore,Mumbai Indians,5.5,9,35,6.45,14.5,1,0,0,87,0.0,0.0,87,Mumbai Indians
2,Mumbai Indians,Royal Challengers Bangalore,15.0,6,83,5.55,5.0,4,88,5,30,1.0,0.1802,107,Mumbai Indians
1,Royal Challengers Bangalore,Rajasthan Royals,15.8,5,109,6.9,4.2,5,0,0,25,0.0,0.0,134,Royal Challengers Bangalore
2,Rajasthan Royals,Royal Challengers Bangalore,9.8,9,43,4.44,10.2,1,135,92,61,9.02,2.0315,75,Royal Challengers Bangalore
1,Sunrisers Hyderabad,Mumbai Indians,7.0,5,59,8.5,13.0,5,0,0,78,0.0,0.0,140,Mumbai Indians
2,Mumbai Indians,Sunrisers Hyderabad,5.2,4,54,10.39,14.8,6,141,87,88,5.88,0.5659,190,Mumbai Indians
1,Punjab Kings,Royal Challengers Bangalore,14.5,1,155,10.75,5.5,9,0,0,33,0.0,0.0,204,Punjab Kings
2,Royal Challengers Bangalore,Punjab Kings,11.1,6,83,7.5,8.9,4,205,122,53,13.71,1.828,138,Punjab Kings
1,Delhi Capitals,Chennai Super Kings,13.0,9,113,8.72,7.0,1,0,0,42,0.0,0.0,151,Chennai Super Kings
2,Chennai Super Kings,Delhi Capitals,8.7,0,69,8.02,11.3,10,152,83,67,7.35,0.9165,166,Chennai Super Kings
1,Sunrisers Hyderabad,Mumbai Indians,9.2,7,46,5.08,10.8,3,0,0,64,0.0,0.0,90,Mumbai Indians
2,Mumbai Indians,Sunrisers Hyderabad,13.1,5,81,6.22,6.9,5,91,10,41,1.45,0.2331,120,Mumbai Indians
1,Punjab Kings,Rajasthan Royals,11.7,6,88,7.58,8.3,4,0,0,49,0.0,0.0,139,Rajasthan Royals
2,Rajasthan Royals,Punjab Kings,12.7,4,123,9.72,7.3,6,140,17,43,2.33,0.2397,181,Rajasthan Royals
1,Kolkata Knight Riders,Punjab Kings,12.8,9,72,5.68,7.2,1,0,0,43,0.0,0.0,98,Punjab Kings
2,Punjab Kings,Kolkata Knight Riders,11.3,7,82,7.33,8.7,3,99,17,52,1.95,0.266,125,Punjab Kings
1,Mumbai Indians,Punjab Kings,5.1,0,44,8.65,14.9,10,0,0,89,0.0,0.0,162,Punjab Kings
2,Punjab Kings,Mumbai Indians,17.4,7,152,8.77,2.6,3,163,11,15,4.23,0.4823,171,Punjab Kings
1,Punjab Kings,Mumbai Indians,19.5,6,127,6.55,0.5,4,0,0,3,0.0,0.0,129,Punjab Kings
2,Mumbai Indians,Punjab Kings,6.0,4,37,6.18,14.0,6,130,93,84,6.64,1.0744,111,Punjab Kings
1,Delhi Capitals,Punjab Kings,16.6,9,76,4.59,3.4,1,0,0,20,0.0,0.0,85,Punjab Kings
2,Punjab Kings,Delhi Capitals,14.6,3,85,6.59,5.4,7,86,1,32,0.19,0.0288,112,Punjab Kings
1,Kolkata Knight Riders,Sunrisers Hyderabad,7.0,1,68,9.83,13.0,9,0,0,78,0.0,0.0,174,Sunrisers Hyderabad
2,Sunrisers Hyderabad,Kolkata Knight Riders,13.3,1,133,10.0,6.7,9,175,42,40,6.27,0.627,202,Sunrisers Hyderabad
1,Chennai Super Kings,Sunrisers Hyderabad,5.6,3,53,9.49,14.4,7,0,0,86,0.0,0.0,181,Chennai Super Kings
2,Sunrisers Hyderabad,Chennai Super Kings,8.9,6,46,5.17,11.1,4,182,136,66,12.25,2.3694,90,Chennai Super Kings
1,Rajasthan Royals,Mumbai Indians,8.2,0,54,6.6,11.8,10,0,0,70,0.0,0.0,128,Rajasthan Royals
2,Mumbai Indians,Rajasthan Royals,17.6,6,92,5.28,2.4,4,129,37,14,15.42,2.9205,102,Rajasthan Royals
1,Chennai Super Kings,Royal Challengers Bangalore,12.0,3,76,6.35,8.0,7,0,0,48,0.0,0.0,124,Royal Challengers Bangalore
2,Royal Challengers Bangalore,Chennai Super Kings,7.2,3,65,9.14,12.8,7,125,60,76,4.69,0.5131,163,Royal Challengers Bangalore
1,Royal Challengers Bangalore,Mumbai Indians,9.9,1,58,5.95,10.1,9,0,0,60,0.0,0.0,122,Royal Challengers Bangalore
2,Mumbai Indians,Royal Challengers Bangalore,18.0,3,100,5.61,2.0,7,123,23,12,11.5,2.0499,109,Royal Challengers Bangalore
1,Royal Challengers Bangalore,Chennai Super Kings,17.0,1,97,5.75,3.0,9,0,0,18,0.0,0.0,111,Royal Challengers Bangalore
2,Chennai Super Kings,Royal Challengers Bangalore,5.5,1,31,5.68,14.5,9,112,81,87,5.59,0.9842,109,Royal Challengers Bangalore
1,Delhi Capitals,Mumbai Indians,14.6,8,101,6.97,5.4,2,0,0,32,0.0,0.0,126,Mumbai Indians
2,Mumbai Indians,Delhi Capitals,14.0,7,111,7.99,6.0,3,127,16,36,2.67,0.3342,149,Mumbai Indians
1,Chennai Super Kings,Punjab Kings,13.1,3,100,7.66,6.9,7,0,0,41,0.0,0.0,146,Punjab Kings
2,Punjab Kings,Chennai Super Kings,12.1,0,108,8.96,7.9,10,147,39,47,4.94,0.5513,185,Punjab Kings
1,Mumbai Indians,Rajasthan Royals,9.2,1,79,8.61,10.8,9,0,0,64,0.0,0.0,173,Rajasthan Royals
2,Rajasthan Royals,Mumbai Indians,13.6,1,132,9.74,6.4,9,174,42,38,6.56,0.6735,183,Rajasthan Royals
1,Royal Challengers Bangalore,Chennai Super Kings,15.0,7,99,6.65,5.0,3,0,0,30,0.0,0.0,121,Royal Challengers Bangalore
2,Chennai Super Kings,Royal Challengers Bangalore,14.4,5,79,5.53,5.6,5,122,43,33,7.68,1.3888,105,Royal Challengers Bangalore
1,Kolkata Knight Riders,Punjab Kings,9.8,9,43,4.43,10.2,1,0,0,61,0.0,0.0,68,Punjab Kings
2,Punjab Kings,Kolkata Knight Riders,14.2,0,68,8.94,5.8,10,69,1,34,0.17,0.019,123,Punjab Kings
1,Sunrisers Hyderabad,Delhi Capitals,16.7,4,132,7.91,3.3,6,0,0,19,0.0,0.0,151,Sunrisers Hyderabad
2,Delhi Capitals,Sunrisers Hyderabad,6.3,1,41,6.51,13.7,9,152,111,82,8.1,1.2442,134,Sunrisers Hyderabad
1,Delhi Capitals,Royal Challengers Bangalore,16.4,3,138,8.43,3.6,7,0,0,21,0.0,0.0,166,Delhi Capitals
2,Royal Challengers Bangalore,Delhi Capitals,13.4,6,55,4.14,6.6,4,167,112,39,16.97,4.099,74,Delhi Capitals
1,Mumbai Indians,Chennai Super Kings,11.4,5,94,8.3,8.6,5,0,0,51,0.0,0.0,148,Chennai Super Kings
2,Chennai Super Kings,Mumbai Indians,18.0,6,138,7.7,2.0,4,149,11,12,5.5,0.7143,151,Chennai Super Kings
1,Chennai Super Kings,Rajasthan Royals,13.0,5,74,5.76,7.0,5,0,0,42,0.0,0.0,105,Rajasthan Royals
2,Rajasthan Royals,Chennai Super Kings,14.7,4,101,6.92,5.3,6,106,5,31,0.94,0.1358,129,Rajasthan Royals
1,Chennai Super Kings,Punjab Kings,19.3,7,128,6.66,0.7,3,0,0,4,0.0,0.0,131,Punjab Kings
2,Punjab Kings,Chennai Super Kings,11.9,0,91,7.71,8.1,10,132,41,48,5.06,0.6563,157,Punjab Kings
1,Chennai Super Kings,Sunrisers Hyderabad,13.4,3,117,8.8,6.6,7,0,0,39,0.0,0.0,168,Chennai Super Kings
2,Sunrisers Hyderabad,Chennai Super Kings,15.6,8,91,5.86,4.4,2,169,78,26,17.73,3.0256,108,Chennai Super Kings
1,Mumbai Indians,Kolkata Knight Riders,6.6,9,40,6.19,13.4,1,0,0,80,0.0,0.0,96,Kolkata Knight Riders
2,Kolkata Knight Riders,Mumbai Indians,17.1,2,96,8.05,2.9,8,97,1,17,0.34,0.0422,118,Kolkata Knight Riders
1,Mumbai Indians,Delhi Capitals,12.6,2,106,8.46,7.4,8,0,0,44,0.0,0.0,166,Mumbai Indians
2,Delhi Capitals,Mumbai Indians,18.0,7,127,7.1,2.0,3,167,40,12,20.0,2.8169,136,Mumbai Indians
1,Rajasthan Royals,Chennai Super Kings,15.2,2,144,9.51,4.8,8,0,0,28,0.0,0.0,188,Rajasthan Royals
2,Chennai Super Kings,Rajasthan Royals,10.7,0,100,9.43,9.3,10,189,89,55,9.57,1.0148,183,Rajasthan Royals
1,Sunrisers Hyderabad,Punjab Kings,13.4,8,85,6.37,6.6,2,0,0,39,0.0,0.0,114,Sunrisers Hyderabad
2,Punjab Kings,Sunrisers Hyderabad,7.3,0,40,5.49,12.7,10,115,75,76,5.91,1.0765,102,Sunrisers Hyderabad
1,Rajasthan Royals,Punjab Kings,13.9,4,98,7.07,6.1,6,0,0,36,0.0,0.0,138,Rajasthan Royals
2,Punjab Kings,Rajasthan Royals,18.6,5,98,5.27,1.4,5,139,41,8,29.29,5.5579,103,Rajasthan Royals
1,Royal Challengers Bangalore,Rajasthan Royals,9.9,0,61,6.25,10.1,10,0,0,60,0.0,0.0,126,Rajasthan Royals
2,Rajasthan Royals,Royal Challengers Bangalore,15.1,3,120,7.98,4.9,7,127,7,29,1.43,0.1792,155,Rajasthan Royals
1,Punjab Kings,Chennai Super Kings,12.8,8,80,6.29,7.2,2,0,0,43,0.0,0.0,108,Chennai Super Kings
2,Chennai Super Kings,Punjab Kings,11.3,3,92,8.19,8.7,7,109,17,52,1.95,0.2381,155,Chennai Super Kings
1,Punjab Kings,Royal Challengers Bangalore,11.9,3,108,9.12,8.1,7,0,0,48,0.0,0.0,166,Punjab Kings
2,Royal Challengers Bangalore,Punjab Kings,17.7,6,109,6.2,2.3,4,167,58,13,25.22,4.0677,119,Punjab Kings
1,Mumbai Indians,Punjab Kings,18.6,8,169,9.13,1.4,2,0,0,8,0.0,0.0,178,Mumbai Indians
2,Punjab Kings,Mumbai Indians,10.0,5,47,4.77,10.0,5,179,132,60,13.2,2.7673,89,Mumbai Indians
1,Punjab Kings,Kolkata Knight Riders,5.3,5,29,5.48,14.7,5,0,0,88,0.0,0.0,98,Kolkata Knight Riders
2,Kolkata Knight Riders,Punjab Kings,18.1,9,98,6.16,1.9,1,99,1,11,0.53,0.086,105,Kolkata Knight Riders
1,Sunrisers Hyderabad,Royal Challengers Bangalore,17.0,5,121,7.14,3.0,5,0,0,18,0.0,0.0,137,Royal Challengers Bangalore
2,Royal Challengers Bangalore,Sunrisers Hyderabad,17.6,6,137,7.9,2.4,4,138,1,14,0.42,0.0532,150,Royal Challengers Bangalore
1,Kolkata Knight Riders,Royal Challengers Bangalore,17.0,4,142,8.38,3.0,6,0,0,18,0.0,0.0,164,Kolkata Knight Riders
2,Royal Challengers Bangalore,Kolkata Knight Riders,6.2,2,36,5.91,13.8,8,165,129,82,9.35,1.5821,104,Kolkata Knight Riders
1,Delhi Capitals,Mumbai Indians,18.8,2,133,7.11,1.2,8,0,0,7,0.0,0.0,141,Delhi Capitals
2,Mumbai Indians,Delhi Capitals,5.9,7,45,7.66,14.1,3,142,97,84,6.88,0.8982,124,Delhi Capitals
1,Chennai Super Kings,Royal Challengers Bangalore,6.4,5,57,9.03,13.6,5,0,0,81,0.0,0.0,154,Chennai Super Kings
2,Royal Challengers Bangalore,Chennai Super Kings,9.8,7,60,6.22,10.2,3,155,95,61,9.31,1.4968,100,Chennai Super Kings
1,Rajasthan Royals,Royal Challengers Bangalore,14.9,3,107,7.22,5.1,7,0,0,30,0.0,0.0,135,Rajasthan Royals
2,Royal Challengers Bangalore,Rajasthan Royals,5.1,8,19,3.74,14.9,2,136,117,89,7.85,2.0989,55,Rajasthan Royals
1,Royal Challengers Bangalore,Chennai Super Kings,7.6,1,42,5.6,12.4,9,0,0,74,0.0,0.0,118,Royal Challengers Bangalore
2,Chennai Super Kings,Royal Challengers Bangalore,6.7,4,35,5.25,13.3,6,119,84,79,6.32,1.2038,88,Royal Challengers Bangalore
1,Kolkata Knight Riders,Delhi Capitals,9.8,1,86,8.82,10.2,9,0,0,61,0.0,0.0,168,Delhi Capitals
2,Delhi Capitals,Kolkata Knight Riders,15.0,5,133,8.91,5.0,5,169,36,30,7.2,0.8081,169,Delhi Capitals
1,Punjab Kings,Kolkata Knight Riders,11.1,0,108,9.76,8.9,10,0,0,53,0.0,0.0,183,Punjab Kings
2,Kolkata Knight Riders,Punjab Kings,15.0,1,133,8.88,5.0,9,184,51,30,10.2,1.1486,175,Punjab Kings
1,Mumbai Indians,Royal Challengers Bangalore,14.2,2,100,7.07,5.8,8,0,0,34,0.0,0.0,140,Mumbai Indians
2,Royal Challengers Bangalore,Mumbai Indians,12.0,6,89,7.46,8.0,4,141,52,48,6.5,0.8713,140,Mumbai Indians
1,Punjab Kings,Kolkata Knight Riders,9.6,1,53,5.56,10.4,9,0,0,62,0.0,0.0,108,Kolkata Knight Riders
2,Kolkata Knight Riders,Punjab Kings,5.6,5,36,6.6,14.4,5,109,73,86,5.07,0.7682,118,Kolkata Knight Riders
1,Rajasthan Royals,Royal Challengers Bangalore,11.4,3,79,6.99,8.6,7,0,0,51,0.0,0.0,132,Royal Challengers Bangalore
2,Royal Challengers Bangalore,Rajasthan Royals,9.2,1,63,6.93,10.8,9,133,70,64,6.48,0.9351,144,Royal Challengers Bangalore
1,Mumbai Indians,Kolkata Knight Riders,18.7,6,138,7.38,1.3,4,0,0,7,0.0,0.0,144,Mumbai Indians
2,Kolkata Knight Riders,Mumbai Indians,8.7,0,57,6.59,11.3,10,145,88,67,7.79,1.1821,121,Mumbai Indians
1,Sunrisers Hyderabad,Punjab Kings,16.7,2,133,8.01,3.3,8,0,0,19,0.0,0.0,156,Sunrisers Hyderabad
2,Punjab Kings,Sunrisers Hyderabad,7.4,7,39,5.38,12.6,3,157,118,75,9.37,1.7416,85,Sunrisers Hyderabad
1,Mumbai Indians,Royal Challengers Bangalore,17.1,6,147,8.62,2.9,4,0,0,17,0.0,0.0,166,Mumbai Indians
2,Royal Challengers Bangalore,Mumbai Indians,5.2,8,41,7.95,14.8,2,167,126,88,8.51,1.0704,118,Mumbai Indians
1,Royal Challengers Bangalore,Kolkata Knight Riders,9.8,8,94,9.66,10.2,2,0,0,61,0.0,0.0,164,Kolkata Knight Riders
2,Kolkata Knight Riders,Royal Challengers Bangalore,14.8,3,150,10.18,5.2,7,165,15,31,2.88,0.2829,200,Kolkata Knight Riders
1,Kolkata Knight Riders,Rajasthan Royals,8.2,9,76,9.33,11.8,1,0,0,70,0.0,0.0,141,Rajasthan Royals
2,Rajasthan Royals,Kolkata Knight Riders,16.0,3,123,7.71,4.0,7,142,19,24,4.75,0.6161,152,Rajasthan Royals
1,Royal Challengers Bangalore,Mumbai Indians,17.9,8,92,5.18,2.1,2,0,0,12,0.0,0.0,99,Mumbai Indians
2,Mumbai Indians,Royal Challengers Bangalore,19.0,9,99,7.32,1.0,1,100,1,6,1.0,0.1366,103,Mumbai Indians
1,Mumbai Indians,Kolkata Knight Riders,9.5,4,54,5.72,10.5,6,0,0,63,0.0,0.0,100,Kolkata Knight Riders
2,Kolkata Knight Riders,Mumbai Indians,16.4,7,100,8.92,3.6,3,101,1,21,0.28,0.0314,125,Kolkata Knight Riders
1,Delhi Capitals,Punjab Kings,10.5,2,95,9.12,9.5,8,0,0,57,0.0,0.0,182,Delhi Capitals
2,Punjab Kings,Delhi Capitals,6.2,3,47,7.69,13.8,7,183,136,82,9.86,1.2822,142,Delhi Capitals
1,Rajasthan Royals,Kolkata Knight Riders,15.0,6,133,8.93,5.0,4,0,0,30,0.0,0.0,169,Rajasthan Royals
2,Kolkata Knight Riders,Rajasthan Royals,8.4,2,55,6.55,11.6,8,170,115,69,9.91,1.513,116,Rajasthan Royals
1,Sunrisers Hyderabad,Kolkata Knight Riders,14.6,7,135,9.3,5.4,3,0,0,32,0.0,0.0,174,Sunrisers Hyderabad
2,Kolkata Knight Riders,Sunrisers Hyderabad,19.3,7,154,8.02,0.7,3,175,21,4,30.0,3.7406,158,Sunrisers Hyderabad
1,Chennai Super Kings,Mumbai Indians,18.9,5,103,5.49,1.1,5,0,0,6,0.0,0.0,108,Mumbai Indians
2,Mumbai Indians,Chennai Super Kings,14.2,3,108,7.96,5.8,7,109,1,34,0.17,0.0214,146,Mumbai Indians
1,Punjab Kings,Chennai Super Kings,10.8,0,76,7.12,9.2,10,0,0,55,0.0,0.0,138,Punjab Kings
2,Chennai Super Kings,Punjab Kings,9.7,5,60,6.2,10.3,5,139,79,61,7.67,1.2371,117,Punjab Kings
1,Kolkata Knight Riders,Rajasthan Royals,19.2,3,150,7.84,0.8,7,0,0,4,0.0,0.0,155,Kolkata Knight Riders
2,Rajasthan Royals,Kolkata Knight Riders,10.0,1,59,5.95,10.0,9,156,97,60,9.7,1.6303,115,Kolkata Knight Riders
1,Rajasthan Royals,Royal Challengers Bangalore,10.8,1,65,6.05,9.2,9,0,0,55,0.0,0.0,117,Royal Challengers Bangalore
2,Royal Challengers Bangalore,Rajasthan Royals,11.1,4,110,9.94,8.9,6,118,8,53,0.9,0.0905,193,Royal Challengers Bangalore
1,Delhi Capitals,Kolkata Knight Riders,15.9,4,128,8.07,4.1,6,0,0,24,0.0,0.0,159,Delhi Capitals
2,Kolkata Knight Riders,Delhi Capitals,8.8,2,47,5.42,11.2,8,160,113,67,10.09,1.8616,98,Delhi Capitals
1,Kolkata Knight Riders,Punjab Kings,12.4,5,107,8.66,7.6,5,0,0,45,0.0,0.0,166,Kolkata Knight Riders
2,Punjab Kings,Kolkata Knight Riders,11.2,7,66,5.92,8.8,3,167,101,52,11.48,1.9392,101,Kolkata Knight Riders
1,Rajasthan Royals,Delhi Capitals,15.9,5,90,5.67,4.1,5,0,0,24,0.0,0.0,107,Delhi Capitals
2,Delhi Capitals,Rajasthan Royals,14.1,7,107,8.73,5.9,3,108,1,35,0.17,0.0195,142,Delhi Capitals
1,Kolkata Knight Riders,Rajasthan Royals,17.6,2,92,5.25,2.4,8,0,0,14,0.0,0.0,105,Rajasthan Royals
2,Rajasthan Royals,Kolkata Knight Riders,9.7,6,85,8.82,10.3,4,106,21,61,2.04,0.2313,149,Rajasthan Royals
1,Royal Challengers Bangalore,Delhi Capitals,8.9,9,56,6.35,11.1,1,0,0,66,0.0,0.0,99,Delhi Capitals
2,Delhi Capitals,Royal Challengers Bangalore,17.0,5,99,10.19,3.0,5,100,1,18,0.33,0.0324,127,Delhi Capitals
1,Delhi Capitals,Chennai Super Kings,10.5,5,104,9.97,9.5,5,0,0,57,0.0,0.0,181,Delhi Capitals
2,Chennai Super Kings,Delhi Capitals,17.2,1,118,6.9,2.8,9,182,64,16,22.86,3.313,135,Delhi Capitals
1,Chennai Super Kings,Punjab Kings,9.7,1,97,10.07,10.3,9,0,0,61,0.0,0.0,198,Chennai Super Kings
2,Punjab Kings,Chennai Super Kings,6.1,2,45,7.48,13.9,8,199,154,83,11.08,1.4813,147,Chennai Super Kings
1,Mumbai Indians,Rajasthan Royals,6.7,3,65,9.76,13.3,7,0,0,79,0.0,0.0,172,Mumbai Indians
2,Rajasthan Royals,Mumbai Indians,9.2,3,84,9.23,10.8,7,173,89,64,8.24,0.8927,170,Mumbai Indians
1,Kolkata Knight Riders,Sunrisers Hyderabad,12.3,5,107,8.7,7.7,5,0,0,46,0.0,0.0,154,Kolkata Knight Riders
2,Sunrisers Hyderabad,Kolkata Knight Riders,10.8,2,72,6.74,9.2,8,155,83,55,9.02,1.3383,128,Kolkata Knight Riders
1,Mumbai Indians,Rajasthan Royals,19.1,0,106,5.6,0.9,10,0,0,5,0.0,0.0,112,Rajasthan Royals
2,Rajasthan Royals,Mumbai Indians,7.0,6,62,8.9,13.0,4,113,51,78,3.92,0.4404,150,Rajasthan Royals
1,Kolkata Knight Riders,Mumbai Indians,14.1,1,114,8.13,5.9,9,0,0,35,0.0,0.0,165,Mumbai Indians
2,Mumbai Indians,Kolkata Knight Riders,15.1,6,139,9.27,4.9,4,166,27,29,5.51,0.5944,174,Mumbai Indians
1,Mumbai Indians,Royal Challengers Bangalore,13.0,0,99,7.65,7.0,10,0,0,42,0.0,0.0,154,Mumbai Indians
2,Royal Challengers Bangalore,Mumbai Indians,18.5,8,134,7.26,1.5,2,155,21,9,14.0,1.9284,142,Mumbai Indians
1,Sunrisers Hyderabad,Delhi Capitals,10.5,1,106,10.19,9.5,9,0,0,57,0.0,0.0,186,Delhi Capitals
2,Delhi Capitals,Sunrisers Hyderabad,15.0,0,146,9.79,5.0,10,187,41,30,8.2,0.8376,198,Delhi Capitals
1,Kolkata Knight Riders,Sunrisers Hyderabad,12.9,7,118,9.21,7.1,3,0,0,42,0.0,0.0,160,Kolkata Knight Riders
2,Sunrisers Hyderabad,Kolkata Knight Riders,9.5,0,53,5.6,10.5,10,161,108,63,10.29,1.8375,113,Kolkata Knight Riders
1,Punjab Kings,Kolkata Knight Riders,9.1,9,63,6.95,10.9,1,0,0,65,0.0,0.0,118,Kolkata Knight Riders
2,Kolkata Knight Riders,Punjab Kings,9.8,8,90,9.25,10.2,2,119,29,61,2.84,0.307,147,Kolkata Knight Riders
1,Sunrisers Hyderabad,Mumbai Indians,5.8,4,54,9.38,14.2,6,0,0,85,0.0,0.0,172,Sunrisers Hyderabad
2,Mumbai Indians,Sunrisers Hyderabad,8.8,0,65,7.41,11.2,10,173,108,67,9.64,1.3009,148,Sunrisers Hyderabad
1,Delhi Capitals,Rajasthan Royals,16.8,2,122,7.31,3.2,8,0,0,19,0.0,0.0,145,Delhi Capitals
2,Rajasthan Royals,Delhi Capitals,18.6,6,123,6.62,1.4,4,146,23,8,16.43,2.4819,130,Delhi Capitals
1,Royal Challengers Bangalore,Chennai Super Kings,5.9,9,47,8.01,14.1,1,0,0,84,0.0,0.0,119,Royal Challengers Bangalore
2,Chennai Super Kings,Royal Challengers Bangalore,14.6,9,72,4.94,5.4,1,120,48,32,8.89,1.7996,88,Royal Challengers Bangalore
1,Sunrisers Hyderabad,Punjab Kings,12.7,9,113,8.94,7.3,1,0,0,43,0.0,0.0,160,Sunrisers Hyderabad
2,Punjab Kings,Sunrisers Hyderabad,12.6,7,94,7.47,7.4,3,161,67,44,9.05,1.2115,136,Sunrisers Hyderabad
1,Rajasthan Royals,Royal Challengers Bangalore,8.5,6,58,6.84,11.5,4,0,0,69,0.0,0.0,124,Royal Challengers Bangalore
2,Royal Challengers Bangalore,Rajasthan Royals,18.6,6,124,8.48,1.4,4,125,1,8,0.71,0.0837,134,Royal Challengers Bangalore
1,Sunrisers Hyderabad,Delhi Capitals,6.0,3,36,6.04,14.0,7,0,0,84,0.0,0.0,113,Delhi Capitals
2,Delhi Capitals,Sunrisers Hyderabad,10.7,6,79,7.45,9.3,4,114,35,55,3.76,0.5047,133,Delhi Capitals
1,Chennai Super Kings,Punjab Kings,14.9,2,92,6.18,5.1,8,0,0,30,0.0,0.0,122,Punjab Kings
2,Punjab Kings,Chennai Super Kings,7.8,0,67,8.66,12.2,10,123,56,73,4.59,0.53,181,Punjab Kings
1,Delhi Capitals,Sunrisers Hyderabad,9.4,6,78,8.39,10.6,4,0,0,63,0.0,0.0,141,Delhi Capitals
2,Sunrisers Hyderabad,Delhi Capitals,5.8,9,27,4.76,14.2,1,142,115,85,8.1,1.7017,74,Delhi Capitals
1,Delhi Capitals,Rajasthan Royals,15.3,4,124,8.13,4.7,6,0,0,28,0.0,0.0,157,Delhi Capitals
2,Rajasthan Royals,Delhi Capitals,7.8,2,60,7.72,12.2,8,158,98,73,8.03,1.0402,134,Delhi Capitals
1,Punjab Kings,Delhi Capitals,7.9,3,49,6.26,12.1,7,0,0,72,0.0,0.0,116,Delhi Capitals
2,Delhi Capitals,Punjab Kings,17.4,1,116,6.94,2.6,9,117,1,15,0.38,0.0548,134,Delhi Capitals
1,Sunrisers Hyderabad,Royal Challengers Bangalore,17.1,5,120,7.07,2.9,5,0,0,17,0.0,0.0,136,Sunrisers Hyderabad
2,Royal Challengers Bangalore,Sunrisers Hyderabad,6.2,7,38,6.29,13.8,3,137,99,82,7.17,1.1399,94,Sunrisers Hyderabad
1,Delhi Capitals,Kolkata Knight Riders,17.1,9,100,5.87,2.9,1,0,0,17,0.0,0.0,109,Delhi Capitals
2,Kolkata Knight Riders,Delhi Capitals,13.4,6,60,4.51,6.6,4,110,50,39,7.58,1.6807,80,Delhi Capitals
1,Kolkata Knight Riders,Royal Challengers Bangalore,6.5,4,38,5.87,13.5,6,0,0,81,0.0,0.0,106,Royal Challengers Bangalore
2,Royal Challengers Bangalore,Kolkata Knight Riders,9.8,7,72,7.44,10.2,3,107,35,61,3.43,0.461,133,Royal Challengers Bangalore
1,Punjab Kings,Rajasthan Royals,13.2,0,107,8.18,6.8,10,0,0,40,0.0,0.0,165,Punjab Kings
2,Rajasthan Royals,Punjab Kings,11.6,2,72,6.27,8.4,8,166,94,50,11.19,1.7847,117,Punjab Kings
1,Royal Challengers Bangalore,Delhi Capitals,7.5,4,43,5.79,12.5,6,0,0,75,0.0,0.0,99,Delhi Capitals
2,Delhi Capitals,Royal Challengers Bangalore,12.5,9,86,6.88,7.5,1,100,14,45,1.87,0.2718,115,Delhi Capitals
1,Punjab Kings,Delhi Capitals,15.1,4,103,6.87,4.9,6,0,0,29,0.0,0.0,127,Delhi Capitals
2,Delhi Capitals,Punjab Kings,15.8,8,106,6.76,4.2,2,128,22,25,5.24,0.7751,128,Delhi Capitals
1,Rajasthan Royals,Sunrisers Hyderabad,9.6,9,62,6.51,10.4,1,0,0,62,0.0,0.0,103,Sunrisers Hyderabad
2,Sunrisers Hyderabad,Rajasthan Royals,14.1,3,103,9.68,5.9,7,104,1,35,0.17,0.0176,153,Sunrisers Hyderabad
1,Rajasthan Royals,Sunrisers Hyderabad,11.5,0,118,10.31,8.5,10,0,0,51,0.0,0.0,198,Rajasthan Royals
2,Sunrisers Hyderabad,Rajasthan Royals,16.2,3,155,9.58,3.8,7,199,44,22,11.58,1.2088,190,Rajasthan Royals
1,Royal Challengers Bangalore,Delhi Capitals,17.8,8,127,7.17,2.2,2,0,0,13,0.0,0.0,139,Delhi Capitals
2,Delhi Capitals,Royal Challengers Bangalore,6.9,1,66,9.62,13.1,9,140,74,78,5.65,0.5873,203,Delhi Capitals
1,Mumbai Indians,Delhi Capitals,14.1,6,119,8.46,5.9,4,0,0,35,0.0,0.0,160,Mumbai Indians
2,Delhi Capitals,Mumbai Indians,5.9,2,35,6.04,14.1,8,161,126,84,8.94,1.4801,106,Mumbai Indians
1,Delhi Capitals,Punjab Kings,8.5,4,60,7.13,11.5,6,0,0,69,0.0,0.0,138,Delhi Capitals
2,Punjab Kings,Delhi Capitals,8.2,6,49,5.99,11.8,4,139,90,70,7.63,1.2738,104,Delhi Capitals
1,Sunrisers Hyderabad,Kolkata Knight Riders,5.8,4,40,6.9,14.2,6,0,0,85,0.0,0.0,113,Kolkata Knight Riders
2,Kolkata Knight Riders,Sunrisers Hyderabad,18.8,7,113,7.31,1.2,3,114,1,7,0.83,0.1135,120,Kolkata Knight Riders
1,Punjab Kings,Delhi Capitals,13.5,6,69,5.14,6.5,4,0,0,39,0.0,0.0,91,Delhi Capitals
2,Delhi Capitals,Punjab Kings,10.3,7,66,6.41,9.7,3,92,26,58,2.68,0.4181,111,Delhi Capitals
1,Delhi Capitals,Royal Challengers Bangalore,15.4,3,150,9.77,4.6,7,0,0,27,0.0,0.0,193,Delhi Capitals
2,Royal Challengers Bangalore,Delhi Capitals,15.0,1,142,9.5,5.0,9,194,52,30,10.4,1.0947,187,Delhi Capitals
1,Punjab Kings,Chennai Super Kings,17.0,4,87,5.17,3.0,6,0,0,18,0.0,0.0,100,Chennai Super Kings
2,Chennai Super Kings,Punjab Kings,12.3,4,100,9.95,7.7,6,101,1,46,0.13,0.0131,161,Chennai Super Kings
1,Punjab Kings,Mumbai Indians,7.9,8,43,5.51,12.1,2,0,0,72,0.0,0.0,86,Mumbai Indians
2,Mumbai Indians,Punjab Kings,19.3,9,86,5.84,0.7,1,87,1,4,1.43,0.2449,88,Mumbai Indians
1,Rajasthan Royals,Mumbai Indians,6.4,0,44,6.88,13.6,10,0,0,81,0.0,0.0,141,Mumbai Indians
2,Mumbai Indians,Rajasthan Royals,11.2,2,102,9.13,8.8,8,142,40,52,4.55,0.4984,165,Mumbai Indians
1,Kolkata Knight Riders,Chennai Super Kings,11.9,9,83,6.99,8.1,1,0,0,48,0.0,0.0,119,Chennai Super Kings
2,Chennai Super Kings,Kolkata Knight Riders,18.7,7,119,9.77,1.3,3,120,1,7,0.77,0.0788,127,Chennai Super Kings
1,Royal Challengers Bangalore,Chennai Super Kings,9.7,8,57,5.97,10.3,2,0,0,61,0.0,0.0,94,Royal Challengers Bangalore
2,Chennai Super Kings,Royal Challengers Bangalore,7.2,5,33,4.6,12.8,5,95,62,76,4.84,1.0522,74,Royal Challengers Bangalore
1,Mumbai Indians,Rajasthan Royals,18.7,2,128,6.89,1.3,8,0,0,7,0.0,0.0,137,Mumbai Indians
2,Rajasthan Royals,Mumbai Indians,18.6,7,84,4.53,1.4,3,138,54,8,38.57,8.5143,88,Mumbai Indians
1,Punjab Kings,Rajasthan Royals,12.7,3,114,9.01,7.3,7,0,0,43,0.0,0.0,180,Punjab Kings
2,Rajasthan Royals,Punjab Kings,8.4,6,55,6.62,11.6,4,181,126,69,10.86,1.6405,108,Punjab Kings
1,Chennai Super Kings,Royal Challengers Bangalore,8.9,7,73,8.22,11.1,3,0,0,66,0.0,0.0,141,Royal Challengers Bangalore
2,Royal Challengers Bangalore,Chennai Super Kings,10.4,7,94,9.07,9.6,3,142,48,57,5.0,0.5513,148,Royal Challengers Bangalore
1,Chennai Super Kings,Rajasthan Royals,13.4,2,89,6.68,6.6,8,0,0,39,0.0,0.0,133,Chennai Super Kings
2,Rajasthan Royals,Chennai Super Kings,8.4,6,63,7.52,11.6,4,134,71,69,6.12,0.8138,128,Chennai Super Kings
1,Delhi Capitals,Mumbai Indians,13.3,7,97,7.32,6.7,3,0,0,40,0.0,0.0,128,Mumbai Indians
2,Mumbai Indians,Delhi Capitals,11.6,8,112,9.67,8.4,2,129,17,50,2.02,0.2089,163,Mumbai Indians
1,Kolkata Knight Riders,Rajasthan Royals,15.0,6,135,9.05,5.0,4,0,0,30,0.0,0.0,170,Kolkata Knight Riders
2,Rajasthan Royals,Kolkata Knight Riders,15.0,6,72,4.82,5.0,4,171,99,30,19.8,4.1079,89,Kolkata Knight Riders
1,Chennai Super Kings,Punjab Kings,12.1,4,109,9.03,7.9,6,0,0,47,0.0,0.0,169,Chennai Super Kings
2,Punjab Kings,Chennai Super Kings,14.3,0,92,6.47,5.7,10,170,78,34,13.68,2.1144,131,Chennai Super Kings
1,Chennai Super Kings,Mumbai Indians,5.1,1,41,8.11,14.9,9,0,0,89,0.0,0.0,169,Chennai Super Kings
2,Mumbai Indians,Chennai Super Kings,5.4,1,40,7.59,14.6,9,170,130,87,8.9,1.1726,140,Chennai Super Kings
1,Delhi Capitals,Mumbai Indians,7.9,0,65,8.28,12.1,10,0,0,72,0.0,0.0,159,Mumbai Indians
2,Mumbai Indians,Delhi Capitals,8.5,5,76,9.0,11.5,5,160,84,69,7.3,0.8111,164,Mumbai Indians
1,Kolkata Knight Riders,Rajasthan Royals,17.6,2,156,8.92,2.4,8,0,0,14,0.0,0.0,176,Kolkata Knight Riders
2,Rajasthan Royals,Kolkata Knight Riders,16.3,3,144,8.85,3.7,7,177,33,22,8.92,1.0079,169,Kolkata Knight Riders
1,Chennai Super Kings,Punjab Kings,19.4,3,122,6.34,0.6,7,0,0,3,0.0,0.0,125,Chennai Super Kings
2,Punjab Kings,Chennai Super Kings,7.0,2,45,6.46,13.0,8,126,81,78,6.23,0.9644,121,Chennai Super Kings
1,Chennai Super Kings,Royal Challengers Bangalore,13.3,7,87,6.56,6.7,3,0,0,40,0.0,0.0,119,Chennai Super Kings
2,Royal Challengers Bangalore,Chennai Super Kings,5.0,7,27,5.57,15.0,3,120,93,90,6.2,1.1131,89,Chennai Super Kings
1,Royal Challengers Bangalore,Mumbai Indians,5.7,6,34,6.13,14.3,4,0,0,85,0.0,0.0,100,Mumbai Indians
2,Mumbai Indians,Royal Challengers Bangalore,13.0,6,100,9.89,7.0,4,101,1,42,0.14,0.0142,158,Mumbai Indians
1,Mumbai Indians,Rajasthan Royals,6.7,0,68,10.23,13.3,10,0,0,79,0.0,0.0,202,Mumbai Indians
2,Rajasthan Royals,Mumbai Indians,12.7,6,120,9.52,7.3,4,203,83,43,11.37,1.1943,166,Mumbai Indians
1,Kolkata Knight Riders,Mumbai Indians,15.0,1,98,6.54,5.0,9,0,0,30,0.0,0.0,129,Kolkata Knight Riders
2,Mumbai Indians,Kolkata Knight Riders,12.6,8,67,5.37,7.4,2,130,63,44,8.51,1.5847,97,Kolkata Knight Riders
1,Chennai Super Kings,Royal Challengers Bangalore,9.6,9,53,5.59,10.4,1,0,0,62,0.0,0.0,89,Royal Challengers Bangalore
2,Royal Challengers Bangalore,Chennai Super Kings,18.7,1,89,10.51,1.3,9,90,1,7,0.77,0.0733,102,Royal Challengers Bangalore
1,Rajasthan Royals,Chennai Super Kings,14.3,2,112,7.88,5.7,8,0,0,34,0.0,0.0,155,Chennai Super Kings
2,Chennai Super Kings,Rajasthan Royals,14.5,5,123,8.53,5.5,5,156,33,33,6.0,0.7034,163,Chennai Super Kings
1,Punjab Kings,Mumbai Indians,14.4,0,109,7.58,5.6,10,0,0,33,0.0,0.0,155,Punjab Kings
2,Mumbai Indians,Punjab Kings,15.9,3,78,4.96,4.1,7,156,78,24,19.02,3.8347,95,Punjab Kings
1,Royal Challengers Bangalore,Mumbai Indians,17.4,1,135,7.79,2.6,9,0,0,15,0.0,0.0,153,Royal Challengers Bangalore
2,Mumbai Indians,Royal Challengers Bangalore,12.6,0,90,7.21,7.4,10,154,64,44,8.65,1.1997,150,Royal Challengers Bangalore
1,Rajasthan Royals,Punjab Kings,15.1,9,92,6.1,4.9,1,0,0,29,0.0,0.0,108,Punjab Kings
2,Punjab Kings,Rajasthan Royals,13.7,3,108,8.68,6.3,7,109,1,37,0.16,0.0184,163,Punjab Kings
1,Rajasthan Royals,Mumbai Indians,16.9,9,119,7.06,3.1,1,0,0,18,0.0,0.0,134,Mumbai Indians
2,Mumbai Indians,Rajasthan Royals,9.8,7,88,9.02,10.2,3,135,47,61,4.61,0.5111,161,Mumbai Indians
1,Royal Challengers Bangalore,Delhi Capitals,13.4,9,112,8.38,6.6,1,0,0,39,0.0,0.0,144,Delhi Capitals
2,Delhi Capitals,Royal Challengers Bangalore,10.8,6,85,7.93,9.2,4,145,60,55,6.52,0.8222,146,Delhi Capitals
1,Chennai Super Kings,Royal Challengers Bangalore,9.1,7,81,9.0,10.9,3,0,0,65,0.0,0.0,159,Royal Challengers Bangalore
2,Royal Challengers Bangalore,Chennai Super Kings,15.4,4,150,9.76,4.6,6,160,10,27,2.17,0.2223,190,Royal Challengers Bangalore
1,Delhi Capitals,Sunrisers Hyderabad,14.0,6,112,8.02,6.0,4,0,0,36,0.0,0.0,150,Sunrisers Hyderabad
2,Sunrisers Hyderabad,Delhi Capitals,16.3,9,134,8.27,3.7,1,151,17,22,4.59,0.555,155,Sunrisers Hyderabad
1,Chennai Super Kings,Royal Challengers Bangalore,11.3,4,54,4.83,8.7,6,0,0,52,0.0,0.0,92,Royal Challengers Bangalore
2,Royal Challengers Bangalore,Chennai Super Kings,7.6,5,62,8.21,12.4,5,93,31,74,2.5,0.3045,132,Royal Challengers Bangalore
1,Rajasthan Royals,Sunrisers Hyderabad,8.7,8,54,6.29,11.3,2,0,0,67,0.0,0.0,108,Rajasthan Royals
2,Sunrisers Hyderabad,Rajasthan Royals,18.5,9,79,4.32,1.5,1,109,30,9,20.0,4.6296,84,Rajasthan Royals
1,Punjab Kings,Rajasthan Royals,8.9,9,44,5.01,11.1,1,0,0,66,0.0,0.0,80,Rajasthan Royals
2,Rajasthan Royals,Punjab Kings,14.9,0,80,7.98,5.1,10,81,1,30,0.2,0.0251,115,Rajasthan Royals
1,Sunrisers Hyderabad,Chennai Super Kings,11.1,0,62,5.62,8.9,10,0,0,53,0.0,0.0,116,Sunrisers Hyderabad
2,Chennai Super Kings,Sunrisers Hyderabad,17.2,3,85,4.97,2.8,7,117,32,16,11.43,2.2998,99,Sunrisers Hyderabad
1,Punjab Kings,Royal Challengers Bangalore,14.8,6,74,5.0,5.2,4,0,0,31,0.0,0.0,92,Royal Challengers Bangalore
2,Royal Challengers Bangalore,Punjab Kings,11.2,0,57,5.15,8.8,10,93,36,52,4.09,0.7942,105,Royal Challengers Bangalore
1,Kolkata Knight Riders,Delhi Capitals,6.9,2,64,9.32,13.1,8,0,0,78,0.0,0.0,190,Kolkata Knight Riders
2,Delhi Capitals,Kolkata Knight Riders,10.6,6,58,5.5,9.4,4,191,133,56,14.15,2.5727,92,Kolkata Knight Riders
1,Royal Challengers Bangalore,Sunrisers Hyderabad,7.5,9,60,8.08,12.5,1,0,0,75,0.0,0.0,120,Sunrisers Hyderabad
2,Sunrisers Hyderabad,Royal Challengers Bangalore,18.2,1,120,9.19,1.8,9,121,1,10,0.56,0.0609,135,Sunrisers Hyderabad
1,Mumbai Indians,Royal Challengers Bangalore,7.1,6,39,5.63,12.9,4,0,0,77,0.0,0.0,96,Royal Challengers Bangalore
2,Royal Challengers Bangalore,Mumbai Indians,6.6,9,65,9.89,13.4,1,97,32,80,2.39,0.2417,144,Royal Challengers Bangalore
1,Rajasthan Royals,Punjab Kings,14.8,3,150,10.15,5.2,7,0,0,31,0.0,0.0,191,Rajasthan Royals
2,Punjab Kings,Rajasthan Royals,19.2,8,84,4.41,0.8,2,192,108,4,135.0,30.6122,87,Rajasthan Royals
1,Delhi Capitals,Sunrisers Hyderabad,10.5,8,65,6.26,9.5,2,0,0,57,0.0,0.0,104,Sunrisers Hyderabad
2,Sunrisers Hyderabad,Delhi Capitals,7.4,2,71,9.72,12.6,8,105,34,75,2.7,0.2778,176,Sunrisers Hyderabad
1,Sunrisers Hyderabad,Chennai Super Kings,16.4,1,109,6.69,3.6,9,0,0,21,0.0,0.0,133,Chennai Super Kings
2,Chennai Super Kings,Sunrisers Hyderabad,19.3,8,133,8.55,0.7,2,134,1,4,1.43,0.1673,137,Chennai Super Kings
1,Kolkata Knight Riders,Chennai Super Kings,14.2,7,98,6.95,5.8,3,0,0,34,0.0,0.0,130,Chennai Super Kings
2,Chennai Super Kings,Kolkata Knight Riders,11.0,1,74,6.77,9.0,9,131,57,54,6.33,0.935,140,Chennai Super Kings
1,Royal Challengers Bangalore,Mumbai Indians,8.4,1,60,7.23,11.6,9,0,0,69,0.0,0.0,150,Mumbai Indians
2,Mumbai Indians,Royal Challengers Bangalore,18.9,2,150,9.53,1.1,8,151,1,6,0.91,0.0955,161,Mumbai Indians
1,Punjab Kings,Mumbai Indians,11.6,1,68,5.91,8.4,9,0,0,50,0.0,0.0,115,Mumbai Indians
2,Mumbai Indians,Punjab Kings,15.6,6,99,6.4,4.4,4,116,17,26,3.86,0.6031,118,Mumbai Indians
1,Rajasthan Royals,Royal Challengers Bangalore,11.0,5,94,8.61,9.0,5,0,0,54,0.0,0.0,148,Royal Challengers Bangalore
2,Royal Challengers Bangalore,Rajasthan Royals,15.2,4,123,8.14,4.8,6,149,26,28,5.42,0.6658,154,Royal Challengers Bangalore
1,Kolkata Knight Riders,Royal Challengers Bangalore,18.3,1,143,7.83,1.7,9,0,0,10,0.0,0.0,156,Kolkata Knight Riders
2,Royal Challengers Bangalore,Kolkata Knight Riders,7.8,6,47,6.07,12.2,4,157,110,73,9.02,1.486,99,Kolkata Knight Riders
1,Mumbai Indians,Delhi Capitals,12.9,6,86,6.67,7.1,4,0,0,42,0.0,0.0,120,Delhi Capitals
2,Delhi Capitals,Mumbai Indians,5.7,3,40,7.03,14.3,7,121,81,85,5.66,0.8051,140,Delhi Capitals
1,Kolkata Knight Riders,Mumbai Indians,5.4,5,38,7.12,14.6,5,0,0,87,0.0,0.0,119,Mumbai Indians
2,Mumbai Indians,Kolkata Knight Riders,9.4,4,99,10.57,10.6,6,120,21,63,1.98,0.1873,187,Mumbai Indians
1,Chennai Super Kings,Rajasthan Royals,17.9,8,118,6.64,2.1,2,0,0,12,0.0,0.0,128,Rajasthan Royals
2,Rajasthan Royals,Chennai Super Kings,8.1,2,67,8.36,11.9,8,129,62,71,5.21,0.6232,146,Rajasthan Royals
1,Delhi Capitals,Rajasthan Royals,19.0,2,130,6.86,1.0,8,0,0,6,0.0,0.0,136,Delhi Capitals
2,Rajasthan Royals,Delhi Capitals,16.5,8,71,4.31,3.5,2,137,66,21,18.86,4.3759,80,Delhi Capitals
1,Kolkata Knight Riders,Delhi Capitals,16.8,4,155,9.26,3.2,6,0,0,19,0.0,0.0,176,Delhi Capitals
2,Delhi Capitals,Kolkata Knight Riders,6.2,0,62,10.11,13.8,10,177,115,82,8.33,0.8239,184,Delhi Capitals
1,Mumbai Indians,Sunrisers Hyderabad,19.0,4,123,6.5,1.0,6,0,0,6,0.0,0.0,129,Sunrisers Hyderabad
2,Sunrisers Hyderabad,Mumbai Indians,14.4,4,129,10.06,5.6,6,130,1,33,0.18,0.0179,177,Sunrisers Hyderabad
1,Delhi Capitals,Punjab Kings,18.5,6,145,7.89,1.5,4,0,0,9,0.0,0.0,155,Delhi Capitals
2,Punjab Kings,Delhi Capitals,15.3,5,127,8.36,4.7,5,156,29,28,6.17,0.738,155,Delhi Capitals
1,Sunrisers Hyderabad,Kolkata Knight Riders,12.8,4,115,9.06,7.2,6,0,0,43,0.0,0.0,177,Sunrisers Hyderabad
2,Kolkata Knight Riders,Sunrisers Hyderabad,12.5,4,101,8.14,7.5,6,178,77,45,10.27,1.2617,149,Sunrisers Hyderabad
1,Delhi Capitals,Chennai Super Kings,12.3,7,102,8.35,7.7,3,0,0,46,0.0,0.0,151,Delhi Capitals
2,Chennai Super Kings,Delhi Capitals,16.8,3,125,7.48,3.2,7,152,27,19,8.44,1.1283,148,Delhi Capitals
1,Royal Challengers Bangalore,Delhi Capitals,6.5,1,57,8.78,13.5,9,0,0,81,0.0,0.0,165,Royal Challengers Bangalore
2,Delhi Capitals,Royal Challengers Bangalore,16.1,1,88,5.49,3.9,9,166,78,23,20.0,3.643,111,Royal Challengers Bangalore
1,Mumbai Indians,Sunrisers Hyderabad,11.6,4,69,5.96,8.4,6,0,0,50,0.0,0.0,117,Sunrisers Hyderabad
2,Sunrisers Hyderabad,Mumbai Indians,12.4,0,88,7.16,7.6,10,118,30,45,3.95,0.5517,143,Sunrisers Hyderabad
1,Mumbai Indians,Kolkata Knight Riders,17.3,6,134,7.75,2.7,4,0,0,16,0.0,0.0,151,Kolkata Knight Riders
2,Kolkata Knight Riders,Mumbai Indians,18.3,5,151,9.2,1.7,5,152,1,10,0.59,0.0641,163,Kolkata Knight Riders
1,Rajasthan Royals,Royal Challengers Bangalore,9.4,9,45,4.84,10.6,1,0,0,63,0.0,0.0,80,Royal Challengers Bangalore
2,Royal Challengers Bangalore,Rajasthan Royals,17.7,7,80,4.57,2.3,3,81,1,13,0.43,0.0941,87,Royal Challengers Bangalore
1,Rajasthan Royals,Sunrisers Hyderabad,8.5,7,50,5.94,11.5,3,0,0,69,0.0,0.0,102,Sunrisers Hyderabad
2,Sunrisers Hyderabad,Rajasthan Royals,8.4,3,78,9.35,11.6,7,103,25,69,2.16,0.231,169,Sunrisers Hyderabad
1,Kolkata Knight Riders,Punjab Kings,11.7,8,63,5.43,8.3,2,0,0,49,0.0,0.0,96,Kolkata Knight Riders
2,Punjab Kings,Kolkata Knight Riders,9.6,9,55,5.79,10.4,1,97,42,62,4.04,0.6978,94,Kolkata Knight Riders
1,Punjab Kings,Sunrisers Hyderabad,5.5,1,49,9.04,14.5,9,0,0,87,0.0,0.0,157,Punjab Kings
2,Sunrisers Hyderabad,Punjab Kings,15.6,5,71,4.58,4.4,5,158,87,26,19.77,4.3166,85,Punjab Kings
1,Delhi Capitals,Chennai Super Kings,15.5,2,89,5.77,4.5,8,0,0,27,0.0,0.0,115,Delhi Capitals
2,Chennai Super Kings,Delhi Capitals,12.8,9,68,5.37,7.2,1,116,48,43,6.67,1.2421,94,Delhi Capitals
1,Sunrisers Hyderabad,Mumbai Indians,16.6,7,156,9.4,3.4,3,0,0,20,0.0,0.0,181,Sunrisers Hyderabad
2,Mumbai Indians,Sunrisers Hyderabad,6.4,5,44,6.92,13.6,5,182,138,81,10.15,1.4668,130,Sunrisers Hyderabad
1,Chennai Super Kings,Delhi Capitals,5.9,6,34,5.77,14.1,4,0,0,84,0.0,0.0,104,Delhi Capitals
2,Delhi Capitals,Chennai Super Kings,5.2,6,37,7.14,14.8,4,105,68,88,4.59,0.6429,111,Delhi Capitals
1,Chennai Super Kings,Kolkata Knight Riders,7.1,0,53,7.55,12.9,10,0,0,77,0.0,0.0,140,Kolkata Knight Riders
2,Kolkata Knight Riders,Chennai Super Kings,17.8,2,140,9.63,2.2,8,141,1,13,0.45,0.0467,160,Kolkata Knight Riders
1,Rajasthan Royals,Sunrisers Hyderabad,19.1,0,102,5.36,0.9,10,0,0,5,0.0,0.0,106,Sunrisers Hyderabad
2,Sunrisers Hyderabad,Rajasthan Royals,6.3,7,50,7.94,13.7,3,107,57,82,4.16,0.5239,135,Sunrisers Hyderabad
1,Kolkata Knight Riders,Rajasthan Royals,6.1,6,41,6.86,13.9,4,0,0,83,0.0,0.0,105,Rajasthan Royals
2,Rajasthan Royals,Kolkata Knight Riders,18.7,1,105,6.96,1.3,9,106,1,7,0.77,0.1106,114,Rajasthan Royals
1,Kolkata Knight Riders,Sunrisers Hyderabad,16.2,0,123,7.65,3.8,10,0,0,22,0.0,0.0,148,Sunrisers Hyderabad
2,Sunrisers Hyderabad,Kolkata Knight Riders,16.3,6,142,8.77,3.7,4,149,7,22,1.89,0.2155,164,Sunrisers Hyderabad
1,Mumbai Indians,Royal Challengers Bangalore,6.0,8,44,7.47,14.0,2,0,0,84,0.0,0.0,108,Mumbai Indians
2,Royal Challengers Bangalore,Mumbai Indians,10.5,3,61,5.85,9.5,7,109,48,57,5.05,0.8632,108,Mumbai Indians
1,Mumbai Indians,Kolkata Knight Riders,12.3,2,103,8.43,7.7,8,0,0,46,0.0,0.0,167,Kolkata Knight Riders
2,Kolkata Knight Riders,Mumbai Indians,6.2,2,61,9.96,13.8,8,168,107,82,7.75,0.7781,179,Kolkata Knight Riders
1,Mumbai Indians,Sunrisers Hyderabad,14.6,0,153,10.5,5.4,10,0,0,32,0.0,0.0,204,Mumbai Indians
2,Sunrisers Hyderabad,Mumbai Indians,11.7,1,51,4.39,8.3,9,205,154,49,18.55,4.2255,90,Mumbai Indians
1,Rajasthan Royals,Mumbai Indians,14.6,0,147,10.1,5.4,10,0,0,32,0.0,0.0,207,Rajasthan Royals
2,Mumbai Indians,Rajasthan Royals,12.8,2,106,8.29,7.2,8,208,102,43,14.17,1.7093,154,Rajasthan Royals
1,Punjab Kings,Royal Challengers Bangalore,19.0,1,124,6.57,1.0,9,0,0,6,0.0,0.0,131,Royal Challengers Bangalore
2,Royal Challengers Bangalore,Punjab Kings,15.2,1,107,7.06,4.8,9,132,25,28,5.21,0.738,142,Royal Challengers Bangalore
1,Kolkata Knight Riders,Delhi Capitals,13.2,4,92,7.03,6.8,6,0,0,40,0.0,0.0,136,Delhi Capitals
2,Delhi Capitals,Kolkata Knight Riders,10.2,3,85,8.34,9.8,7,137,52,58,5.31,0.6367,153,Delhi Capitals
1,Royal Challengers Bangalore,Chennai Super Kings,14.4,9,109,7.57,5.6,1,0,0,33,0.0,0.0,133,Royal Challengers Bangalore
2,Chennai Super Kings,Royal Challengers Bangalore,11.2,7,64,5.73,8.8,3,134,70,52,7.95,1.3874,105,Royal Challengers Bangalore
1,Delhi Capitals,Sunrisers Hyderabad,19.2,5,114,5.98,0.8,5,0,0,4,0.0,0.0,117,Sunrisers Hyderabad
2,Sunrisers Hyderabad,Delhi Capitals,11.0,5,78,7.11,9.0,5,118,40,54,4.44,0.6245,126,Sunrisers Hyderabad
1,Rajasthan Royals,Mumbai Indians,16.7,3,99,5.98,3.3,7,0,0,19,0.0,0.0,114,Mumbai Indians
2,Mumbai Indians,Rajasthan Royals,12.5,6,114,9.16,7.5,4,115,1,45,0.13,0.0142,165,Mumbai Indians
1,Delhi Capitals,Royal Challengers Bangalore,8.0,8,54,6.81,12.0,2,0,0,72,0.0,0.0,109,Royal Challengers Bangalore
2,Royal Challengers Bangalore,Delhi Capitals,13.4,7,89,6.7,6.6,3,110,21,39,3.18,0.4746,124,Royal Challengers Bangalore
1,Chennai Super Kings,Sunrisers Hyderabad,15.7,4,155,9.93,4.3,6,0,0,25,0.0,0.0,191,Sunrisers Hyderabad
2,Sunrisers Hyderabad,Chennai Super Kings,5.4,2,56,10.38,14.6,8,192,136,87,9.32,0.8979,205,Sunrisers Hyderabad
1,Chennai Super Kings,Kolkata Knight Riders,13.2,7,92,6.98,6.8,3,0,0,40,0.0,0.0,131,Chennai Super Kings
2,Kolkata Knight Riders,Chennai Super Kings,9.0,7,64,7.12,11.0,3,132,68,66,6.18,0.868,126,Chennai Super Kings
1,Sunrisers Hyderabad,Kolkata Knight Riders,17.9,7,76,4.28,2.1,3,0,0,12,0.0,0.0,83,Kolkata Knight Riders
2,Kolkata Knight Riders,Sunrisers Hyderabad,8.0,6,51,6.44,12.0,4,84,33,72,2.75,0.427,104,Kolkata Knight Riders
1,Rajasthan Royals,Sunrisers Hyderabad,17.9,3,94,5.3,2.1,7,0,0,12,0.0,0.0,103,Sunrisers Hyderabad
2,Sunrisers Hyderabad,Rajasthan Royals,18.7,7,103,8.38,1.3,3,104,1,7,0.77,0.0919,111,Sunrisers Hyderabad
1,Sunrisers Hyderabad,Delhi Capitals,6.1,5,45,7.41,13.9,5,0,0,83,0.0,0.0,118,Sunrisers Hyderabad
2,Delhi Capitals,Sunrisers Hyderabad,12.7,5,58,4.57,7.3,5,119,61,43,8.36,1.8293,86,Sunrisers Hyderabad
1,Mumbai Indians,Kolkata Knight Riders,12.0,5,95,7.92,8.0,5,0,0,48,0.0,0.0,147,Mumbai Indians
2,Kolkata Knight Riders,Mumbai Indians,5.9,2,35,5.99,14.1,8,148,113,84,8.01,1.3372,117,Mumbai Indians
1,Rajasthan Royals,Delhi Capitals,16.8,1,155,9.25,3.2,9,0,0,19,0.0,0.0,187,Rajasthan Royals
2,Delhi Capitals,Rajasthan Royals,15.5,9,98,6.38,4.5,1,188,90,27,20.0,3.1348,118,Rajasthan Royals
1,Royal Challengers Bangalore,Sunrisers Hyderabad,12.8,4,105,8.23,7.2,6,0,0,43,0.0,0.0,153,Royal Challengers Bangalore
2,Sunrisers Hyderabad,Royal Challengers Bangalore,19.1,7,117,6.17,0.9,3,154,37,5,41.11,6.6629,121,Royal Challengers Bangalore
1,Punjab Kings,Chennai Super Kings,15.2,6,88,5.79,4.8,4,0,0,28,0.0,0.0,107,Punjab Kings
2,Chennai Super Kings,Punjab Kings,16.3,6,77,4.74,3.7,4,108,31,22,8.38,1.7679,90,Punjab Kings
1,Chennai Super Kings,Rajasthan Royals,17.4,9,159,9.14,2.6,1,0,0,15,0.0,0.0,172,Chennai Super Kings
2,Rajasthan Royals,Chennai Super Kings,6.3,1,38,6.05,13.7,9,173,135,82,9.85,1.6281,118,Chennai Super Kings
1,Delhi Capitals,Rajasthan Royals,7.7,4,79,10.32,12.3,6,0,0,73,0.0,0.0,187,Delhi Capitals
2,Rajasthan Royals,Delhi Capitals,18.1,7,108,5.99,1.9,3,188,80,11,42.11,7.0301,116,Delhi Capitals
1,Chennai Super Kings,Kolkata Knight Riders,15.4,3,93,6.07,4.6,7,0,0,27,0.0,0.0,115,Chennai Super Kings
2,Kolkata Knight Riders,Chennai Super Kings,13.1,2,74,5.68,6.9,8,116,42,41,6.09,1.0722,113,Chennai Super Kings
1,Punjab Kings,Chennai Super Kings,8.8,8,69,7.95,11.2,2,0,0,67,0.0,0.0,134,Chennai Super Kings
2,Chennai Super Kings,Punjab Kings,18.9,4,134,8.04,1.1,6,135,1,6,0.91,0.1132,142,Chennai Super Kings
1,Mumbai Indians,Royal Challengers Bangalore,6.7,5,48,7.3,13.3,5,0,0,79,0.0,0.0,114,Royal Challengers Bangalore
2,Royal Challengers Bangalore,Mumbai Indians,6.1,3,47,7.86,13.9,7,115,68,83,4.89,0.6221,157,Royal Challengers Bangalore
1,Chennai Super Kings,Mumbai Indians,14.6,1,133,9.15,5.4,9,0,0,32,0.0,0.0,179,Chennai Super Kings
2,Mumbai Indians,Chennai Super Kings,11.8,0,77,6.54,8.2,10,180,103,49,12.56,1.9205,127,Chennai Super Kings
1,Kolkata Knight Riders,Chennai Super Kings,10.7,0,84,7.93,9.3,10,0,0,55,0.0,0.0,151,Kolkata Knight Riders
2,Chennai Super Kings,Kolkata Knight Riders,12.5,1,70,5.6,7.5,9,152,82,45,10.93,1.9518,106,Kolkata Knight Riders
1,Chennai Super Kings,Mumbai Indians,16.1,4,85,5.29,3.9,6,0,0,23,0.0,0.0,101,Chennai Super Kings
2,Mumbai Indians,Chennai Super Kings,10.4,9,51,4.97,9.6,1,102,51,57,5.31,1.0684,80,Chennai Super Kings
1,Sunrisers Hyderabad,Kolkata Knight Riders,19.1,9,164,8.62,0.9,1,0,0,5,0.0,0.0,169,Sunrisers Hyderabad
2,Kolkata Knight Riders,Sunrisers Hyderabad,11.0,3,93,8.49,9.0,7,170,77,54,8.56,1.0082,169,Sunrisers Hyderabad
1,Kolkata Knight Riders,Royal Challengers Bangalore,14.8,2,119,8.1,5.2,8,0,0,31,0.0,0.0,158,Kolkata Knight Riders
2,Royal Challengers Bangalore,Kolkata Knight Riders,8.8,9,45,5.14,11.2,1,159,114,67,10.18,1.9805,86,Kolkata Knight Riders
1,Royal Challengers Bangalore,Delhi Capitals,11.2,3,78,6.98,8.8,7,0,0,52,0.0,0.0,126,Delhi Capitals
2,Delhi Capitals,Royal Challengers Bangalore,9.3,1,62,6.69,10.7,9,127,65,64,6.07,0.9073,137,Delhi Capitals
1,Mumbai Indians,Chennai Super Kings,15.8,1,151,9.61,4.2,9,0,0,25,0.0,0.0,194,Mumbai Indians
2,Chennai Super Kings,Mumbai Indians,5.6,6,50,9.03,14.4,4,195,145,86,10.07,1.1152,153,Mumbai Indians
1,Mumbai Indians,Royal Challengers Bangalore,17.7,2,109,6.2,2.3,8,0,0,13,0.0,0.0,122,Mumbai Indians
2,Royal Challengers Bangalore,Mumbai Indians,9.3,2,52,5.69,10.7,8,123,71,64,6.64,1.167,113,Mumbai Indians
1,Royal Challengers Bangalore,Mumbai Indians,10.2,9,67,6.66,9.8,1,0,0,58,0.0,0.0,113,Mumbai Indians
2,Mumbai Indians,Royal Challengers Bangalore,8.9,2,76,8.64,11.1,8,114,38,66,3.42,0.3958,175,Mumbai Indians
1,Royal Challengers Bangalore,Rajasthan Royals,5.2,5,25,4.9,14.8,5,0,0,88,0.0,0.0,79,Rajasthan Royals
2,Rajasthan Royals,Royal Challengers Bangalore,16.2,4,79,9.75,3.8,6,80,1,22,0.26,0.0267,112,Rajasthan Royals
1,Royal Challengers Bangalore,Rajasthan Royals,16.7,3,86,5.15,3.3,7,0,0,19,0.0,0.0,99,Royal Challengers Bangalore
2,Rajasthan Royals,Royal Challengers Bangalore,14.6,8,73,5.05,5.4,2,100,27,32,5.0,0.9901,94,Royal Challengers Bangalore
1,Kolkata Knight Riders,Delhi Capitals,14.3,6,95,6.68,5.7,4,0,0,34,0.0,0.0,124,Kolkata Knight Riders
2,Delhi Capitals,Kolkata Knight Riders,9.4,6,48,5.12,10.6,4,125,77,63,7.26,1.418,95,Kolkata Knight Riders
1,Kolkata Knight Riders,Delhi Capitals,5.9,0,36,6.14,14.1,10,0,0,84,0.0,0.0,130,Kolkata Knight Riders
2,Delhi Capitals,Kolkata Knight Riders,18.1,3,104,5.79,1.9,7,131,27,11,14.21,2.4542,115,Kolkata Knight Riders
1,Mumbai Indians,Royal Challengers Bangalore,7.4,2,48,6.6,12.6,8,0,0,75,0.0,0.0,136,Royal Challengers Bangalore
2,Royal Challengers Bangalore,Mumbai Indians,5.8,1,46,7.94,14.2,9,137,91,85,6.41,0.8073,156,Royal Challengers Bangalore
1,Royal Challengers Bangalore,Mumbai Indians,18.6,0,150,8.09,1.4,10,0,0,8,0.0,0.0,161,Royal Challengers Bangalore
2,Mumbai Indians,Royal Challengers Bangalore,9.6,0,65,6.8,10.4,10,162,97,62,9.33,1.3721,146,Royal Challengers Bangalore
1,Sunrisers Hyderabad,Kolkata Knight Riders,6.6,9,44,6.68,13.4,1,0,0,80,0.0,0.0,107,Kolkata Knight Riders
2,Kolkata Knight Riders,Sunrisers Hyderabad,18.9,7,107,6.22,1.1,3,108,1,6,0.91,0.1463,112,Kolkata Knight Riders
1,Kolkata Knight Riders,Chennai Super Kings,6.9,3,54,7.86,13.1,7,0,0,78,0.0,0.0,153,Chennai Super Kings
2,Chennai Super Kings,Kolkata Knight Riders,16.6,1,153,10.93,3.4,9,154,1,20,0.29,0.0265,194,Chennai Super Kings
1,Mumbai Indians,Royal Challengers Bangalore,14.8,4,94,6.37,5.2,6,0,0,31,0.0,0.0,120,Mumbai Indians
2,Royal Challengers Bangalore,Mumbai Indians,18.6,4,107,5.77,1.4,6,121,14,8,10.0,1.7331,114,Mumbai Indians
1,Rajasthan Royals,Chennai Super Kings,7.4,9,55,7.52,12.6,1,0,0,75,0.0,0.0,122,Rajasthan Royals
2,Chennai Super Kings,Rajasthan Royals,9.5,5,46,4.88,10.5,5,123,77,63,7.33,1.502,84,Rajasthan Royals
1,Chennai Super Kings,Kolkata Knight Riders,6.6,8,58,8.9,13.4,2,0,0,80,0.0,0.0,149,Chennai Super Kings
2,Kolkata Knight Riders,Chennai Super Kings,18.9,9,101,5.38,1.1,1,150,49,6,44.55,8.2807,104,Chennai Super Kings
1,Royal Challengers Bangalore,Kolkata Knight Riders,8.8,8,39,4.5,11.2,2,0,0,67,0.0,0.0,77,Kolkata Knight Riders
2,Kolkata Knight Riders,Royal Challengers Bangalore,11.3,1,71,6.31,8.7,9,78,7,52,0.8,0.1268,123,Kolkata Knight Riders
1,Royal Challengers Bangalore,Punjab Kings,9.7,2,98,10.17,10.3,8,0,0,61,0.0,0.0,195,Royal Challengers Bangalore
2,Punjab Kings,Royal Challengers Bangalore,11.9,3,81,6.87,8.1,7,196,115,48,14.2,2.067,130,Royal Challengers Bangalore
1,Mumbai Indians,Royal Challengers Bangalore,12.0,2,119,9.95,8.0,8,0,0,48,0.0,0.0,198,Mumbai Indians
2,Royal Challengers Bangalore,Mumbai Indians,10.2,3,98,9.64,9.8,7,199,101,58,10.31,1.0695,190,Mumbai Indians
1,Sunrisers Hyderabad,Chennai Super Kings,8.1,3,57,7.1,11.9,7,0,0,71,0.0,0.0,129,Chennai Super Kings
2,Chennai Super Kings,Sunrisers Hyderabad,18.5,4,129,9.85,1.5,6,130,1,9,0.67,0.068,143,Chennai Super Kings
1,Chennai Super Kings,Punjab Kings,15.5,9,92,5.98,4.5,1,0,0,27,0.0,0.0,107,Punjab Kings
2,Punjab Kings,Chennai Super Kings,18.7,9,107,7.08,1.3,1,108,1,7,0.77,0.1088,113,Punjab Kings
1,Royal Challengers Bangalore,Sunrisers Hyderabad,14.8,3,84,5.7,5.2,7,0,0,31,0.0,0.0,107,Sunrisers Hyderabad
2,Sunrisers Hyderabad,Royal Challengers Bangalore,15.3,1,95,6.23,4.7,9,108,13,28,2.77,0.4446,127,Sunrisers Hyderabad
1,Mumbai Indians,Sunrisers Hyderabad,11.0,0,99,9.03,9.0,10,0,0,54,0.0,0.0,178,Mumbai Indians
2,Sunrisers Hyderabad,Mumbai Indians,18.8,1,128,6.85,1.2,9,179,51,7,42.5,6.2044,135,Mumbai Indians
1,Kolkata Knight Riders,Sunrisers Hyderabad,6.6,9,48,7.39,13.4,1,0,0,80,0.0,0.0,112,Kolkata Knight Riders
2,Sunrisers Hyderabad,Kolkata Knight Riders,11.3,8,67,5.97,8.7,2,113,46,52,5.29,0.8861,98,Kolkata Knight Riders
1,Punjab Kings,Sunrisers Hyderabad,9.7,8,55,5.74,10.3,2,0,0,61,0.0,0.0,91,Sunrisers Hyderabad
2,Sunrisers Hyderabad,Punjab Kings,5.5,3,47,8.69,14.5,7,92,45,87,3.1,0.3567,153,Sunrisers Hyderabad
1,Delhi Capitals,Mumbai Indians,11.6,9,69,6.02,8.4,1,0,0,50,0.0,0.0,98,Mumbai Indians
2,Mumbai Indians,Delhi Capitals,17.1,6,98,8.45,2.9,4,99,1,17,0.34,0.0402,116,Mumbai Indians
1,Rajasthan Royals,Punjab Kings,5.2,8,30,5.94,14.8,2,0,0,88,0.0,0.0,96,Punjab Kings
2,Punjab Kings,Rajasthan Royals,8.5,2,82,9.71,11.5,8,97,15,69,1.3,0.1339,176,Punjab Kings
1,Delhi Capitals,Rajasthan Royals,10.8,3,77,7.19,9.2,7,0,0,55,0.0,0.0,131,Delhi Capitals
2,Rajasthan Royals,Delhi Capitals,13.5,8,87,6.49,6.5,2,132,45,39,6.92,1.0663,119,Delhi Capitals
1,Sunrisers Hyderabad,Royal Challengers Bangalore,14.6,4,97,6.7,5.4,6,0,0,32,0.0,0.0,131,Royal Challengers Bangalore
2,Royal Challengers Bangalore,Sunrisers Hyderabad,10.6,3,100,9.47,9.4,7,132,32,56,3.4,0.359,185,Royal Challengers Bangalore
1,Chennai Super Kings,Rajasthan Royals,11.8,8,83,7.06,8.2,2,0,0,49,0.0,0.0,119,Rajasthan Royals
2,Rajasthan Royals,Chennai Super Kings,18.0,9,118,6.6,2.0,1,120,2,12,1.0,0.1515,125,Rajasthan Royals
1,Chennai Super Kings,Mumbai Indians,9.9,7,69,7.04,10.1,3,0,0,60,0.0,0.0,118,Mumbai Indians
2,Mumbai Indians,Chennai Super Kings,11.3,3,117,10.37,8.7,7,119,2,52,0.23,0.0222,190,Mumbai Indians
1,Royal Challengers Bangalore,Rajasthan Royals,5.1,3,40,7.96,14.9,7,0,0,89,0.0,0.0,129,Royal Challengers Bangalore
2,Rajasthan Royals,Royal Challengers Bangalore,14.5,5,89,6.19,5.5,5,130,41,33,7.45,1.2036,113,Royal Challengers Bangalore
1,Chennai Super Kings,Royal Challengers Bangalore,10.2,4,89,8.76,9.8,6,0,0,58,0.0,0.0,152,Chennai Super Kings
2,Royal Challengers Bangalore,Chennai Super Kings,5.4,9,39,7.29,14.6,1,153,114,87,7.81,1.0713,117,Chennai Super Kings
1,Punjab Kings,Mumbai Indians,7.3,4,71,9.76,12.7,6,0,0,76,0.0,0.0,188,Punjab Kings
2,Mumbai Indians,Punjab Kings,6.8,5,69,10.21,13.2,5,189,120,79,9.09,0.8903,174,Punjab Kings
1,Kolkata Knight Riders,Royal Challengers Bangalore,18.7,6,181,9.73,1.3,4,0,0,7,0.0,0.0,191,Kolkata Knight Riders
2,Royal Challengers Bangalore,Kolkata Knight Riders,5.1,8,30,6.0,14.9,2,192,162,89,10.87,1.8117,100,Kolkata Knight Riders
1,Rajasthan Royals,Kolkata Knight Riders,16.2,3,94,5.81,3.8,7,0,0,22,0.0,0.0,116,Kolkata Knight Riders
2,Kolkata Knight Riders,Rajasthan Royals,12.3,4,106,8.66,7.7,6,117,11,46,1.43,0.1651,167,Kolkata Knight Riders
1,Punjab Kings,Rajasthan Royals,12.4,5,86,6.95,7.6,5,0,0,45,0.0,0.0,127,Rajasthan Royals
2,Rajasthan Royals,Punjab Kings,14.1,6,99,7.08,5.9,4,128,29,35,4.92,0.6949,132,Rajasthan Royals
1,Punjab Kings,Sunrisers Hyderabad,16.9,2,118,7.03,3.1,8,0,0,18,0.0,0.0,138,Punjab Kings
2,Sunrisers Hyderabad,Punjab Kings,19.4,7,135,6.97,0.6,3,139,4,3,6.67,0.957,138,Punjab Kings
1,Chennai Super Kings,Royal Challengers Bangalore,16.2,9,104,6.42,3.8,1,0,0,22,0.0,0.0,118,Royal Challengers Bangalore
2,Royal Challengers Bangalore,Chennai Super Kings,8.7,7,65,7.48,11.3,3,119,54,67,4.78,0.639,126,Royal Challengers Bangalore
1,Chennai Super Kings,Kolkata Knight Riders,16.1,7,100,6.22,3.9,3,0,0,23,0.0,0.0,119,Kolkata Knight Riders
2,Kolkata Knight Riders,Chennai Super Kings,6.2,0,68,11.01,13.8,10,120,52,82,3.77,0.3424,206,Kolkata Knight Riders
1,Mumbai Indians,Delhi Capitals,18.1,6,104,5.76,1.9,4,0,0,11,0.0,0.0,113,Mumbai Indians
2,Delhi Capitals,Mumbai Indians,13.2,8,61,4.66,6.8,2,114,53,40,7.79,1.6717,79,Mumbai Indians
1,Kolkata Knight Riders,Chennai Super Kings,18.0,7,173,9.62,2.0,3,0,0,12,0.0,0.0,186,Kolkata Knight Riders
2,Chennai Super Kings,Kolkata Knight Riders,13.1,0,106,8.1,6.9,10,187,81,41,11.74,1.4494,154,Kolkata Knight Riders
1,Delhi Capitals,Chennai Super Kings,17.6,9,144,8.21,2.4,1,0,0,14,0.0,0.0,157,Chennai Super Kings
2,Chennai Super Kings,Delhi Capitals,17.0,6,157,9.36,3.0,4,158,1,18,0.33,0.0353,176,Chennai Super Kings
1,Sunrisers Hyderabad,Chennai Super Kings,18.5,9,114,6.2,1.5,1,0,0,9,0.0,0.0,121,Chennai Super Kings
2,Chennai Super Kings,Sunrisers Hyderabad,10.9,5,104,9.56,9.1,5,122,18,54,1.98,0.2071,165,Chennai Super Kings
1,Mumbai Indians,Delhi Capitals,9.7,3,56,5.82,10.3,7,0,0,61,0.0,0.0,108,Delhi Capitals
2,Delhi Capitals,Mumbai Indians,16.1,0,108,8.47,3.9,10,109,1,23,0.26,0.0307,142,Delhi Capitals
1,Punjab Kings,Rajasthan Royals,17.0,8,124,7.3,3.0,2,0,0,18,0.0,0.0,140,Punjab Kings
2,Rajasthan Royals,Punjab Kings,15.5,5,77,5.02,4.5,5,141,64,27,14.22,2.8327,95,Punjab Kings
1,Kolkata Knight Riders,Rajasthan Royals,10.1,1,86,8.52,9.9,9,0,0,59,0.0,0.0,162,Kolkata Knight Riders
2,Rajasthan Royals,Kolkata Knight Riders,17.9,3,105,5.87,2.1,7,163,58,12,27.62,4.7053,117,Kolkata Knight Riders
1,Sunrisers Hyderabad,Royal Challengers Bangalore,12.6,6,57,4.53,7.4,4,0,0,44,0.0,0.0,81,Royal Challengers Bangalore
2,Royal Challengers Bangalore,Sunrisers Hyderabad,17.6,0,81,8.73,2.4,10,82,1,14,0.42,0.0481,101,Royal Challengers Bangalore
1,Delhi Capitals,Mumbai Indians,15.7,8,92,5.87,4.3,2,0,0,25,0.0,0.0,108,Mumbai Indians
2,Mumbai Indians,Delhi Capitals,11.2,2,84,7.5,8.8,8,109,25,52,2.84,0.3787,144,Mumbai Indians
1,Kolkata Knight Riders,Rajasthan Royals,12.2,4,72,5.98,7.8,6,0,0,46,0.0,0.0,111,Rajasthan Royals
2,Rajasthan Royals,Kolkata Knight Riders,12.8,4,75,5.9,7.2,6,112,37,43,5.14,0.8712,113,Rajasthan Royals
1,Kolkata Knight Riders,Chennai Super Kings,18.1,1,140,7.78,1.9,9,0,0,11,0.0,0.0,153,Kolkata Knight Riders
2,Chennai Super Kings,Kolkata Knight Riders,8.8,7,59,6.81,11.2,3,154,95,67,8.48,1.2452,112,Kolkata Knight Riders
1,Kolkata Knight Riders,Delhi Capitals,16.3,6,118,7.24,3.7,4,0,0,22,0.0,0.0,141,Kolkata Knight Riders
2,Delhi Capitals,Kolkata Knight Riders,5.4,6,45,8.42,14.6,4,142,97,87,6.64,0.7886,125,Kolkata Knight Riders
1,Delhi Capitals,Chennai Super Kings,7.4,9,59,8.05,12.6,1,0,0,75,0.0,0.0,122,Chennai Super Kings
2,Chennai Super Kings,Delhi Capitals,10.3,3,84,8.25,9.7,7,123,39,58,4.02,0.4873,154,Chennai Super Kings
1,Delhi Capitals,Kolkata Knight Riders,11.5,0,120,10.5,8.5,10,0,0,51,0.0,0.0,204,Delhi Capitals
2,Kolkata Knight Riders,Delhi Capitals,7.6,9,55,7.32,12.4,1,205,150,74,12.1,1.653,112,Delhi Capitals
1,Sunrisers Hyderabad,Mumbai Indians,10.3,0,91,8.88,9.7,10,0,0,58,0.0,0.0,169,Mumbai Indians
2,Mumbai Indians,Sunrisers Hyderabad,11.3,0,119,10.59,8.7,10,170,51,52,5.86,0.5534,203,Mumbai Indians
1,Royal Challengers Bangalore,Chennai Super Kings,16.2,0,93,5.76,3.8,10,0,0,22,0.0,0.0,116,Royal Challengers Bangalore
2,Chennai Super Kings,Royal Challengers Bangalore,13.1,6,74,5.66,6.9,4,117,43,41,6.23,1.1007,107,Royal Challengers Bangalore
1,Punjab Kings,Kolkata Knight Riders,13.8,8,68,4.99,6.2,2,0,0,37,0.0,0.0,92,Kolkata Knight Riders
2,Kolkata Knight Riders,Punjab Kings,17.3,0,92,10.54,2.7,10,93,1,16,0.37,0.0351,119,Kolkata Knight Riders
1,Chennai Super Kings,Rajasthan Royals,13.9,0,91,6.58,6.1,10,0,0,36,0.0,0.0,125,Rajasthan Royals
2,Rajasthan Royals,Chennai Super Kings,13.4,0,102,7.66,6.6,10,126,24,39,3.64,0.4752,155,Rajasthan Royals
1,Sunrisers Hyderabad,Kolkata Knight Riders,7.0,2,57,8.24,13.0,8,0,0,78,0.0,0.0,153,Kolkata Knight Riders
2,Kolkata Knight Riders,Sunrisers Hyderabad,18.9,2,153,9.79,1.1,8,154,1,6,0.91,0.093,164,Kolkata Knight Riders
1,Mumbai Indians,Kolkata Knight Riders,17.5,7,140,8.01,2.5,3,0,0,15,0.0,0.0,156,Kolkata Knight Riders
2,Kolkata Knight Riders,Mumbai Indians,10.9,3,105,9.64,9.1,7,157,52,54,5.71,0.5923,174,Kolkata Knight Riders
1,Royal Challengers Bangalore,Kolkata Knight Riders,8.7,9,61,7.06,11.3,1,0,0,67,0.0,0.0,112,Kolkata Knight Riders
2,Kolkata Knight Riders,Royal Challengers Bangalore,18.9,9,112,7.39,1.1,1,113,1,6,0.91,0.1231,118,Kolkata Knight Riders
1,Rajasthan Royals,Royal Challengers Bangalore,9.7,9,72,7.45,10.3,1,0,0,61,0.0,0.0,119,Royal Challengers Bangalore
2,Royal Challengers Bangalore,Rajasthan Royals,13.9,0,94,6.78,6.1,10,120,26,36,4.26,0.6283,140,Royal Challengers Bangalore
1,Kolkata Knight Riders,Punjab Kings,12.3,4,106,8.64,7.7,6,0,0,46,0.0,0.0,160,Punjab Kings
2,Punjab Kings,Kolkata Knight Riders,7.8,1,70,9.0,12.2,9,161,91,73,7.46,0.8289,173,Punjab Kings
1,Royal Challengers Bangalore,Sunrisers Hyderabad,18.7,3,161,8.62,1.3,7,0,0,7,0.0,0.0,171,Royal Challengers Bangalore
2,Sunrisers Hyderabad,Royal Challengers Bangalore,11.7,4,86,7.4,8.3,6,172,86,49,10.36,1.4,133,Royal Challengers Bangalore
1,Royal Challengers Bangalore,Mumbai Indians,14.1,6,122,8.68,5.9,4,0,0,35,0.0,0.0,166,Royal Challengers Bangalore
2,Mumbai Indians,Royal Challengers Bangalore,5.8,5,51,8.8,14.2,5,167,116,85,8.17,0.9284,139,Royal Challengers Bangalore
1,Delhi Capitals,Royal Challengers Bangalore,13.4,3,123,9.24,6.6,7,0,0,39,0.0,0.0,179,Delhi Capitals
2,Royal Challengers Bangalore,Delhi Capitals,15.2,8,92,6.09,4.8,2,180,88,28,18.33,3.0099,110,Delhi Capitals
1,Sunrisers Hyderabad,Punjab Kings,17.2,1,178,10.4,2.8,9,0,0,16,0.0,0.0,205,Sunrisers Hyderabad
2,Punjab Kings,Sunrisers Hyderabad,8.4,9,47,5.65,11.6,1,206,159,69,13.71,2.4265,91,Sunrisers Hyderabad
1,Kolkata Knight Riders,Rajasthan Royals,14.7,5,124,8.45,5.3,5,0,0,31,0.0,0.0,164,Kolkata Knight Riders
2,Rajasthan Royals,Kolkata Knight Riders,17.2,5,105,6.11,2.8,5,165,60,16,21.43,3.5074,118,Kolkata Knight Riders
1,Chennai Super Kings,Rajasthan Royals,7.7,7,58,7.63,12.3,3,0,0,73,0.0,0.0,126,Chennai Super Kings
2,Rajasthan Royals,Chennai Super Kings,14.4,8,92,6.42,5.6,2,127,35,33,6.25,0.9735,119,Chennai Super Kings
1,Rajasthan Royals,Punjab Kings,19.3,2,111,5.8,0.7,8,0,0,4,0.0,0.0,114,Punjab Kings
2,Punjab Kings,Rajasthan Royals,5.3,8,49,9.43,14.7,2,115,66,88,4.49,0.4761,130,Punjab Kings
1,Rajasthan Royals,Kolkata Knight Riders,12.0,3,100,8.35,8.0,7,0,0,48,0.0,0.0,163,Rajasthan Royals
2,Kolkata Knight Riders,Rajasthan Royals,14.7,8,119,8.14,5.3,2,164,45,31,8.49,1.043,144,Rajasthan Royals
1,Royal Challengers Bangalore,Kolkata Knight Riders,14.7,2,127,8.7,5.3,8,0,0,31,0.0,0.0,167,Royal Challengers Bangalore
2,Kolkata Knight Riders,Royal Challengers Bangalore,16.2,7,120,7.44,3.8,3,168,48,22,12.63,1.6976,140,Royal Challengers Bangalore
1,Sunrisers Hyderabad,Royal Challengers Bangalore,5.8,2,38,6.56,14.2,8,0,0,85,0.0,0.0,130,Royal Challengers Bangalore
2,Royal Challengers Bangalore,Sunrisers Hyderabad,12.2,1,121,9.99,7.8,9,131,10,46,1.28,0.1281,192,Royal Challengers Bangalore
1,Punjab Kings,Royal Challengers Bangalore,8.7,3,69,8.02,11.3,7,0,0,67,0.0,0.0,157,Punjab Kings
2,Royal Challengers Bangalore,Punjab Kings,18.0,0,114,6.34,2.0,10,158,44,12,22.0,3.47,129,Punjab Kings
1,Chennai Super Kings,Mumbai Indians,5.1,2,26,5.26,14.9,8,0,0,89,0.0,0.0,97,Chennai Super Kings
2,Mumbai Indians,Chennai Super Kings,9.1,9,37,4.16,10.9,1,98,61,65,5.6,1.3462,70,Chennai Super Kings
1,Delhi Capitals,Punjab Kings,5.8,2,35,6.2,14.2,8,0,0,85,0.0,0.0,126,Delhi Capitals
2,Punjab Kings,Delhi Capitals,5.8,6,37,6.54,14.2,4,127,90,85,6.34,0.9694,117,Delhi Capitals
1,Delhi Capitals,Chennai Super Kings,10.0,5,82,8.25,10.0,5,0,0,60,0.0,0.0,150,Delhi Capitals
2,Chennai Super Kings,Delhi Capitals,7.4,4,39,5.36,12.6,6,151,112,75,8.89,1.6586,101,Delhi Capitals
1,Punjab Kings,Delhi Capitals,18.4,3,104,5.7,1.6,7,0,0,9,0.0,0.0,112,Delhi Capitals
2,Delhi Capitals,Punjab Kings,8.6,5,88,10.28,11.4,5,113,25,68,2.19,0.213,185,Delhi Capitals
1,Punjab Kings,Rajasthan Royals,19.2,1,125,6.55,0.8,9,0,0,4,0.0,0.0,130,Punjab Kings
2,Rajasthan Royals,Punjab Kings,12.3,5,71,5.82,7.7,5,131,60,46,7.79,1.3385,105,Punjab Kings
1,Kolkata Knight Riders,Rajasthan Royals,18.0,9,109,6.06,2.0,1,0,0,12,0.0,0.0,118,Rajasthan Royals
2,Rajasthan Royals,Kolkata Knight Riders,5.4,0,39,7.31,14.6,10,119,80,87,5.48,0.7497,138,Rajasthan Royals
1,Rajasthan Royals,Sunrisers Hyderabad,7.1,5,38,5.49,12.9,5,0,0,77,0.0,0.0,87,Sunrisers Hyderabad
2,Sunrisers Hyderabad,Rajasthan Royals,6.8,8,53,7.8,13.2,2,88,35,79,2.65,0.3397,119,Sunrisers Hyderabad
1,Mumbai Indians,Royal Challengers Bangalore,17.2,9,87,5.09,2.8,1,0,0,16,0.0,0.0,96,Royal Challengers Bangalore
2,Royal Challengers Bangalore,Mumbai Indians,8.7,0,76,8.81,11.3,10,97,21,67,1.86,0.2111,163,Royal Challengers Bangalore
1,Rajasthan Royals,Delhi Capitals,13.1,2,124,9.5,6.9,8,0,0,41,0.0,0.0,185,Rajasthan Royals
2,Delhi Capitals,Rajasthan Royals,6.4,3,46,7.25,13.6,7,186,140,81,10.29,1.4193,125,Rajasthan Royals
1,Kolkata Knight Riders,Sunrisers Hyderabad,17.2,8,123,7.16,2.8,2,0,0,16,0.0,0.0,136,Sunrisers Hyderabad
2,Sunrisers Hyderabad,Kolkata Knight Riders,16.9,2,136,9.93,3.1,8,137,1,18,0.32,0.0322,160,Sunrisers Hyderabad
1,Punjab Kings,Sunrisers Hyderabad,17.1,2,123,7.2,2.9,8,0,0,17,0.0,0.0,141,Punjab Kings
2,Sunrisers Hyderabad,Punjab Kings,7.0,6,28,4.14,13.0,4,142,114,78,8.77,2.1184,65,Punjab Kings
1,Rajasthan Royals,Royal Challengers Bangalore,10.0,8,52,5.27,10.0,2,0,0,60,0.0,0.0,89,Royal Challengers Bangalore
2,Royal Challengers Bangalore,Rajasthan Royals,10.6,3,79,7.53,9.4,7,90,11,56,1.17,0.1554,140,Royal Challengers Bangalore
1,Rajasthan Royals,Delhi Capitals,12.2,2,71,5.83,7.8,8,0,0,46,0.0,0.0,112,Rajasthan Royals
2,Delhi Capitals,Rajasthan Royals,7.2,8,38,5.41,12.8,2,113,75,76,5.86,1.0832,79,Rajasthan Royals
1,Punjab Kings,Chennai Super Kings,12.1,4,109,9.02,7.9,6,0,0,47,0.0,0.0,165,Chennai Super Kings
2,Chennai Super Kings,Punjab Kings,16.6,0,165,11.07,3.4,10,166,1,20,0.29,0.0262,198,Chennai Super Kings
1,Delhi Capitals,Punjab Kings,12.8,0,119,9.31,7.2,10,0,0,43,0.0,0.0,185,Delhi Capitals
2,Punjab Kings,Delhi Capitals,11.9,3,64,5.45,8.1,7,186,122,48,15.06,2.7633,102,Delhi Capitals
1,Chennai Super Kings,Punjab Kings,6.5,4,58,9.0,13.5,6,0,0,81,0.0,0.0,168,Chennai Super Kings
2,Punjab Kings,Chennai Super Kings,13.7,7,58,4.26,6.3,3,169,111,37,17.62,4.1362,77,Chennai Super Kings
1,Punjab Kings,Kolkata Knight Riders,11.9,6,86,7.25,8.1,4,0,0,48,0.0,0.0,126,Kolkata Knight Riders
2,Kolkata Knight Riders,Punjab Kings,18.1,9,126,9.69,1.9,1,127,1,11,0.53,0.0547,137,Kolkata Knight Riders
1,Mumbai Indians,Punjab Kings,14.7,6,77,5.3,5.3,4,0,0,31,0.0,0.0,98,Mumbai Indians
2,Punjab Kings,Mumbai Indians,13.7,4,62,4.56,6.3,6,99,37,37,5.87,1.2873,87,Mumbai Indians
1,Kolkata Knight Riders,Punjab Kings,14.2,2,133,9.43,5.8,8,0,0,34,0.0,0.0,190,Kolkata Knight Riders
2,Punjab Kings,Kolkata Knight Riders,16.0,9,88,5.56,4.0,1,191,103,24,25.75,4.6313,104,Kolkata Knight Riders
1,Kolkata Knight Riders,Mumbai Indians,16.4,2,106,6.48,3.6,8,0,0,21,0.0,0.0,129,Mumbai Indians
2,Mumbai Indians,Kolkata Knight Riders,18.2,1,129,8.36,1.8,9,130,1,10,0.56,0.067,145,Mumbai Indians
1,Sunrisers Hyderabad,Rajasthan Royals,9.4,0,89,9.53,10.6,10,0,0,63,0.0,0.0,198,Sunrisers Hyderabad
2,Rajasthan Royals,Sunrisers Hyderabad,8.7,7,73,8.5,11.3,3,199,126,67,11.15,1.3118,133,Sunrisers Hyderabad
1,Punjab Kings,Chennai Super Kings,14.8,6,90,6.09,5.2,4,0,0,31,0.0,0.0,116,Chennai Super Kings
2,Chennai Super Kings,Punjab Kings,8.0,6,76,9.58,12.0,4,117,41,72,3.42,0.357,171,Chennai Super Kings
1,Punjab Kings,Sunrisers Hyderabad,5.2,7,45,8.81,14.8,3,0,0,88,0.0,0.0,135,Sunrisers Hyderabad
2,Sunrisers Hyderabad,Punjab Kings,16.5,8,135,8.63,3.5,2,136,1,21,0.29,0.0336,153,Sunrisers Hyderabad
1,Delhi Capitals,Mumbai Indians,11.6,9,52,4.5,8.4,1,0,0,50,0.0,0.0,73,Mumbai Indians
2,Mumbai Indians,Delhi Capitals,15.3,2,73,8.13,4.7,8,74,1,28,0.21,0.0258,110,Mumbai Indians
1,Kolkata Knight Riders,Chennai Super Kings,14.5,0,107,7.44,5.5,10,0,0,33,0.0,0.0,146,Kolkata Knight Riders
2,Chennai Super Kings,Kolkata Knight Riders,17.5,3,102,5.85,2.5,7,147,45,15,18.0,3.0769,117,Kolkata Knight Riders
1,Kolkata Knight Riders,Rajasthan Royals,9.8,0,62,6.39,10.2,10,0,0,61,0.0,0.0,131,Kolkata Knight Riders
2,Rajasthan Royals,Kolkata Knight Riders,6.0,6,35,5.87,14.0,4,132,97,84,6.93,1.1806,98,Kolkata Knight Riders
1,Delhi Capitals,Royal Challengers Bangalore,10.2,8,83,8.2,9.8,2,0,0,58,0.0,0.0,138,Delhi Capitals
2,Royal Challengers Bangalore,Delhi Capitals,11.0,5,55,5.0,9.0,5,139,84,54,9.33,1.866,95,Delhi Capitals
1,Royal Challengers Bangalore,Mumbai Indians,9.6,2,53,5.6,10.4,8,0,0,62,0.0,0.0,108,Mumbai Indians
2,Mumbai Indians,Royal Challengers Bangalore,16.8,9,108,8.1,3.2,1,109,1,19,0.31,0.0383,124,Mumbai Indians
1,Rajasthan Royals,Delhi Capitals,7.9,9,60,7.69,12.1,1,0,0,72,0.0,0.0,128,Rajasthan Royals
2,Delhi Capitals,Rajasthan Royals,14.6,5,93,6.38,5.4,5,129,36,32,6.67,1.0455,123,Rajasthan Royals
1,Rajasthan Royals,Delhi Capitals,14.1,6,112,7.95,5.9,4,0,0,35,0.0,0.0,151,Rajasthan Royals
2,Delhi Capitals,Rajasthan Royals,13.8,4,103,7.52,6.2,6,152,49,37,7.9,1.0505,146,Rajasthan Royals
1,Chennai Super Kings,Punjab Kings,12.8,9,105,8.27,7.2,1,0,0,43,0.0,0.0,138,Chennai Super Kings
2,Punjab Kings,Chennai Super Kings,13.0,4,54,4.19,7.0,6,139,85,42,12.14,2.8974,77,Chennai Super Kings
1,Kolkata Knight Riders,Rajasthan Royals,7.9,7,67,8.52,12.1,3,0,0,72,0.0,0.0,133,Rajasthan Royals
2,Rajasthan Royals,Kolkata Knight Riders,14.8,4,109,7.4,5.2,6,134,25,31,4.81,0.65,141,Rajasthan Royals
1,Kolkata Knight Riders,Rajasthan Royals,7.8,3,64,8.21,12.2,7,0,0,73,0.0,0.0,156,Kolkata Knight Riders
2,Rajasthan Royals,Kolkata Knight Riders,18.2,0,112,6.2,1.8,10,157,45,10,25.0,4.0323,124,Kolkata Knight Riders
1,Chennai Super Kings,Kolkata Knight Riders,9.9,0,78,7.93,10.1,10,0,0,60,0.0,0.0,154,Chennai Super Kings
2,Kolkata Knight Riders,Chennai Super Kings,5.3,5,34,6.44,14.7,5,155,121,88,8.23,1.278,106,Chennai Super Kings
1,Kolkata Knight Riders,Sunrisers Hyderabad,7.8,2,76,9.85,12.2,8,0,0,73,0.0,0.0,196,Kolkata Knight Riders
2,Sunrisers Hyderabad,Kolkata Knight Riders,11.3,0,57,5.08,8.7,10,197,140,52,16.09,3.1673,99,Kolkata Knight Riders
1,Royal Challengers Bangalore,Punjab Kings,12.3,2,87,7.14,7.7,8,0,0,46,0.0,0.0,143,Royal Challengers Bangalore
2,Punjab Kings,Royal Challengers Bangalore,7.8,6,42,5.5,12.2,4,144,102,73,8.36,1.52,91,Royal Challengers Bangalore
1,Delhi Capitals,Rajasthan Royals,13.5,5,67,5.01,6.5,5,0,0,39,0.0,0.0,92,Rajasthan Royals
2,Rajasthan Royals,Delhi Capitals,6.6,4,53,8.15,13.4,6,93,40,80,2.99,0.3669,153,Rajasthan Royals
1,Punjab Kings,Delhi Capitals,14.6,1,114,7.81,5.4,9,0,0,32,0.0,0.0,151,Delhi Capitals
2,Delhi Capitals,Punjab Kings,13.6,2,124,9.18,6.4,8,152,28,38,4.38,0.4771,185,Delhi Capitals
1,Royal Challengers Bangalore,Delhi Capitals,17.5,7,95,5.45,2.5,3,0,0,15,0.0,0.0,104,Delhi Capitals
2,Delhi Capitals,Royal Challengers Bangalore,12.2,9,104,9.08,7.8,1,105,1,46,0.13,0.0143,143,Delhi Capitals
1,Punjab Kings,Rajasthan Royals,16.8,3,118,7.03,3.2,7,0,0,19,0.0,0.0,139,Rajasthan Royals
2,Rajasthan Royals,Punjab Kings,12.4,0,101,8.15,7.6,10,140,39,45,5.13,0.6294,154,Rajasthan Royals
1,Punjab Kings,Sunrisers Hyderabad,11.4,9,88,7.74,8.6,1,0,0,51,0.0,0.0,130,Punjab Kings
2,Sunrisers Hyderabad,Punjab Kings,16.4,7,91,5.58,3.6,3,131,40,21,11.11,1.991,107,Punjab Kings
1,Mumbai Indians,Rajasthan Royals,8.0,6,53,6.69,12.0,4,0,0,72,0.0,0.0,107,Mumbai Indians
2,Rajasthan Royals,Mumbai Indians,13.5,5,74,5.5,6.5,5,108,34,39,5.23,0.9509,101,Mumbai Indians
1,Mumbai Indians,Kolkata Knight Riders,5.4,1,54,10.05,14.6,9,0,0,87,0.0,0.0,177,Mumbai Indians
2,Kolkata Knight Riders,Mumbai Indians,7.5,3,42,5.62,12.5,7,178,136,75,10.88,1.9359,107,Mumbai Indians
1,Kolkata Knight Riders,Royal Challengers Bangalore,14.8,7,135,9.14,5.2,3,0,0,31,0.0,0.0,172,Kolkata Knight Riders
2,Royal Challengers Bangalore,Kolkata Knight Riders,14.0,4,104,7.44,6.0,6,173,69,36,11.5,1.5457,145,Kolkata Knight Riders
1,Punjab Kings,Rajasthan Royals,13.3,6,66,5.03,6.7,4,0,0,40,0.0,0.0,89,Rajasthan Royals
2,Rajasthan Royals,Punjab Kings,11.3,3,89,9.87,8.7,7,90,1,52,0.11,0.0111,166,Rajasthan Royals
1,Chennai Super Kings,Delhi Capitals,5.7,8,53,9.42,14.3,2,0,0,85,0.0,0.0,131,Delhi Capitals
2,Delhi Capitals,Chennai Super Kings,14.1,3,131,9.53,5.9,7,132,1,35,0.17,0.0178,180,Delhi Capitals
1,Delhi Capitals,Chennai Super Kings,15.0,8,115,7.71,5.0,2,0,0,30,0.0,0.0,139,Delhi Capitals
2,Chennai Super Kings,Delhi Capitals,8.3,2,50,6.12,11.7,8,140,90,70,7.69,1.2565,113,Delhi Capitals
1,Rajasthan Royals,Sunrisers Hyderabad,12.1,8,76,6.33,7.9,2,0,0,47,0.0,0.0,108,Sunrisers Hyderabad
2,Sunrisers Hyderabad,Rajasthan Royals,16.7,4,108,7.82,3.3,6,109,1,19,0.3,0.0384,132,Sunrisers Hyderabad
1,Royal Challengers Bangalore,Mumbai Indians,11.1,1,84,7.65,8.9,9,0,0,53,0.0,0.0,159,Royal Challengers Bangalore
2,Mumbai Indians,Royal Challengers Bangalore,10.1,6,82,8.21,9.9,4,160,78,59,7.88,0.9598,152,Royal Challengers Bangalore
1,Punjab Kings,Chennai Super Kings,8.7,9,37,4.36,11.3,1,0,0,67,0.0,0.0,65,Chennai Super Kings
2,Chennai Super Kings,Punjab Kings,19.3,0,65,4.95,0.7,10,66,1,4,1.43,0.2889,69,Chennai Super Kings
1,Chennai Super Kings,Sunrisers Hyderabad,14.7,4,70,4.78,5.3,6,0,0,31,0.0,0.0,92,Sunrisers Hyderabad
2,Sunrisers Hyderabad,Chennai Super Kings,8.8,7,53,6.11,11.2,3,93,40,67,3.57,0.5843,98,Sunrisers Hyderabad
1,Punjab Kings,Kolkata Knight Riders,18.2,8,98,5.41,1.8,2,0,0,10,0.0,0.0,105,Kolkata Knight Riders
2,Kolkata Knight Riders,Punjab Kings,14.9,7,88,5.92,5.1,3,106,18,30,3.53,0.5963,112,Kolkata Knight Riders
1,Chennai Super Kings,Mumbai Indians,13.9,2,71,5.12,6.1,8,0,0,36,0.0,0.0,99,Mumbai Indians
2,Mumbai Indians,Chennai Super Kings,7.5,7,61,8.21,12.5,3,100,39,75,3.12,0.38,139,Mumbai Indians
1,Punjab Kings,Sunrisers Hyderabad,5.0,8,33,6.62,15.0,2,0,0,90,0.0,0.0,93,Sunrisers Hyderabad
2,Sunrisers Hyderabad,Punjab Kings,16.1,8,87,5.42,3.9,2,94,7,23,1.79,0.3303,100,Sunrisers Hyderabad
1,Royal Challengers Bangalore,Punjab Kings,9.2,1,91,9.98,10.8,9,0,0,64,0.0,0.0,189,Royal Challengers Bangalore
2,Punjab Kings,Royal Challengers Bangalore,11.2,5,112,10.03,8.8,5,190,78,52,8.86,0.8833,186,Royal Challengers Bangalore
1,Sunrisers Hyderabad,Chennai Super Kings,18.3,0,124,6.82,1.7,10,0,0,10,0.0,0.0,136,Sunrisers Hyderabad
2,Chennai Super Kings,Sunrisers Hyderabad,9.6,8,69,7.22,10.4,2,137,68,62,6.54,0.9058,116,Sunrisers Hyderabad
1,Rajasthan Royals,Mumbai Indians,7.3,5,43,6.02,12.7,5,0,0,76,0.0,0.0,105,Mumbai Indians
2,Mumbai Indians,Rajasthan Royals,10.7,4,88,8.29,9.3,6,106,18,55,1.94,0.234,161,Mumbai Indians
1,Chennai Super Kings,Punjab Kings,7.2,3,73,10.18,12.8,7,0,0,76,0.0,0.0,199,Chennai Super Kings
2,Punjab Kings,Chennai Super Kings,6.8,7,57,8.49,13.2,3,200,143,79,10.83,1.2756,135,Chennai Super Kings
1,Chennai Super Kings,Delhi Capitals,6.3,0,50,8.07,13.7,10,0,0,82,0.0,0.0,146,Delhi Capitals
2,Delhi Capitals,Chennai Super Kings,13.6,6,122,8.98,6.4,4,147,25,38,3.91,0.4354,161,Delhi Capitals
1,Chennai Super Kings,Rajasthan Royals,12.9,9,84,6.56,7.1,1,0,0,42,0.0,0.0,118,Chennai Super Kings
2,Rajasthan Royals,Chennai Super Kings,11.4,3,64,5.64,8.6,7,119,55,51,6.4,1.1348,104,Chennai Super Kings
1,Kolkata Knight Riders,Sunrisers Hyderabad,10.0,3,60,6.07,10.0,7,0,0,60,0.0,0.0,107,Sunrisers Hyderabad
2,Sunrisers Hyderabad,Kolkata Knight Riders,5.3,0,40,7.56,14.7,10,108,68,88,4.63,0.6124,164,Sunrisers Hyderabad
1,Sunrisers Hyderabad,Chennai Super Kings,10.8,4,53,4.98,9.2,6,0,0,55,0.0,0.0,86,Chennai Super Kings
2,Chennai Super Kings,Sunrisers Hyderabad,12.2,9,86,8.58,7.8,1,87,1,46,0.13,0.0152,124,Chennai Super Kings
1,Delhi Capitals,Chennai Super Kings,17.7,6,171,9.7,2.3,4,0,0,13,0.0,0.0,186,Delhi Capitals
2,Chennai Super Kings,Delhi Capitals,13.8,8,127,9.22,6.2,2,187,60,37,9.68,1.0499,163,Delhi Capitals
1,Kolkata Knight Riders,Punjab Kings,19.2,2,177,9.24,0.8,8,0,0,4,0.0,0.0,184,Kolkata Knight Riders
2,Punjab Kings,Kolkata Knight Riders,13.8,7,98,7.13,6.2,3,185,87,37,14.03,1.9677,128,Kolkata Knight Riders
1,Royal Challengers Bangalore,Kolkata Knight Riders,6.3,9,33,5.38,13.7,1,0,0,82,0.0,0.0,76,Kolkata Knight Riders
2,Kolkata Knight Riders,Royal Challengers Bangalore,13.5,1,76,7.13,6.5,9,77,1,39,0.15,0.021,120,Kolkata Knight Riders
1,Royal Challengers Bangalore,Punjab Kings,19.1,2,120,6.33,0.9,8,0,0,5,0.0,0.0,125,Royal Challengers Bangalore
2,Punjab Kings,Royal Challengers Bangalore,15.3,6,88,5.76,4.7,4,126,38,28,8.09,1.4045,110,Royal Challengers Bangalore
1,Delhi Capitals,Mumbai Indians,5.9,9,43,7.3,14.1,1,0,0,84,0.0,0.0,117,Mumbai Indians
2,Mumbai Indians,Delhi Capitals,19.5,0,117,6.7,0.5,10,118,1,3,2.0,0.2985,120,Mumbai Indians
1,Punjab Kings,Mumbai Indians,11.2,7,92,8.28,8.8,3,0,0,52,0.0,0.0,142,Punjab Kings
2,Mumbai Indians,Punjab Kings,14.1,5,72,5.12,5.9,5,143,71,35,12.03,2.3496,94,Punjab Kings
1,Sunrisers Hyderabad,Chennai Super Kings,12.3,1,110,8.99,7.7,9,0,0,46,0.0,0.0,183,Chennai Super Kings
2,Chennai Super Kings,Sunrisers Hyderabad,12.6,4,124,9.87,7.4,6,184,60,44,8.11,0.8217,191,Chennai Super Kings
1,Sunrisers Hyderabad,Royal Challengers Bangalore,17.1,2,121,7.1,2.9,8,0,0,17,0.0,0.0,139,Royal Challengers Bangalore
2,Royal Challengers Bangalore,Sunrisers Hyderabad,7.6,7,65,8.64,12.4,3,140,75,74,6.05,0.7002,142,Royal Challengers Bangalore
1,Delhi Capitals,Royal Challengers Bangalore,6.3,4,39,6.31,13.7,6,0,0,82,0.0,0.0,106,Delhi Capitals
2,Royal Challengers Bangalore,Delhi Capitals,15.6,8,73,4.7,4.4,2,107,34,26,7.73,1.6447,85,Delhi Capitals
1,Rajasthan Royals,Delhi Capitals,8.6,5,77,8.96,11.4,5,0,0,68,0.0,0.0,152,Delhi Capitals
2,Delhi Capitals,Rajasthan Royals,12.1,4,109,9.02,7.9,6,153,44,47,5.57,0.6175,164,Delhi Capitals
1,Sunrisers Hyderabad,Rajasthan Royals,8.8,8,45,5.13,11.2,2,0,0,67,0.0,0.0,85,Rajasthan Royals
2,Rajasthan Royals,Sunrisers Hyderabad,11.0,6,85,8.24,9.0,4,86,1,54,0.11,0.0133,139,Rajasthan Royals
1,Sunrisers Hyderabad,Punjab Kings,17.4,9,82,4.75,2.6,1,0,0,15,0.0,0.0,89,Sunrisers Hyderabad
2,Punjab Kings,Sunrisers Hyderabad,6.7,4,30,4.55,13.3,6,90,60,79,4.51,0.9912,78,Sunrisers Hyderabad
1,Sunrisers Hyderabad,Royal Challengers Bangalore,12.3,0,77,6.28,7.7,10,0,0,46,0.0,0.0,123,Royal Challengers Bangalore
2,Royal Challengers Bangalore,Sunrisers Hyderabad,7.1,5,63,9.0,12.9,5,124,61,77,4.73,0.5256,165,Royal Challengers Bangalore
1,Sunrisers Hyderabad,Royal Challengers Bangalore,14.7,6,97,6.66,5.3,4,0,0,31,0.0,0.0,125,Royal Challengers Bangalore
2,Royal Challengers Bangalore,Sunrisers Hyderabad,15.3,4,125,9.37,4.7,6,126,1,28,0.21,0.0224,160,Royal Challengers Bangalore
1,Mumbai Indians,Rajasthan Royals,9.8,5,87,8.91,10.2,5,0,0,61,0.0,0.0,163,Rajasthan Royals
2,Rajasthan Royals,Mumbai Indians,5.1,1,53,10.58,14.9,9,164,111,89,7.45,0.7042,184,Rajasthan Royals
1,Royal Challengers Bangalore,Chennai Super Kings,9.3,3,59,6.42,10.7,7,0,0,64,0.0,0.0,122,Royal Challengers Bangalore
2,Chennai Super Kings,Royal Challengers Bangalore,11.4,4,56,4.92,8.6,6,123,67,51,7.79,1.5833,92,Royal Challengers Bangalore
1,Punjab Kings,Royal Challengers Bangalore,19.4,4,114,5.92,0.6,6,0,0,3,0.0,0.0,117,Royal Challengers Bangalore
2,Royal Challengers Bangalore,Punjab Kings,16.8,7,117,9.21,3.2,3,118,1,19,0.31,0.0337,140,Royal Challengers Bangalore
1,Chennai Super Kings,Sunrisers Hyderabad,10.1,2,88,8.76,9.9,8,0,0,59,0.0,0.0,178,Chennai Super Kings
2,Sunrisers Hyderabad,Chennai Super Kings,13.1,9,122,9.35,6.9,1,179,57,41,8.26,0.8834,159,Chennai Super Kings
1,Punjab Kings,Royal Challengers Bangalore,9.6,9,42,4.42,10.4,1,0,0,62,0.0,0.0,71,Royal Challengers Bangalore
2,Royal Challengers Bangalore,Punjab Kings,7.7,1,44,5.73,12.3,9,72,28,73,2.28,0.3979,119,Royal Challengers Bangalore
1,Rajasthan Royals,Chennai Super Kings,13.4,6,95,7.14,6.6,4,0,0,39,0.0,0.0,129,Chennai Super Kings
2,Chennai Super Kings,Rajasthan Royals,5.3,1,44,8.38,14.7,9,130,86,88,5.85,0.6981,167,Chennai Super Kings
1,Sunrisers Hyderabad,Royal Challengers Bangalore,15.6,7,73,4.72,4.4,3,0,0,26,0.0,0.0,90,Royal Challengers Bangalore
2,Royal Challengers Bangalore,Sunrisers Hyderabad,13.8,2,75,5.49,6.2,8,91,16,37,2.58,0.4699,110,Royal Challengers Bangalore
1,Kolkata Knight Riders,Sunrisers Hyderabad,5.1,5,45,8.9,14.9,5,0,0,89,0.0,0.0,149,Sunrisers Hyderabad
2,Sunrisers Hyderabad,Kolkata Knight Riders,15.5,5,128,8.32,4.5,5,150,22,27,4.89,0.5877,159,Sunrisers Hyderabad
1,Punjab Kings,Sunrisers Hyderabad,10.7,2,71,6.65,9.3,8,0,0,55,0.0,0.0,123,Sunrisers Hyderabad
2,Sunrisers Hyderabad,Punjab Kings,17.0,9,123,7.62,3.0,1,124,1,18,0.33,0.0433,137,Sunrisers Hyderabad
1,Kolkata Knight Riders,Royal Challengers Bangalore,13.1,1,90,6.9,6.9,9,0,0,41,0.0,0.0,138,Royal Challengers Bangalore
2,Royal Challengers Bangalore,Kolkata Knight Riders,14.5,4,116,8.03,5.5,6,139,23,33,4.18,0.5205,155,Royal Challengers Bangalore
1,Kolkata Knight Riders,Chennai Super Kings,13.6,0,98,7.25,6.4,10,0,0,38,0.0,0.0,147,Kolkata Knight Riders
2,Chennai Super Kings,Kolkata Knight Riders,14.4,6,91,6.36,5.6,4,148,57,33,10.18,1.6006,116,Kolkata Knight Riders
1,Sunrisers Hyderabad,Rajasthan Royals,17.1,1,146,8.58,2.9,9,0,0,17,0.0,0.0,171,Sunrisers Hyderabad
2,Rajasthan Royals,Sunrisers Hyderabad,13.1,4,69,5.33,6.9,6,172,103,41,14.93,2.8011,104,Sunrisers Hyderabad
1,Mumbai Indians,Sunrisers Hyderabad,15.5,8,142,9.21,4.5,2,0,0,27,0.0,0.0,169,Mumbai Indians
2,Sunrisers Hyderabad,Mumbai Indians,7.3,4,63,8.74,12.7,6,170,107,76,8.43,0.9645,150,Mumbai Indians
1,Chennai Super Kings,Delhi Capitals,6.3,5,31,5.04,13.7,5,0,0,82,0.0,0.0,92,Delhi Capitals
2,Delhi Capitals,Chennai Super Kings,12.0,3,66,5.51,8.0,7,93,27,48,3.38,0.6134,109,Delhi Capitals
1,Mumbai Indians,Sunrisers Hyderabad,15.3,5,117,7.71,4.7,5,0,0,28,0.0,0.0,145,Sunrisers Hyderabad
2,Sunrisers Hyderabad,Mumbai Indians,13.4,5,116,8.69,6.6,5,146,30,39,4.55,0.5236,158,Sunrisers Hyderabad
1,Kolkata Knight Riders,Royal Challengers Bangalore,12.1,4,95,7.88,7.9,6,0,0,47,0.0,0.0,152,Royal Challengers Bangalore
2,Royal Challengers Bangalore,Kolkata Knight Riders,12.9,1,130,10.11,7.1,9,153,23,42,3.24,0.3205,209,Royal Challengers Bangalore
1,Royal Challengers Bangalore,Punjab Kings,8.2,6,65,7.95,11.8,4,0,0,70,0.0,0.0,129,Punjab Kings
2,Punjab Kings,Royal Challengers Bangalore,17.0,5,129,7.7,3.0,5,130,1,18,0.33,0.0429,145,Punjab Kings
1,Rajasthan Royals,Kolkata Knight Riders,6.5,2,47,7.36,13.5,8,0,0,81,0.0,0.0,146,Kolkata Knight Riders
2,Kolkata Knight Riders,Rajasthan Royals,15.5,8,131,8.48,4.5,2,147,16,27,3.56,0.4198,159,Kolkata Knight Riders
1,Kolkata Knight Riders,Punjab Kings,7.0,5,69,9.96,13.0,5,0,0,78,0.0,0.0,171,Kolkata Knight Riders
2,Punjab Kings,Kolkata Knight Riders,6.0,5,45,7.61,14.0,5,172,127,84,9.07,1.1919,140,Kolkata Knight Riders
1,Punjab Kings,Chennai Super Kings,18.6,3,160,8.63,1.4,7,0,0,8,0.0,0.0,169,Chennai Super Kings
2,Chennai Super Kings,Punjab Kings,7.7,1,80,10.49,12.3,9,170,90,73,7.32,0.6978,215,Chennai Super Kings
1,Punjab Kings,Chennai Super Kings,12.7,6,76,6.01,7.3,4,0,0,43,0.0,0.0,110,Chennai Super Kings
2,Chennai Super Kings,Punjab Kings,10.8,7,79,7.33,9.2,3,111,32,55,3.48,0.4748,124,Chennai Super Kings
1,Kolkata Knight Riders,Chennai Super Kings,10.7,9,79,7.46,9.3,1,0,0,55,0.0,0.0,120,Chennai Super Kings
2,Chennai Super Kings,Kolkata Knight Riders,12.8,6,107,8.41,7.2,4,121,14,43,1.94,0.2307,150,Chennai Super Kings
1,Sunrisers Hyderabad,Punjab Kings,12.0,1,129,10.79,8.0,9,0,0,48,0.0,0.0,200,Sunrisers Hyderabad
2,Punjab Kings,Sunrisers Hyderabad,7.5,5,53,7.12,12.5,5,201,148,75,11.84,1.6629,121,Sunrisers Hyderabad
1,Kolkata Knight Riders,Punjab Kings,7.7,1,43,5.67,12.3,9,0,0,73,0.0,0.0,102,Punjab Kings
2,Punjab Kings,Kolkata Knight Riders,18.5,4,102,6.42,1.5,6,103,1,9,0.67,0.1044,109,Punjab Kings
1,Sunrisers Hyderabad,Kolkata Knight Riders,10.3,2,95,9.29,9.7,8,0,0,58,0.0,0.0,172,Sunrisers Hyderabad
2,Kolkata Knight Riders,Sunrisers Hyderabad,9.1,6,63,6.99,10.9,4,173,110,65,10.09,1.4435,113,Sunrisers Hyderabad
1,Chennai Super Kings,Punjab Kings,8.4,2,82,9.8,11.6,8,0,0,69,0.0,0.0,177,Chennai Super Kings
2,Punjab Kings,Chennai Super Kings,14.7,8,121,8.24,5.3,2,178,57,31,10.75,1.3046,153,Chennai Super Kings
1,Kolkata Knight Riders,Chennai Super Kings,5.2,3,46,8.92,14.8,7,0,0,88,0.0,0.0,174,Kolkata Knight Riders
2,Chennai Super Kings,Kolkata Knight Riders,12.8,2,99,7.77,7.2,8,175,76,43,10.56,1.3591,149,Kolkata Knight Riders
1,Delhi Capitals,Chennai Super Kings,12.3,5,112,9.11,7.7,5,0,0,46,0.0,0.0,176,Delhi Capitals
2,Chennai Super Kings,Delhi Capitals,5.9,2,50,8.6,14.1,8,177,127,84,9.01,1.0477,165,Delhi Capitals
1,Mumbai Indians,Punjab Kings,13.5,0,93,6.9,6.5,10,0,0,39,0.0,0.0,138,Mumbai Indians
2,Punjab Kings,Mumbai Indians,12.6,8,64,5.15,7.4,2,139,75,44,10.14,1.9689,87,Mumbai Indians
1,Mumbai Indians,Delhi Capitals,5.3,4,35,6.75,14.7,6,0,0,88,0.0,0.0,112,Mumbai Indians
2,Delhi Capitals,Mumbai Indians,11.5,4,65,5.73,8.5,6,113,48,51,5.65,0.986,104,Mumbai Indians
1,Delhi Capitals,Chennai Super Kings,9.7,3,69,7.17,10.3,7,0,0,61,0.0,0.0,133,Chennai Super Kings
2,Chennai Super Kings,Delhi Capitals,9.8,7,86,8.8,10.2,3,134,48,61,4.71,0.5352,142,Chennai Super Kings
1,Mumbai Indians,Punjab Kings,14.8,6,126,8.54,5.2,4,0,0,31,0.0,0.0,158,Mumbai Indians
2,Punjab Kings,Mumbai Indians,9.2,7,51,5.59,10.8,3,159,108,64,10.0,1.7889,101,Mumbai Indians
1,Royal Challengers Bangalore,Mumbai Indians,18.6,8,159,8.55,1.4,2,0,0,8,0.0,0.0,167,Royal Challengers Bangalore
2,Mumbai Indians,Royal Challengers Bangalore,8.2,1,69,8.44,11.8,9,168,99,70,8.39,0.9941,163,Royal Challengers Bangalore
1,Royal Challengers Bangalore,Sunrisers Hyderabad,18.7,3,94,5.07,1.3,7,0,0,7,0.0,0.0,100,Sunrisers Hyderabad
2,Sunrisers Hyderabad,Royal Challengers Bangalore,5.9,9,42,7.13,14.1,1,101,59,84,4.18,0.5863,114,Sunrisers Hyderabad
1,Rajasthan Royals,Mumbai Indians,10.3,3,88,8.6,9.7,7,0,0,58,0.0,0.0,171,Rajasthan Royals
2,Mumbai Indians,Rajasthan Royals,10.2,3,60,5.89,9.8,7,172,112,58,11.43,1.9406,117,Rajasthan Royals
1,Kolkata Knight Riders,Mumbai Indians,19.2,2,127,6.62,0.8,8,0,0,4,0.0,0.0,132,Kolkata Knight Riders
2,Mumbai Indians,Kolkata Knight Riders,16.1,8,98,6.09,3.9,2,133,35,23,8.97,1.4729,115,Kolkata Knight Riders
1,Royal Challengers Bangalore,Mumbai Indians,14.8,8,95,6.48,5.2,2,0,0,31,0.0,0.0,119,Mumbai Indians
2,Mumbai Indians,Royal Challengers Bangalore,17.8,8,119,7.75,2.2,2,120,1,13,0.45,0.0581,132,Mumbai Indians
1,Sunrisers Hyderabad,Kolkata Knight Riders,12.4,5,114,9.24,7.6,5,0,0,45,0.0,0.0,176,Sunrisers Hyderabad
2,Kolkata Knight Riders,Sunrisers Hyderabad,11.1,7,56,5.05,8.9,3,177,121,53,13.6,2.6931,84,Sunrisers Hyderabad
1,Mumbai Indians,Royal Challengers Bangalore,11.4,6,65,5.71,8.6,4,0,0,51,0.0,0.0,105,Mumbai Indians
2,Royal Challengers Bangalore,Mumbai Indians,10.9,1,56,5.17,9.1,9,106,50,54,5.49,1.0619,95,Mumbai Indians
1,Kolkata Knight Riders,Delhi Capitals,17.7,7,147,8.35,2.3,3,0,0,13,0.0,0.0,159,Kolkata Knight Riders
2,Delhi Capitals,Kolkata Knight Riders,13.4,6,69,5.22,6.6,4,160,91,39,13.79,2.6418,96,Kolkata Knight Riders
1,Delhi Capitals,Kolkata Knight Riders,12.1,2,107,8.85,7.9,8,0,0,47,0.0,0.0,167,Delhi Capitals
2,Kolkata Knight Riders,Delhi Capitals,7.4,5,32,4.45,12.6,5,168,136,75,10.79,2.4247,74,Delhi Capitals
1,Royal Challengers Bangalore,Sunrisers Hyderabad,5.8,0,33,5.82,14.2,10,0,0,85,0.0,0.0,118,Sunrisers Hyderabad
2,Sunrisers Hyderabad,Royal Challengers Bangalore,8.8,5,82,9.39,11.2,5,119,37,67,3.3,0.3514,154,Sunrisers Hyderabad
1,Royal Challengers Bangalore,Kolkata Knight Riders,16.3,4,156,9.61,3.7,6,0,0,22,0.0,0.0,189,Royal Challengers Bangalore
2,Kolkata Knight Riders,Royal Challengers Bangalore,7.7,8,61,7.93,12.3,2,190,129,73,10.49,1.3228,137,Royal Challengers Bangalore
1,Mumbai Indians,Royal Challengers Bangalore,15.4,5,80,5.24,4.6,5,0,0,27,0.0,0.0,99,Royal Challengers Bangalore
2,Royal Challengers Bangalore,Mumbai Indians,5.6,8,39,7.01,14.4,2,100,61,86,4.24,0.6049,100,Royal Challengers Bangalore
1,Punjab Kings,Royal Challengers Bangalore,11.4,7,99,8.75,8.6,3,0,0,51,0.0,0.0,159,Royal Challengers Bangalore
2,Royal Challengers Bangalore,Punjab Kings,14.6,1,124,8.56,5.4,9,160,36,32,6.67,0.7792,162,Royal Challengers Bangalore
1,Delhi Capitals,Royal Challengers Bangalore,15.4,3,98,6.4,4.6,7,0,0,27,0.0,0.0,126,Royal Challengers Bangalore
2,Royal Challengers Bangalore,Delhi Capitals,6.8,0,44,6.52,13.2,10,127,83,79,6.29,0.9647,141,Royal Challengers Bangalore
1,Rajasthan Royals,Kolkata Knight Riders,15.0,2,106,7.08,5.0,8,0,0,30,0.0,0.0,142,Rajasthan Royals
2,Kolkata Knight Riders,Rajasthan Royals,14.0,0,72,5.15,6.0,10,143,71,36,11.83,2.2971,102,Rajasthan Royals
1,Rajasthan Royals,Royal Challengers Bangalore,14.4,4,124,8.62,5.6,6,0,0,33,0.0,0.0,160,Rajasthan Royals
2,Royal Challengers Bangalore,Rajasthan Royals,18.8,0,132,7.06,1.2,10,161,29,7,24.17,3.4235,140,Rajasthan Royals
1,Kolkata Knight Riders,Delhi Capitals,5.9,1,50,8.52,14.1,9,0,0,84,0.0,0.0,164,Kolkata Knight Riders
2,Delhi Capitals,Kolkata Knight Riders,15.4,0,99,6.45,4.6,10,165,66,27,14.35,2.2248,126,Kolkata Knight Riders
1,Rajasthan Royals,Sunrisers Hyderabad,19.2,1,197,10.27,0.8,9,0,0,4,0.0,0.0,206,Rajasthan Royals
2,Sunrisers Hyderabad,Rajasthan Royals,11.1,2,95,8.56,8.9,8,207,112,53,12.58,1.4696,169,Rajasthan Royals
1,Chennai Super Kings,Punjab Kings,16.4,1,84,5.18,3.6,9,0,0,21,0.0,0.0,102,Chennai Super Kings
2,Punjab Kings,Chennai Super Kings,17.0,2,83,4.91,3.0,8,103,20,18,6.67,1.3585,98,Chennai Super Kings
1,Delhi Capitals,Royal Challengers Bangalore,6.6,9,54,8.26,13.4,1,0,0,80,0.0,0.0,116,Royal Challengers Bangalore
2,Royal Challengers Bangalore,Delhi Capitals,15.0,4,116,8.58,5.0,6,117,1,30,0.2,0.0233,154,Royal Challengers Bangalore
1,Delhi Capitals,Royal Challengers Bangalore,9.5,0,52,5.55,10.5,10,0,0,63,0.0,0.0,114,Delhi Capitals
2,Royal Challengers Bangalore,Delhi Capitals,15.8,9,71,4.52,4.2,1,115,44,25,10.48,2.3186,85,Delhi Capitals
1,Chennai Super Kings,Kolkata Knight Riders,18.7,5,81,4.34,1.3,5,0,0,7,0.0,0.0,86,Kolkata Knight Riders
2,Kolkata Knight Riders,Chennai Super Kings,14.6,1,85,5.86,5.4,9,87,2,32,0.37,0.0631,118,Kolkata Knight Riders
1,Kolkata Knight Riders,Royal Challengers Bangalore,8.5,8,58,6.94,11.5,2,0,0,69,0.0,0.0,112,Kolkata Knight Riders
2,Royal Challengers Bangalore,Kolkata Knight Riders,10.2,1,53,5.23,9.8,9,113,60,58,6.12,1.1702,98,Kolkata Knight Riders
1,Royal Challengers Bangalore,Punjab Kings,11.5,0,108,9.44,8.5,10,0,0,51,0.0,0.0,180,Royal Challengers Bangalore
2,Punjab Kings,Royal Challengers Bangalore,18.4,4,119,6.5,1.6,6,181,62,9,38.75,5.9615,128,Royal Challengers Bangalore
1,Chennai Super Kings,Punjab Kings,13.6,5,84,6.21,6.4,5,0,0,38,0.0,0.0,114,Chennai Super Kings
2,Punjab Kings,Chennai Super Kings,18.2,9,97,5.37,1.8,1,115,18,10,10.0,1.8622,104,Chennai Super Kings
1,Kolkata Knight Riders,Punjab Kings,9.7,6,67,6.99,10.3,4,0,0,61,0.0,0.0,122,Punjab Kings
2,Punjab Kings,Kolkata Knight Riders,13.6,4,107,7.91,6.4,6,123,16,38,2.5,0.3161,150,Punjab Kings
1,Royal Challengers Bangalore,Mumbai Indians,18.7,6,150,8.06,1.3,4,0,0,7,0.0,0.0,157,Royal Challengers Bangalore
2,Mumbai Indians,Royal Challengers Bangalore,8.8,8,70,8.03,11.2,2,158,88,67,7.86,0.9788,124,Royal Challengers Bangalore
1,Sunrisers Hyderabad,Rajasthan Royals,13.4,5,108,8.06,6.6,5,0,0,39,0.0,0.0,149,Sunrisers Hyderabad
2,Rajasthan Royals,Sunrisers Hyderabad,13.4,6,94,7.03,6.6,4,150,56,39,8.48,1.2063,127,Sunrisers Hyderabad
1,Rajasthan Royals,Royal Challengers Bangalore,11.5,1,83,7.28,8.5,9,0,0,51,0.0,0.0,145,Rajasthan Royals
2,Royal Challengers Bangalore,Rajasthan Royals,9.6,4,54,5.67,10.4,6,146,92,62,8.85,1.5608,109,Rajasthan Royals
1,Chennai Super Kings,Sunrisers Hyderabad,7.9,3,67,8.55,12.1,7,0,0,72,0.0,0.0,149,Sunrisers Hyderabad
2,Sunrisers Hyderabad,Chennai Super Kings,5.0,0,52,10.53,15.0,10,150,98,90,6.53,0.6201,210,Sunrisers Hyderabad
1,Kolkata Knight Riders,Royal Challengers Bangalore,8.3,1,63,7.66,11.7,9,0,0,70,0.0,0.0,141,Royal Challengers Bangalore
2,Royal Challengers Bangalore,Kolkata Knight Riders,15.4,9,122,7.94,4.6,1,142,20,27,4.35,0.5479,147,Royal Challengers Bangalore
1,Royal Challengers Bangalore,Punjab Kings,7.7,3,44,5.77,12.3,7,0,0,73,0.0,0.0,112,Punjab Kings
2,Punjab Kings,Royal Challengers Bangalore,15.8,1,112,9.74,4.2,9,113,1,25,0.24,0.0246,151,Punjab Kings
1,Chennai Super Kings,Punjab Kings,17.1,9,111,6.51,2.9,1,0,0,17,0.0,0.0,125,Chennai Super Kings
2,Punjab Kings,Chennai Super Kings,17.2,1,101,5.93,2.8,9,126,25,16,8.93,1.5059,117,Chennai Super Kings
1,Mumbai Indians,Delhi Capitals,19.4,8,142,7.34,0.6,2,0,0,3,0.0,0.0,145,Mumbai Indians
2,Delhi Capitals,Mumbai Indians,16.0,3,101,6.34,4.0,7,146,45,24,11.25,1.7744,123,Mumbai Indians
1,Kolkata Knight Riders,Rajasthan Royals,16.5,1,125,7.6,3.5,9,0,0,21,0.0,0.0,150,Kolkata Knight Riders
2,Rajasthan Royals,Kolkata Knight Riders,15.1,8,116,7.69,4.9,2,151,35,29,7.14,0.9285,144,Kolkata Knight Riders
1,Chennai Super Kings,Rajasthan Royals,16.1,1,98,6.12,3.9,9,0,0,23,0.0,0.0,123,Rajasthan Royals
2,Rajasthan Royals,Chennai Super Kings,18.5,4,123,6.98,1.5,6,124,1,9,0.67,0.096,133,Rajasthan Royals
1,Royal Challengers Bangalore,Sunrisers Hyderabad,13.1,9,80,6.12,6.9,1,0,0,41,0.0,0.0,103,Sunrisers Hyderabad
2,Sunrisers Hyderabad,Royal Challengers Bangalore,8.8,7,76,8.68,11.2,3,104,28,67,2.5,0.288,141,Sunrisers Hyderabad
1,Rajasthan Royals,Sunrisers Hyderabad,10.3,3,88,8.59,9.7,7,0,0,58,0.0,0.0,161,Sunrisers Hyderabad
2,Sunrisers Hyderabad,Rajasthan Royals,19.4,3,161,10.06,0.6,7,162,1,3,1.67,0.166,166,Sunrisers Hyderabad
1,Royal Challengers Bangalore,Rajasthan Royals,18.3,3,93,5.13,1.7,7,0,0,10,0.0,0.0,101,Rajasthan Royals
2,Rajasthan Royals,Royal Challengers Bangalore,16.8,2,101,9.62,3.2,8,102,1,19,0.31,0.0322,129,Rajasthan Royals
1,Punjab Kings,Royal Challengers Bangalore,6.2,6,52,8.4,13.8,4,0,0,82,0.0,0.0,153,Royal Challengers Bangalore
2,Royal Challengers Bangalore,Punjab Kings,5.8,6,54,9.33,14.2,4,154,100,85,7.04,0.7546,168,Royal Challengers Bangalore
1,Kolkata Knight Riders,Mumbai Indians,17.3,0,147,8.55,2.7,10,0,0,16,0.0,0.0,169,Kolkata Knight Riders
2,Mumbai Indians,Kolkata Knight Riders,5.5,7,50,9.17,14.5,3,170,120,87,8.28,0.9029,137,Kolkata Knight Riders
1,Delhi Capitals,Sunrisers Hyderabad,5.8,9,49,8.47,14.2,1,0,0,85,0.0,0.0,133,Sunrisers Hyderabad
2,Sunrisers Hyderabad,Delhi Capitals,13.2,5,133,10.5,6.8,5,134,1,40,0.15,0.0143,182,Sunrisers Hyderabad
1,Mumbai Indians,Rajasthan Royals,9.3,7,83,9.01,10.7,3,0,0,64,0.0,0.0,144,Mumbai Indians
2,Rajasthan Royals,Mumbai Indians,15.4,8,86,5.64,4.6,2,145,59,27,12.83,2.2748,106,Mumbai Indians
1,Punjab Kings,Chennai Super Kings,18.3,5,179,9.79,1.7,5,0,0,10,0.0,0.0,193,Punjab Kings
2,Chennai Super Kings,Punjab Kings,10.4,6,103,9.95,9.6,4,194,91,57,9.48,0.9528,167,Punjab Kings
1,Sunrisers Hyderabad,Punjab Kings,18.7,1,126,6.79,1.3,9,0,0,7,0.0,0.0,135,Punjab Kings
2,Punjab Kings,Sunrisers Hyderabad,14.2,2,117,8.24,5.8,8,136,19,34,3.28,0.3981,163,Punjab Kings
1,Chennai Super Kings,Royal Challengers Bangalore,8.3,6,82,9.93,11.7,4,0,0,70,0.0,0.0,173,Chennai Super Kings
2,Royal Challengers Bangalore,Chennai Super Kings,6.2,0,37,6.04,13.8,10,174,137,82,9.93,1.644,110,Chennai Super Kings
1,Rajasthan Royals,Chennai Super Kings,8.9,1,72,8.2,11.1,9,0,0,66,0.0,0.0,156,Rajasthan Royals
2,Chennai Super Kings,Rajasthan Royals,8.6,7,54,6.3,11.4,3,157,103,68,9.04,1.4349,109,Rajasthan Royals
1,Chennai Super Kings,Rajasthan Royals,16.4,5,153,9.38,3.6,5,0,0,21,0.0,0.0,177,Chennai Super Kings
2,Rajasthan Royals,Chennai Super Kings,9.4,1,53,5.73,10.6,9,178,125,63,11.79,2.0576,120,Chennai Super Kings
1,Kolkata Knight Riders,Rajasthan Royals,10.7,5,98,9.23,9.3,5,0,0,55,0.0,0.0,169,Rajasthan Royals
2,Rajasthan Royals,Kolkata Knight Riders,9.5,6,98,10.39,10.5,4,170,72,63,6.86,0.6603,184,Rajasthan Royals
1,Kolkata Knight Riders,Delhi Capitals,11.8,5,64,5.48,8.2,5,0,0,49,0.0,0.0,97,Delhi Capitals
2,Delhi Capitals,Kolkata Knight Riders,10.4,3,61,5.89,9.6,7,98,37,57,3.85,0.6537,117,Delhi Capitals
1,Kolkata Knight Riders,Rajasthan Royals,16.1,8,145,9.06,3.9,2,0,0,23,0.0,0.0,168,Kolkata Knight Riders
2,Rajasthan Royals,Kolkata Knight Riders,12.3,7,52,4.25,7.7,3,169,117,46,15.19,3.5741,74,Kolkata Knight Riders
1,Mumbai Indians,Kolkata Knight Riders,18.6,7,91,4.9,1.4,3,0,0,8,0.0,0.0,95,Kolkata Knight Riders
2,Kolkata Knight Riders,Mumbai Indians,8.9,0,92,10.36,11.1,10,96,4,66,0.36,0.0347,211,Kolkata Knight Riders
1,Rajasthan Royals,Sunrisers Hyderabad,9.2,7,69,7.53,10.8,3,0,0,64,0.0,0.0,127,Rajasthan Royals
2,Sunrisers Hyderabad,Rajasthan Royals,6.7,2,29,4.47,13.3,8,128,99,79,7.44,1.6644,86,Rajasthan Royals
1,Chennai Super Kings,Rajasthan Royals,12.4,3,98,7.97,7.6,7,0,0,45,0.0,0.0,152,Chennai Super Kings
2,Rajasthan Royals,Chennai Super Kings,9.6,8,79,8.32,10.4,2,153,74,62,7.12,0.8558,131,Chennai Super Kings
1,Mumbai Indians,Sunrisers Hyderabad,15.9,1,153,9.63,4.1,9,0,0,24,0.0,0.0,191,Mumbai Indians
2,Sunrisers Hyderabad,Mumbai Indians,14.2,6,64,4.51,5.8,4,192,128,34,22.07,4.8936,87,Mumbai Indians
1,Delhi Capitals,Rajasthan Royals,8.3,7,51,6.17,11.7,3,0,0,70,0.0,0.0,110,Delhi Capitals
2,Rajasthan Royals,Delhi Capitals,19.0,9,92,4.86,1.0,1,111,19,6,19.0,3.9095,95,Delhi Capitals
1,Sunrisers Hyderabad,Delhi Capitals,19.2,8,95,4.96,0.8,2,0,0,4,0.0,0.0,98,Delhi Capitals
2,Delhi Capitals,Sunrisers Hyderabad,14.8,1,86,5.82,5.2,9,99,13,31,2.5,0.4296,113,Delhi Capitals
1,Sunrisers Hyderabad,Delhi Capitals,14.7,5,135,9.22,5.3,5,0,0,31,0.0,0.0,171,Sunrisers Hyderabad
2,Delhi Capitals,Sunrisers Hyderabad,6.6,6,50,7.63,13.4,4,172,122,80,9.1,1.1927,117,Sunrisers Hyderabad
1,Sunrisers Hyderabad,Delhi Capitals,9.5,5,89,9.38,10.5,5,0,0,63,0.0,0.0,158,Delhi Capitals
2,Delhi Capitals,Sunrisers Hyderabad,18.0,1,149,8.28,2.0,9,159,10,12,5.0,0.6039,167,Delhi Capitals
1,Royal Challengers Bangalore,Punjab Kings,8.3,2,81,9.83,11.7,8,0,0,70,0.0,0.0,190,Royal Challengers Bangalore
2,Punjab Kings,Royal Challengers Bangalore,11.9,5,122,10.26,8.1,5,191,69,48,8.52,0.8304,181,Royal Challengers Bangalore
1,Royal Challengers Bangalore,Rajasthan Royals,12.5,2,70,5.62,7.5,8,0,0,45,0.0,0.0,113,Rajasthan Royals
2,Rajasthan Royals,Royal Challengers Bangalore,12.9,6,85,6.59,7.1,4,114,29,42,4.08,0.6191,122,Rajasthan Royals
1,Delhi Capitals,Rajasthan Royals,17.9,6,128,7.19,2.1,4,0,0,12,0.0,0.0,140,Rajasthan Royals
2,Rajasthan Royals,Delhi Capitals,9.4,3,81,8.66,10.6,7,141,60,63,5.66,0.6536,152,Rajasthan Royals
1,Chennai Super Kings,Sunrisers Hyderabad,7.9,2,66,8.44,12.1,8,0,0,72,0.0,0.0,170,Chennai Super Kings
2,Sunrisers Hyderabad,Chennai Super Kings,11.2,3,67,6.01,8.8,7,171,104,52,11.82,1.9667,118,Chennai Super Kings
1,Chennai Super Kings,Mumbai Indians,9.8,7,89,9.15,10.2,3,0,0,61,0.0,0.0,149,Chennai Super Kings
2,Mumbai Indians,Chennai Super Kings,15.2,6,99,6.55,4.8,4,150,51,28,10.62,1.6214,121,Chennai Super Kings
1,Royal Challengers Bangalore,Kolkata Knight Riders,14.7,1,93,6.38,5.3,9,0,0,31,0.0,0.0,124,Kolkata Knight Riders
2,Kolkata Knight Riders,Royal Challengers Bangalore,17.5,2,124,9.04,2.5,8,125,1,15,0.4,0.0442,145,Kolkata Knight Riders
1,Rajasthan Royals,Kolkata Knight Riders,12.9,3,108,8.44,7.1,7,0,0,42,0.0,0.0,165,Rajasthan Royals
2,Kolkata Knight Riders,Rajasthan Royals,6.4,8,26,4.17,13.6,2,166,140,81,10.29,2.4676,67,Rajasthan Royals
1,Royal Challengers Bangalore,Rajasthan Royals,8.4,5,47,5.61,11.6,5,0,0,69,0.0,0.0,96,Rajasthan Royals
2,Rajasthan Royals,Royal Challengers Bangalore,12.5,0,96,10.3,7.5,10,97,1,45,0.13,0.0126,164,Rajasthan Royals
1,Rajasthan Royals,Royal Challengers Bangalore,11.5,9,95,8.31,8.5,1,0,0,51,0.0,0.0,134,Royal Challengers Bangalore
2,Royal Challengers Bangalore,Rajasthan Royals,13.5,0,134,10.53,6.5,10,135,1,39,0.15,0.0142,200,Royal Challengers Bangalore
1,Punjab Kings,Royal Challengers Bangalore,19.4,7,133,6.87,0.6,3,0,0,3,0.0,0.0,136,Royal Challengers Bangalore
2,Royal Challengers Bangalore,Punjab Kings,12.6,5,119,9.46,7.4,5,137,18,44,2.43,0.2569,176,Royal Challengers Bangalore
1,Kolkata Knight Riders,Sunrisers Hyderabad,7.2,5,67,9.39,12.8,5,0,0,76,0.0,0.0,175,Kolkata Knight Riders
2,Sunrisers Hyderabad,Kolkata Knight Riders,8.4,9,51,6.14,11.6,1,176,125,69,10.78,1.7557,94,Kolkata Knight Riders
1,Rajasthan Royals,Chennai Super Kings,11.9,4,102,8.62,8.1,6,0,0,48,0.0,0.0,156,Chennai Super Kings
2,Chennai Super Kings,Rajasthan Royals,18.9,0,156,9.32,1.1,10,157,1,6,0.91,0.0976,168,Chennai Super Kings
1,Kolkata Knight Riders,Sunrisers Hyderabad,15.3,9,93,6.11,4.7,1,0,0,28,0.0,0.0,109,Sunrisers Hyderabad
2,Sunrisers Hyderabad,Kolkata Knight Riders,18.3,5,109,9.06,1.7,5,110,1,10,0.59,0.0651,121,Sunrisers Hyderabad
1,Royal Challengers Bangalore,Kolkata Knight Riders,17.0,0,134,7.91,3.0,10,0,0,18,0.0,0.0,158,Royal Challengers Bangalore
2,Kolkata Knight Riders,Royal Challengers Bangalore,12.1,3,70,5.84,7.9,7,159,89,47,11.27,1.9298,108,Royal Challengers Bangalore
1,Punjab Kings,Chennai Super Kings,14.5,7,78,5.42,5.5,3,0,0,33,0.0,0.0,102,Chennai Super Kings
2,Chennai Super Kings,Punjab Kings,18.9,7,102,6.55,1.1,3,103,1,6,0.91,0.1389,107,Chennai Super Kings
1,Royal Challengers Bangalore,Delhi Capitals,19.1,5,142,7.45,0.9,5,0,0,5,0.0,0.0,147,Delhi Capitals
2,Delhi Capitals,Royal Challengers Bangalore,7.6,3,72,9.52,12.4,7,148,76,74,6.13,0.6439,185,Delhi Capitals
1,Rajasthan Royals,Kolkata Knight Riders,7.8,4,77,9.93,12.2,6,0,0,73,0.0,0.0,183,Kolkata Knight Riders
2,Kolkata Knight Riders,Rajasthan Royals,12.9,3,129,10.02,7.1,7,184,55,42,7.75,0.7735,188,Kolkata Knight Riders
1,Chennai Super Kings,Delhi Capitals,14.4,1,104,7.25,5.6,9,0,0,33,0.0,0.0,139,Delhi Capitals
2,Delhi Capitals,Chennai Super Kings,16.5,3,139,10.77,3.5,7,140,1,21,0.29,0.0269,168,Delhi Capitals
1,Royal Challengers Bangalore,Mumbai Indians,11.1,5,72,6.49,8.9,5,0,0,53,0.0,0.0,116,Mumbai Indians
2,Mumbai Indians,Royal Challengers Bangalore,16.3,5,100,6.14,3.7,5,117,17,22,4.59,0.7476,120,Mumbai Indians
1,Punjab Kings,Mumbai Indians,19.5,1,165,8.47,0.5,9,0,0,3,0.0,0.0,169,Punjab Kings
2,Mumbai Indians,Punjab Kings,7.1,9,63,8.92,12.9,1,170,107,77,8.29,0.9294,144,Punjab Kings
1,Delhi Capitals,Kolkata Knight Riders,5.7,5,45,8.05,14.3,5,0,0,85,0.0,0.0,134,Delhi Capitals
2,Kolkata Knight Riders,Delhi Capitals,5.3,8,34,6.51,14.7,2,135,101,88,6.87,1.0553,98,Delhi Capitals
1,Sunrisers Hyderabad,Chennai Super Kings,10.2,6,57,5.64,9.8,4,0,0,58,0.0,0.0,103,Chennai Super Kings
2,Chennai Super Kings,Sunrisers Hyderabad,14.9,2,103,7.22,5.1,8,104,1,30,0.2,0.0277,141,Chennai Super Kings
1,Chennai Super Kings,Delhi Capitals,15.8,6,137,8.68,4.2,4,0,0,25,0.0,0.0,163,Delhi Capitals
2,Delhi Capitals,Chennai Super Kings,8.6,3,82,9.6,11.4,7,164,82,68,7.19,0.749,181,Delhi Capitals
1,Sunrisers Hyderabad,Mumbai Indians,11.7,6,54,4.7,8.3,4,0,0,49,0.0,0.0,86,Mumbai Indians
2,Mumbai Indians,Sunrisers Hyderabad,11.3,8,86,9.67,8.7,2,87,1,52,0.11,0.0114,146,Mumbai Indians
1,Delhi Capitals,Kolkata Knight Riders,11.4,6,75,6.61,8.6,4,0,0,51,0.0,0.0,123,Kolkata Knight Riders
2,Kolkata Knight Riders,Delhi Capitals,8.2,7,58,7.19,11.8,3,124,66,70,5.59,0.7775,128,Kolkata Knight Riders
1,Mumbai Indians,Rajasthan Royals,6.0,4,56,9.38,14.0,6,0,0,84,0.0,0.0,178,Mumbai Indians
2,Rajasthan Royals,Mumbai Indians,10.8,5,73,6.8,9.2,5,179,106,55,11.52,1.6941,121,Mumbai Indians
1,Rajasthan Royals,Punjab Kings,13.9,3,78,5.66,6.1,7,0,0,36,0.0,0.0,110,Rajasthan Royals
2,Punjab Kings,Rajasthan Royals,14.0,8,76,5.47,6.0,2,111,35,36,5.83,1.0658,96,Rajasthan Royals
1,Punjab Kings,Mumbai Indians,14.4,3,110,7.64,5.6,7,0,0,33,0.0,0.0,143,Punjab Kings
2,Mumbai Indians,Punjab Kings,15.2,8,109,7.23,4.8,2,144,35,28,7.29,1.0083,132,Punjab Kings
1,Mumbai Indians,Delhi Capitals,8.3,7,76,9.21,11.7,3,0,0,70,0.0,0.0,151,Mumbai Indians
2,Delhi Capitals,Mumbai Indians,19.4,8,78,4.05,0.6,2,152,74,3,123.33,30.4519,80,Mumbai Indians
1,Royal Challengers Bangalore,Rajasthan Royals,16.6,6,129,7.8,3.4,4,0,0,20,0.0,0.0,150,Royal Challengers Bangalore
2,Rajasthan Royals,Royal Challengers Bangalore,12.2,5,98,8.1,7.8,5,151,53,46,6.79,0.8383,150,Royal Challengers Bangalore
1,Royal Challengers Bangalore,Mumbai Indians,14.6,1,110,7.58,5.4,9,0,0,32,0.0,0.0,154,Royal Challengers Bangalore
2,Mumbai Indians,Royal Challengers Bangalore,15.9,6,113,7.15,4.1,4,155,42,24,10.24,1.4322,137,Royal Challengers Bangalore
1,Kolkata Knight Riders,Chennai Super Kings,8.1,3,45,5.67,11.9,7,0,0,71,0.0,0.0,101,Chennai Super Kings
2,Chennai Super Kings,Kolkata Knight Riders,13.9,3,101,10.09,6.1,7,102,1,36,0.16,0.0159,158,Chennai Super Kings
1,Royal Challengers Bangalore,Mumbai Indians,15.8,4,107,6.8,4.2,6,0,0,25,0.0,0.0,132,Mumbai Indians
2,Mumbai Indians,Royal Challengers Bangalore,18.5,8,132,8.76,1.5,2,133,1,9,0.67,0.0765,140,Mumbai Indians
1,Sunrisers Hyderabad,Royal Challengers Bangalore,9.2,5,87,9.49,10.8,5,0,0,64,0.0,0.0,177,Sunrisers Hyderabad
2,Royal Challengers Bangalore,Sunrisers Hyderabad,17.2,6,125,7.31,2.8,4,178,53,16,18.93,2.5896,141,Sunrisers Hyderabad
1,Sunrisers Hyderabad,Royal Challengers Bangalore,11.8,9,101,8.63,8.2,1,0,0,49,0.0,0.0,145,Sunrisers Hyderabad
2,Royal Challengers Bangalore,Sunrisers Hyderabad,14.4,9,78,5.42,5.6,1,146,68,33,12.14,2.2399,99,Sunrisers Hyderabad
1,Chennai Super Kings,Delhi Capitals,7.6,7,65,8.61,12.4,3,0,0,74,0.0,0.0,135,Chennai Super Kings
2,Delhi Capitals,Chennai Super Kings,9.1,8,40,4.41,10.9,2,136,96,65,8.81,1.9977,71,Chennai Super Kings
1,Delhi Capitals,Royal Challengers Bangalore,11.6,0,115,9.93,8.4,10,0,0,50,0.0,0.0,208,Delhi Capitals
2,Royal Challengers Bangalore,Delhi Capitals,6.0,6,50,8.47,14.0,4,209,159,84,11.36,1.3412,137,Delhi Capitals
1,Rajasthan Royals,Delhi Capitals,5.9,4,56,9.54,14.1,6,0,0,84,0.0,0.0,155,Rajasthan Royals
2,Delhi Capitals,Rajasthan Royals,14.6,6,83,5.73,5.4,4,156,73,32,13.52,2.3595,110,Rajasthan Royals
1,Rajasthan Royals,Delhi Capitals,8.5,9,49,5.88,11.5,1,0,0,69,0.0,0.0,95,Delhi Capitals
2,Delhi Capitals,Rajasthan Royals,10.7,7,78,7.31,9.3,3,96,18,55,1.94,0.2654,134,Delhi Capitals
1,Rajasthan Royals,Punjab Kings,16.6,8,92,5.57,3.4,2,0,0,20,0.0,0.0,104,Rajasthan Royals
2,Punjab Kings,Rajasthan Royals,7.8,3,41,5.37,12.2,7,105,64,73,5.25,0.9777,103,Rajasthan Royals
1,Mumbai Indians,Chennai Super Kings,11.5,8,64,5.57,8.5,2,0,0,51,0.0,0.0,98,Chennai Super Kings
2,Chennai Super Kings,Mumbai Indians,9.1,0,83,9.23,10.9,10,99,16,65,1.47,0.1593,174,Chennai Super Kings
1,Kolkata Knight Riders,Sunrisers Hyderabad,18.6,8,153,8.27,1.4,2,0,0,8,0.0,0.0,161,Sunrisers Hyderabad
2,Sunrisers Hyderabad,Kolkata Knight Riders,13.5,8,128,9.54,6.5,2,162,34,39,5.23,0.5482,167,Sunrisers Hyderabad
1,Kolkata Knight Riders,Chennai Super Kings,17.9,5,144,8.1,2.1,5,0,0,12,0.0,0.0,157,Chennai Super Kings
2,Chennai Super Kings,Kolkata Knight Riders,12.2,1,97,8.02,7.8,9,158,61,46,7.82,0.9751,165,Chennai Super Kings
1,Sunrisers Hyderabad,Rajasthan Royals,5.1,4,43,8.49,14.9,6,0,0,89,0.0,0.0,145,Sunrisers Hyderabad
2,Rajasthan Royals,Sunrisers Hyderabad,15.3,0,94,6.15,4.7,10,146,52,28,11.06,1.7984,122,Sunrisers Hyderabad
1,Sunrisers Hyderabad,Royal Challengers Bangalore,11.0,9,79,7.24,9.0,1,0,0,54,0.0,0.0,117,Royal Challengers Bangalore
2,Royal Challengers Bangalore,Sunrisers Hyderabad,9.4,2,78,8.39,10.6,8,118,40,63,3.77,0.4493,163,Royal Challengers Bangalore
1,Delhi Capitals,Kolkata Knight Riders,18.8,2,119,6.33,1.2,8,0,0,7,0.0,0.0,126,Kolkata Knight Riders
2,Kolkata Knight Riders,Delhi Capitals,7.0,2,75,10.78,13.0,8,127,52,78,4.0,0.3711,190,Kolkata Knight Riders
1,Sunrisers Hyderabad,Royal Challengers Bangalore,7.7,5,56,7.39,12.3,5,0,0,73,0.0,0.0,126,Royal Challengers Bangalore
2,Royal Challengers Bangalore,Sunrisers Hyderabad,8.7,8,64,7.4,11.3,2,127,63,67,5.58,0.7541,128,Royal Challengers Bangalore
1,Royal Challengers Bangalore,Punjab Kings,17.6,2,147,8.36,2.4,8,0,0,14,0.0,0.0,168,Punjab Kings
2,Punjab Kings,Royal Challengers Bangalore,15.3,8,145,9.54,4.7,2,169,24,28,5.11,0.5356,172,Punjab Kings
1,Kolkata Knight Riders,Rajasthan Royals,12.4,2,102,8.25,7.6,8,0,0,45,0.0,0.0,153,Kolkata Knight Riders
2,Rajasthan Royals,Kolkata Knight Riders,12.3,8,65,5.34,7.7,2,154,89,46,11.56,2.1648,90,Kolkata Knight Riders
1,Kolkata Knight Riders,Mumbai Indians,19.4,1,189,9.79,0.6,9,0,0,3,0.0,0.0,195,Kolkata Knight Riders
2,Mumbai Indians,Kolkata Knight Riders,6.5,3,29,4.58,13.5,7,196,167,81,12.37,2.7009,82,Kolkata Knight Riders
1,Mumbai Indians,Chennai Super Kings,16.0,7,95,5.95,4.0,3,0,0,24,0.0,0.0,113,Chennai Super Kings
2,Chennai Super Kings,Mumbai Indians,7.2,0,59,8.28,12.8,10,114,55,76,4.3,0.5193,153,Chennai Super Kings
1,Delhi Capitals,Kolkata Knight Riders,14.5,5,94,6.53,5.5,5,0,0,33,0.0,0.0,126,Delhi Capitals
2,Kolkata Knight Riders,Delhi Capitals,7.2,6,28,4.01,12.8,4,127,99,76,7.73,1.9277,69,Delhi Capitals
1,Sunrisers Hyderabad,Kolkata Knight Riders,12.2,1,106,8.74,7.8,9,0,0,46,0.0,0.0,175,Sunrisers Hyderabad
2,Kolkata Knight Riders,Sunrisers Hyderabad,5.1,3,30,5.92,14.9,7,176,146,89,9.8,1.6554,115,Sunrisers Hyderabad
1,Kolkata Knight Riders,Punjab Kings,10.4,7,80,7.71,9.6,3,0,0,57,0.0,0.0,126,Kolkata Knight Riders
2,Punjab Kings,Kolkata Knight Riders,13.6,9,92,6.78,6.4,1,127,35,38,5.47,0.8068,116,Kolkata Knight Riders
1,Kolkata Knight Riders,Sunrisers Hyderabad,9.9,2,95,9.6,10.1,8,0,0,60,0.0,0.0,197,Kolkata Knight Riders
2,Sunrisers Hyderabad,Kolkata Knight Riders,10.1,8,51,5.08,9.9,2,198,147,59,14.85,2.9232,80,Kolkata Knight Riders
1,Sunrisers Hyderabad,Delhi Capitals,13.1,3,116,8.88,6.9,7,0,0,41,0.0,0.0,176,Delhi Capitals
2,Delhi Capitals,Sunrisers Hyderabad,18.4,9,169,9.21,1.6,1,177,8,9,5.0,0.5429,177,Delhi Capitals
1,Punjab Kings,Delhi Capitals,7.3,3,66,9.05,12.7,7,0,0,76,0.0,0.0,174,Punjab Kings
2,Delhi Capitals,Punjab Kings,11.6,9,62,5.41,8.4,1,175,113,50,13.45,2.4861,93,Punjab Kings
1,Mumbai Indians,Sunrisers Hyderabad,18.1,9,164,9.11,1.9,1,0,0,11,0.0,0.0,175,Mumbai Indians
2,Sunrisers Hyderabad,Mumbai Indians,17.3,3,148,8.6,2.7,7,176,28,16,10.37,1.2058,170,Mumbai Indians
1,Mumbai Indians,Chennai Super Kings,13.5,8,63,4.72,6.5,2,0,0,39,0.0,0.0,81,Chennai Super Kings
2,Chennai Super Kings,Mumbai Indians,18.8,6,81,9.79,1.2,4,82,1,7,0.83,0.0848,90,Chennai Super Kings
1,Rajasthan Royals,Sunrisers Hyderabad,10.7,6,98,9.22,9.3,4,0,0,55,0.0,0.0,172,Rajasthan Royals
2,Sunrisers Hyderabad,Rajasthan Royals,10.8,6,93,8.66,9.2,4,173,80,55,8.7,1.0046,145,Rajasthan Royals
1,Delhi Capitals,Chennai Super Kings,17.2,8,85,4.98,2.8,2,0,0,16,0.0,0.0,94,Chennai Super Kings
2,Chennai Super Kings,Delhi Capitals,5.2,9,46,8.85,14.8,1,95,49,88,3.31,0.374,137,Chennai Super Kings
1,Mumbai Indians,Chennai Super Kings,13.3,3,77,5.86,6.7,7,0,0,40,0.0,0.0,111,Chennai Super Kings
2,Chennai Super Kings,Mumbai Indians,16.2,7,111,8.65,3.8,3,112,1,22,0.26,0.0301,136,Chennai Super Kings
1,Sunrisers Hyderabad,Rajasthan Royals,10.0,3,70,7.04,10.0,7,0,0,60,0.0,0.0,125,Rajasthan Royals
2,Rajasthan Royals,Sunrisers Hyderabad,8.6,5,71,8.32,11.4,5,126,55,68,4.82,0.5793,137,Rajasthan Royals
1,Rajasthan Royals,Royal Challengers Bangalore,12.4,0,83,6.77,7.6,10,0,0,45,0.0,0.0,127,Rajasthan Royals
2,Royal Challengers Bangalore,Rajasthan Royals,9.4,3,46,4.94,10.6,7,128,82,63,7.74,1.5668,93,Rajasthan Royals
1,Chennai Super Kings,Mumbai Indians,11.4,7,85,7.52,8.6,3,0,0,51,0.0,0.0,137,Mumbai Indians
2,Mumbai Indians,Chennai Super Kings,13.1,6,112,8.62,6.9,4,138,26,41,3.77,0.4374,163,Mumbai Indians
1,Punjab Kings,Chennai Super Kings,15.2,7,72,4.79,4.8,3,0,0,28,0.0,0.0,88,Chennai Super Kings
2,Chennai Super Kings,Punjab Kings,10.9,2,53,4.88,9.1,8,89,36,54,3.96,0.8115,99,Chennai Super Kings
1,Rajasthan Royals,Delhi Capitals,11.1,7,108,9.79,8.9,3,0,0,53,0.0,0.0,170,Rajasthan Royals
2,Delhi Capitals,Rajasthan Royals,15.8,2,137,8.69,4.2,8,171,34,25,8.1,0.9321,166,Rajasthan Royals
1,Kolkata Knight Riders,Punjab Kings,17.3,5,158,9.18,2.7,5,0,0,16,0.0,0.0,178,Kolkata Knight Riders
2,Punjab Kings,Kolkata Knight Riders,8.7,9,71,8.23,11.3,1,179,108,67,9.56,1.1616,139,Kolkata Knight Riders
1,Royal Challengers Bangalore,Delhi Capitals,14.0,0,113,8.12,6.0,10,0,0,36,0.0,0.0,167,Royal Challengers Bangalore
2,Delhi Capitals,Royal Challengers Bangalore,5.3,3,47,8.96,14.7,7,168,121,88,8.23,0.9185,161,Royal Challengers Bangalore
1,Kolkata Knight Riders,Chennai Super Kings,14.6,0,89,6.12,5.4,10,0,0,32,0.0,0.0,117,Chennai Super Kings
2,Chennai Super Kings,Kolkata Knight Riders,12.2,5,93,7.66,7.8,5,118,25,46,3.21,0.4191,135,Chennai Super Kings
1,Rajasthan Royals,Punjab Kings,9.9,9,68,6.96,10.1,1,0,0,60,0.0,0.0,110,Rajasthan Royals
2,Punjab Kings,Rajasthan Royals,7.5,2,42,5.71,12.5,8,111,69,75,5.52,0.9667,110,Rajasthan Royals
1,Mumbai Indians,Kolkata Knight Riders,9.1,8,73,8.13,10.9,2,0,0,65,0.0,0.0,125,Kolkata Knight Riders
2,Kolkata Knight Riders,Mumbai Indians,14.0,5,113,8.12,6.0,5,126,13,36,2.17,0.2672,155,Kolkata Knight Riders
1,Rajasthan Royals,Royal Challengers Bangalore,13.8,5,135,9.83,6.2,5,0,0,37,0.0,0.0,180,Rajasthan Royals
2,Royal Challengers Bangalore,Rajasthan Royals,6.7,5,34,5.2,13.3,5,181,147,79,11.05,2.125,93,Rajasthan Royals
1,Punjab Kings,Kolkata Knight Riders,5.8,1,42,7.31,14.2,9,0,0,85,0.0,0.0,139,Kolkata Knight Riders
2,Kolkata Knight Riders,Punjab Kings,16.1,5,137,8.55,3.9,5,140,3,23,0.77,0.0901,162,Kolkata Knight Riders
1,Mumbai Indians,Punjab Kings,16.5,0,146,8.85,3.5,10,0,0,21,0.0,0.0,173,Mumbai Indians
2,Punjab Kings,Mumbai Indians,11.7,5,88,7.54,8.3,5,174,86,49,10.36,1.374,135,Mumbai Indians
1,Sunrisers Hyderabad,Chennai Super Kings,7.7,5,52,6.88,12.3,5,0,0,73,0.0,0.0,127,Chennai Super Kings
2,Chennai Super Kings,Sunrisers Hyderabad,13.0,8,117,9.01,7.0,2,128,11,42,1.57,0.1743,165,Chennai Super Kings
1,Royal Challengers Bangalore,Chennai Super Kings,17.0,7,97,5.75,3.0,3,0,0,18,0.0,0.0,110,Chennai Super Kings
2,Chennai Super Kings,Royal Challengers Bangalore,11.4,3,110,9.69,8.6,7,111,1,51,0.12,0.0124,187,Chennai Super Kings
1,Mumbai Indians,Kolkata Knight Riders,8.6,6,45,5.24,11.4,4,0,0,68,0.0,0.0,85,Kolkata Knight Riders
2,Kolkata Knight Riders,Mumbai Indians,7.1,3,69,9.77,12.9,7,86,17,77,1.32,0.1351,184,Kolkata Knight Riders
1,Royal Challengers Bangalore,Mumbai Indians,13.9,2,116,8.37,6.1,8,0,0,36,0.0,0.0,166,Royal Challengers Bangalore
2,Mumbai Indians,Royal Challengers Bangalore,5.6,8,47,8.48,14.4,2,167,120,86,8.33,0.9823,125,Royal Challengers Bangalore
1,Sunrisers Hyderabad,Royal Challengers Bangalore,6.7,3,47,7.04,13.3,7,0,0,79,0.0,0.0,135,Royal Challengers Bangalore
2,Royal Challengers Bangalore,Sunrisers Hyderabad,9.3,7,91,9.83,10.7,3,136,45,64,4.21,0.4283,177,Royal Challengers Bangalore
1,Punjab Kings,Rajasthan Royals,14.3,7,103,7.24,5.7,3,0,0,34,0.0,0.0,129,Rajasthan Royals
2,Rajasthan Royals,Punjab Kings,18.7,1,129,8.82,1.3,9,130,1,7,0.77,0.0873,139,Rajasthan Royals
1,Kolkata Knight Riders,Delhi Capitals,17.9,0,103,5.78,2.1,10,0,0,12,0.0,0.0,114,Delhi Capitals
2,Delhi Capitals,Kolkata Knight Riders,17.5,9,114,9.22,2.5,1,115,1,15,0.4,0.0434,129,Delhi Capitals
1,Chennai Super Kings,Delhi Capitals,18.7,8,99,5.34,1.3,2,0,0,7,0.0,0.0,103,Delhi Capitals
2,Delhi Capitals,Chennai Super Kings,9.0,2,80,8.99,11.0,8,104,24,66,2.18,0.2425,158,Delhi Capitals
1,Mumbai Indians,Kolkata Knight Riders,5.3,5,43,8.18,14.7,5,0,0,88,0.0,0.0,129,Mumbai Indians
2,Kolkata Knight Riders,Mumbai Indians,8.2,5,40,4.9,11.8,5,130,90,70,7.63,1.5571,85,Mumbai Indians
1,Royal Challengers Bangalore,Delhi Capitals,11.8,3,106,9.02,8.2,7,0,0,49,0.0,0.0,169,Royal Challengers Bangalore
2,Delhi Capitals,Royal Challengers Bangalore,5.3,9,28,5.33,14.7,1,170,142,88,9.66,1.8124,78,Royal Challengers Bangalore
1,Rajasthan Royals,Delhi Capitals,9.5,5,77,8.18,10.5,5,0,0,63,0.0,0.0,141,Rajasthan Royals
2,Delhi Capitals,Rajasthan Royals,11.5,7,55,4.86,8.5,3,142,87,51,10.24,2.107,84,Rajasthan Royals
1,Punjab Kings,Sunrisers Hyderabad,14.1,6,97,6.93,5.9,4,0,0,35,0.0,0.0,125,Sunrisers Hyderabad
2,Sunrisers Hyderabad,Punjab Kings,11.0,7,100,9.14,9.0,3,126,26,54,2.89,0.3162,162,Sunrisers Hyderabad
1,Rajasthan Royals,Kolkata Knight Riders,12.7,4,80,6.33,7.3,6,0,0,43,0.0,0.0,123,Kolkata Knight Riders
2,Kolkata Knight Riders,Rajasthan Royals,10.3,0,90,8.74,9.7,10,124,34,58,3.51,0.4016,179,Kolkata Knight Riders
1,Chennai Super Kings,Royal Challengers Bangalore,6.9,0,62,9.02,13.1,10,0,0,78,0.0,0.0,195,Chennai Super Kings
2,Royal Challengers Bangalore,Chennai Super Kings,17.9,4,110,6.18,2.1,6,196,86,12,40.95,6.6262,120,Chennai Super Kings
1,Kolkata Knight Riders,Punjab Kings,11.1,7,51,4.68,8.9,3,0,0,53,0.0,0.0,82,Punjab Kings
2,Punjab Kings,Kolkata Knight Riders,5.4,4,38,7.18,14.6,6,83,45,87,3.08,0.429,130,Punjab Kings
1,Delhi Capitals,Royal Challengers Bangalore,7.1,6,33,4.74,12.9,4,0,0,77,0.0,0.0,82,Royal Challengers Bangalore
2,Royal Challengers Bangalore,Delhi Capitals,5.5,6,34,6.2,14.5,4,83,49,87,3.38,0.5452,105,Royal Challengers Bangalore
1,Punjab Kings,Delhi Capitals,11.3,9,65,5.78,8.7,1,0,0,52,0.0,0.0,95,Delhi Capitals
2,Delhi Capitals,Punjab Kings,17.0,3,95,7.19,3.0,7,96,1,18,0.33,0.0459,114,Delhi Capitals
1,Mumbai Indians,Rajasthan Royals,13.3,3,99,7.51,6.7,7,0,0,40,0.0,0.0,142,Mumbai Indians
2,Rajasthan Royals,Mumbai Indians,16.4,9,100,6.1,3.6,1,143,43,21,11.94,1.9574,116,Mumbai Indians
1,Rajasthan Royals,Punjab Kings,9.7,3,90,9.3,10.3,7,0,0,61,0.0,0.0,186,Rajasthan Royals
2,Punjab Kings,Rajasthan Royals,12.1,6,95,7.92,7.9,4,187,92,47,11.65,1.471,135,Rajasthan Royals
1,Mumbai Indians,Sunrisers Hyderabad,10.5,6,59,5.71,9.5,4,0,0,57,0.0,0.0,103,Sunrisers Hyderabad
2,Sunrisers Hyderabad,Mumbai Indians,5.3,1,49,9.29,14.7,9,104,55,88,3.74,0.4026,175,Sunrisers Hyderabad
1,Delhi Capitals,Sunrisers Hyderabad,6.7,1,46,6.94,13.3,9,0,0,79,0.0,0.0,138,Sunrisers Hyderabad
2,Sunrisers Hyderabad,Delhi Capitals,12.9,7,103,8.05,7.1,3,139,36,42,5.07,0.6298,148,Sunrisers Hyderabad
1,Punjab Kings,Delhi Capitals,11.1,4,110,9.93,8.9,6,0,0,53,0.0,0.0,177,Punjab Kings
2,Delhi Capitals,Punjab Kings,15.5,3,135,8.73,4.5,7,178,43,27,9.56,1.0951,171,Punjab Kings
1,Rajasthan Royals,Mumbai Indians,11.0,2,63,5.78,9.0,8,0,0,54,0.0,0.0,112,Mumbai Indians
2,Mumbai Indians,Rajasthan Royals,7.7,4,70,9.14,12.3,6,113,43,73,3.5,0.3829,165,Mumbai Indians
1,Punjab Kings,Rajasthan Royals,14.4,1,118,8.23,5.6,9,0,0,33,0.0,0.0,162,Punjab Kings
2,Rajasthan Royals,Punjab Kings,5.3,6,42,7.99,14.7,4,163,121,88,8.23,1.03,135,Punjab Kings
1,Mumbai Indians,Chennai Super Kings,12.7,4,116,9.14,7.3,6,0,0,43,0.0,0.0,178,Mumbai Indians
2,Chennai Super Kings,Mumbai Indians,16.6,1,91,5.49,3.4,9,179,88,20,25.88,4.714,110,Mumbai Indians
1,Punjab Kings,Chennai Super Kings,15.2,3,133,8.78,4.8,7,0,0,28,0.0,0.0,165,Chennai Super Kings
2,Chennai Super Kings,Punjab Kings,10.6,5,99,9.4,9.4,5,166,67,56,7.13,0.7585,177,Chennai Super Kings
1,Delhi Capitals,Sunrisers Hyderabad,13.0,8,54,4.22,7.0,2,0,0,42,0.0,0.0,74,Sunrisers Hyderabad
2,Sunrisers Hyderabad,Delhi Capitals,18.5,9,74,4.33,1.5,1,75,1,9,0.67,0.1547,78,Sunrisers Hyderabad
1,Royal Challengers Bangalore,Chennai Super Kings,16.1,9,111,6.92,3.9,1,0,0,23,0.0,0.0,127,Royal Challengers Bangalore
2,Chennai Super Kings,Royal Challengers Bangalore,6.5,6,47,7.3,13.5,4,128,81,81,6.0,0.8219,126,Royal Challengers Bangalore
1,Kolkata Knight Riders,Rajasthan Royals,6.1,1,54,9.0,13.9,9,0,0,83,0.0,0.0,162,Kolkata Knight Riders
2,Rajasthan Royals,Kolkata Knight Riders,11.6,8,67,5.8,8.4,2,163,96,50,11.43,1.9707,104,Kolkata Knight Riders
1,Rajasthan Royals,Sunrisers Hyderabad,5.6,5,44,7.92,14.4,5,0,0,86,0.0,0.0,122,Sunrisers Hyderabad
2,Sunrisers Hyderabad,Rajasthan Royals,9.9,8,87,8.8,10.1,2,123,36,60,3.56,0.4045,156,Sunrisers Hyderabad
1,Kolkata Knight Riders,Rajasthan Royals,10.3,1,103,10.0,9.7,9,0,0,58,0.0,0.0,190,Kolkata Knight Riders
2,Rajasthan Royals,Kolkata Knight Riders,16.8,5,75,4.52,3.2,5,191,116,19,36.25,8.0199,87,Kolkata Knight Riders
1,Royal Challengers Bangalore,Delhi Capitals,9.1,7,82,9.05,10.9,3,0,0,65,0.0,0.0,152,Royal Challengers Bangalore
2,Delhi Capitals,Royal Challengers Bangalore,18.4,4,91,4.95,1.6,6,153,62,9,38.75,7.8283,98,Royal Challengers Bangalore
1,Kolkata Knight Riders,Royal Challengers Bangalore,10.4,1,66,6.37,9.6,9,0,0,57,0.0,0.0,126,Royal Challengers Bangalore
2,Royal Challengers Bangalore,Kolkata Knight Riders,10.6,0,93,8.81,9.4,10,127,34,56,3.62,0.4109,167,Royal Challengers Bangalore
1,Mumbai Indians,Royal Challengers Bangalore,17.5,2,99,5.71,2.5,8,0,0,15,0.0,0.0,112,Royal Challengers Bangalore
2,Royal Challengers Bangalore,Mumbai Indians,8.8,1,67,7.72,11.2,9,113,46,67,4.11,0.5324,148,Royal Challengers Bangalore
1,Kolkata Knight Riders,Rajasthan Royals,17.7,8,138,7.81,2.3,2,0,0,13,0.0,0.0,150,Rajasthan Royals
2,Rajasthan Royals,Kolkata Knight Riders,9.5,2,98,10.37,10.5,8,151,53,63,5.05,0.487,184,Rajasthan Royals
1,Royal Challengers Bangalore,Sunrisers Hyderabad,15.7,0,129,8.23,4.3,10,0,0,25,0.0,0.0,169,Royal Challengers Bangalore
2,Sunrisers Hyderabad,Royal Challengers Bangalore,12.5,6,61,4.88,7.5,4,170,109,45,14.53,2.9775,89,Royal Challengers Bangalore
1,Kolkata Knight Riders,Delhi Capitals,17.9,0,143,7.99,2.1,10,0,0,12,0.0,0.0,157,Kolkata Knight Riders
2,Delhi Capitals,Kolkata Knight Riders,7.3,5,62,8.57,12.7,5,158,96,76,7.56,0.8821,144,Kolkata Knight Riders
1,Chennai Super Kings,Royal Challengers Bangalore,17.6,0,155,8.85,2.4,10,0,0,14,0.0,0.0,176,Royal Challengers Bangalore
2,Royal Challengers Bangalore,Chennai Super Kings,17.3,3,176,10.8,2.7,7,177,1,16,0.37,0.0343,199,Royal Challengers Bangalore
1,Sunrisers Hyderabad,Delhi Capitals,19.5,0,116,5.98,0.5,10,0,0,3,0.0,0.0,119,Sunrisers Hyderabad
2,Delhi Capitals,Sunrisers Hyderabad,19.4,2,102,5.28,0.6,8,120,18,3,30.0,5.6818,105,Sunrisers Hyderabad
1,Mumbai Indians,Chennai Super Kings,7.8,3,55,7.16,12.2,7,0,0,73,0.0,0.0,125,Mumbai Indians
2,Chennai Super Kings,Mumbai Indians,16.0,3,86,5.38,4.0,7,126,40,24,10.0,1.8587,105,Mumbai Indians
1,Sunrisers Hyderabad,Chennai Super Kings,8.5,6,79,9.35,11.5,4,0,0,69,0.0,0.0,160,Sunrisers Hyderabad
2,Chennai Super Kings,Sunrisers Hyderabad,19.5,9,135,6.93,0.5,1,161,26,3,52.0,7.5036,137,Sunrisers Hyderabad
1,Royal Challengers Bangalore,Punjab Kings,5.2,0,50,9.76,14.8,10,0,0,88,0.0,0.0,215,Royal Challengers Bangalore
2,Punjab Kings,Royal Challengers Bangalore,9.2,9,88,9.62,10.8,1,216,128,64,11.85,1.2318,160,Royal Challengers Bangalore
1,Mumbai Indians,Delhi Capitals,14.1,0,76,5.46,5.9,10,0,0,35,0.0,0.0,104,Delhi Capitals
2,Delhi Capitals,Mumbai Indians,5.3,1,48,9.18,14.7,9,105,57,88,3.88,0.4227,186,Delhi Capitals
1,Kolkata Knight Riders,Sunrisers Hyderabad,18.6,0,180,9.73,1.4,10,0,0,8,0.0,0.0,192,Kolkata Knight Riders
2,Sunrisers Hyderabad,Kolkata Knight Riders,15.1,3,83,5.53,4.9,7,193,110,29,22.45,4.0597,103,Kolkata Knight Riders
1,Punjab Kings,Chennai Super Kings,14.3,4,93,6.56,5.7,6,0,0,34,0.0,0.0,127,Chennai Super Kings
2,Chennai Super Kings,Punjab Kings,8.5,2,64,7.62,11.5,8,128,64,69,5.57,0.731,146,Chennai Super Kings
1,Kolkata Knight Riders,Delhi Capitals,6.4,9,52,8.16,13.6,1,0,0,81,0.0,0.0,123,Delhi Capitals
2,Delhi Capitals,Kolkata Knight Riders,11.2,4,101,9.06,8.8,6,124,23,52,2.61,0.2881,176,Delhi Capitals
1,Punjab Kings,Mumbai Indians,19.5,6,172,8.83,0.5,4,0,0,3,0.0,0.0,175,Punjab Kings
2,Mumbai Indians,Punjab Kings,19.2,9,130,6.81,0.8,1,176,46,4,57.5,8.4435,133,Punjab Kings
1,Delhi Capitals,Rajasthan Royals,6.1,6,45,7.38,13.9,4,0,0,83,0.0,0.0,123,Delhi Capitals
2,Rajasthan Royals,Delhi Capitals,15.2,9,101,6.65,4.8,1,124,23,28,4.79,0.7203,119,Delhi Capitals
1,Kolkata Knight Riders,Sunrisers Hyderabad,10.4,8,65,6.32,9.6,2,0,0,57,0.0,0.0,109,Sunrisers Hyderabad
2,Sunrisers Hyderabad,Kolkata Knight Riders,19.4,2,109,9.31,0.6,8,110,1,3,1.67,0.1794,115,Sunrisers Hyderabad
1,Sunrisers Hyderabad,Punjab Kings,5.7,4,51,8.96,14.3,6,0,0,85,0.0,0.0,160,Sunrisers Hyderabad
2,Punjab Kings,Sunrisers Hyderabad,11.6,7,64,5.52,8.4,3,161,97,50,11.55,2.0924,100,Sunrisers Hyderabad
1,Rajasthan Royals,Delhi Capitals,11.3,1,85,7.6,8.7,9,0,0,52,0.0,0.0,144,Rajasthan Royals
2,Delhi Capitals,Rajasthan Royals,7.1,7,35,5.03,12.9,3,145,110,77,8.53,1.6958,83,Rajasthan Royals
1,Punjab Kings,Mumbai Indians,7.5,6,37,5.03,12.5,4,0,0,75,0.0,0.0,83,Mumbai Indians
2,Mumbai Indians,Punjab Kings,5.5,5,54,9.89,14.5,5,84,30,87,2.07,0.2093,162,Mumbai Indians
1,Delhi Capitals,Sunrisers Hyderabad,8.5,9,59,7.03,11.5,1,0,0,69,0.0,0.0,116,Delhi Capitals
2,Sunrisers Hyderabad,Delhi Capitals,11.5,2,65,5.67,8.5,8,117,52,51,6.12,1.0794,115,Delhi Capitals
1,Delhi Capitals,Royal Challengers Bangalore,14.1,6,132,9.39,5.9,4,0,0,35,0.0,0.0,179,Delhi Capitals
2,Royal Challengers Bangalore,Delhi Capitals,19.1,5,80,4.2,0.9,5,180,100,5,111.11,26.4548,83,Delhi Capitals
1,Kolkata Knight Riders,Mumbai Indians,9.9,0,104,10.58,10.1,10,0,0,60,0.0,0.0,219,Kolkata Knight Riders
2,Mumbai Indians,Kolkata Knight Riders,8.0,6,62,7.81,12.0,4,220,158,72,13.17,1.6863,130,Kolkata Knight Riders
1,Mumbai Indians,Kolkata Knight Riders,19.4,2,177,9.15,0.6,8,0,0,3,0.0,0.0,182,Mumbai Indians
2,Kolkata Knight Riders,Mumbai Indians,14.4,9,115,8.05,5.6,1,183,68,33,12.14,1.5081,144,Mumbai Indians
1,Sunrisers Hyderabad,Delhi Capitals,13.2,9,70,5.37,6.8,1,0,0,40,0.0,0.0,91,Delhi Capitals
2,Delhi Capitals,Sunrisers Hyderabad,5.5,2,57,10.54,14.5,8,92,35,87,2.41,0.2287,213,Delhi Capitals
1,Kolkata Knight Riders,Punjab Kings,8.6,8,55,6.5,11.4,2,0,0,68,0.0,0.0,106,Kolkata Knight Riders
2,Punjab Kings,Kolkata Knight Riders,5.3,7,23,4.43,14.7,3,107,84,88,5.71,1.2889,71,Kolkata Knight Riders
1,Royal Challengers Bangalore,Punjab Kings,9.2,2,47,5.13,10.8,8,0,0,64,0.0,0.0,102,Punjab Kings
2,Punjab Kings,Royal Challengers Bangalore,14.2,2,77,5.47,5.8,8,103,26,34,4.48,0.819,109,Punjab Kings
1,Kolkata Knight Riders,Punjab Kings,18.0,9,130,7.26,2.0,1,0,0,12,0.0,0.0,141,Punjab Kings
2,Punjab Kings,Kolkata Knight Riders,16.6,2,141,8.7,3.4,8,142,1,20,0.29,0.0333,166,Punjab Kings
1,Punjab Kings,Kolkata Knight Riders,6.6,3,42,6.46,13.4,7,0,0,80,0.0,0.0,125,Kolkata Knight Riders
2,Kolkata Knight Riders,Punjab Kings,16.4,3,106,6.49,3.6,7,126,20,21,5.56,0.8567,126,Kolkata Knight Riders
1,Kolkata Knight Riders,Sunrisers Hyderabad,19.3,4,120,6.22,0.7,6,0,0,4,0.0,0.0,123,Kolkata Knight Riders
2,Sunrisers Hyderabad,Kolkata Knight Riders,8.4,0,50,6.05,11.6,10,124,74,69,6.38,1.0545,117,Kolkata Knight Riders
1,Royal Challengers Bangalore,Sunrisers Hyderabad,6.5,9,58,8.93,13.5,1,0,0,81,0.0,0.0,135,Sunrisers Hyderabad
2,Sunrisers Hyderabad,Royal Challengers Bangalore,14.4,9,135,9.82,5.6,1,136,1,33,0.18,0.0183,173,Sunrisers Hyderabad
1,Chennai Super Kings,Sunrisers Hyderabad,14.8,7,85,5.81,5.2,3,0,0,31,0.0,0.0,106,Sunrisers Hyderabad
2,Sunrisers Hyderabad,Chennai Super Kings,14.1,2,86,6.14,5.9,8,107,21,35,3.56,0.5798,122,Sunrisers Hyderabad
1,Royal Challengers Bangalore,Chennai Super Kings,10.3,5,57,5.63,9.7,5,0,0,58,0.0,0.0,105,Chennai Super Kings
2,Chennai Super Kings,Royal Challengers Bangalore,7.7,2,51,6.64,12.3,8,106,55,73,4.47,0.6732,126,Chennai Super Kings
1,Royal Challengers Bangalore,Punjab Kings,13.8,4,78,5.68,6.2,6,0,0,37,0.0,0.0,109,Punjab Kings
2,Punjab Kings,Royal Challengers Bangalore,12.4,6,109,10.03,7.6,4,110,1,45,0.13,0.013,162,Punjab Kings
1,Kolkata Knight Riders,Royal Challengers Bangalore,16.7,4,102,6.13,3.3,6,0,0,19,0.0,0.0,120,Kolkata Knight Riders
2,Royal Challengers Bangalore,Kolkata Knight Riders,6.9,4,36,5.27,13.1,6,121,85,78,6.49,1.2315,86,Kolkata Knight Riders
1,Rajasthan Royals,Punjab Kings,8.8,9,81,9.24,11.2,1,0,0,67,0.0,0.0,151,Rajasthan Royals
2,Punjab Kings,Rajasthan Royals,6.5,8,33,5.15,13.5,2,152,119,81,8.81,1.7107,76,Rajasthan Royals
1,Kolkata Knight Riders,Sunrisers Hyderabad,9.9,0,65,6.66,10.1,10,0,0,60,0.0,0.0,127,Kolkata Knight Riders
2,Sunrisers Hyderabad,Kolkata Knight Riders,7.5,4,45,6.08,12.5,6,128,83,75,6.64,1.0921,108,Kolkata Knight Riders
1,Sunrisers Hyderabad,Royal Challengers Bangalore,5.6,6,30,5.38,14.4,4,0,0,86,0.0,0.0,94,Royal Challengers Bangalore
2,Royal Challengers Bangalore,Sunrisers Hyderabad,12.8,0,94,8.78,7.2,10,95,1,43,0.14,0.0159,154,Royal Challengers Bangalore
1,Chennai Super Kings,Royal Challengers Bangalore,8.5,2,47,5.58,11.5,8,0,0,69,0.0,0.0,98,Royal Challengers Bangalore
2,Royal Challengers Bangalore,Chennai Super Kings,10.3,1,94,9.15,9.7,9,99,5,58,0.52,0.0568,181,Royal Challengers Bangalore
1,Sunrisers Hyderabad,Rajasthan Royals,6.1,0,59,9.74,13.9,10,0,0,83,0.0,0.0,200,Sunrisers Hyderabad
2,Rajasthan Royals,Sunrisers Hyderabad,8.1,2,49,6.09,11.9,8,201,152,71,12.77,2.0969,114,Sunrisers Hyderabad
1,Royal Challengers Bangalore,Rajasthan Royals,6.2,2,63,10.21,13.8,8,0,0,82,0.0,0.0,208,Royal Challengers Bangalore
2,Rajasthan Royals,Royal Challengers Bangalore,8.0,7,72,9.11,12.0,3,209,137,72,11.42,1.2536,150,Royal Challengers Bangalore
1,Rajasthan Royals,Punjab Kings,9.5,5,89,9.46,10.5,5,0,0,63,0.0,0.0,179,Rajasthan Royals
2,Punjab Kings,Rajasthan Royals,7.5,4,30,4.09,12.5,6,180,150,75,12.0,2.934,77,Rajasthan Royals
1,Chennai Super Kings,Mumbai Indians,11.1,9,49,4.44,8.9,1,0,0,53,0.0,0.0,78,Mumbai Indians
2,Mumbai Indians,Chennai Super Kings,7.0,7,56,8.14,13.0,3,79,23,78,1.77,0.2174,122,Mumbai Indians
1,Kolkata Knight Riders,Sunrisers Hyderabad,13.9,3,84,6.06,6.1,7,0,0,36,0.0,0.0,116,Kolkata Knight Riders
2,Sunrisers Hyderabad,Kolkata Knight Riders,15.0,2,87,5.82,5.0,8,117,30,30,6.0,1.0309,115,Kolkata Knight Riders
1,Chennai Super Kings,Kolkata Knight Riders,6.0,0,38,6.45,14.0,10,0,0,84,0.0,0.0,138,Kolkata Knight Riders
2,Kolkata Knight Riders,Chennai Super Kings,8.7,9,81,9.32,11.3,1,139,58,67,5.13,0.5504,148,Kolkata Knight Riders
1,Kolkata Knight Riders,Sunrisers Hyderabad,11.3,3,94,8.34,8.7,7,0,0,52,0.0,0.0,151,Kolkata Knight Riders
2,Sunrisers Hyderabad,Kolkata Knight Riders,17.0,8,108,6.4,3.0,2,152,44,18,14.67,2.2922,122,Kolkata Knight Riders
1,Kolkata Knight Riders,Chennai Super Kings,9.1,8,75,8.34,10.9,2,0,0,65,0.0,0.0,137,Chennai Super Kings
2,Chennai Super Kings,Kolkata Knight Riders,18.1,6,137,8.68,1.9,4,138,1,11,0.53,0.0611,148,Chennai Super Kings
1,Punjab Kings,Royal Challengers Bangalore,11.5,3,100,8.72,8.5,7,0,0,51,0.0,0.0,158,Royal Challengers Bangalore
2,Royal Challengers Bangalore,Punjab Kings,15.7,8,141,9.02,4.3,2,159,18,25,4.19,0.4645,166,Royal Challengers Bangalore
1,Rajasthan Royals,Royal Challengers Bangalore,12.7,0,83,6.61,7.3,10,0,0,43,0.0,0.0,127,Royal Challengers Bangalore
2,Royal Challengers Bangalore,Rajasthan Royals,13.4,2,127,10.64,6.6,8,128,1,39,0.15,0.0141,201,Royal Challengers Bangalore
1,Mumbai Indians,Delhi Capitals,7.1,2,38,5.4,12.9,8,0,0,77,0.0,0.0,106,Mumbai Indians
2,Delhi Capitals,Mumbai Indians,12.9,4,72,5.65,7.1,6,107,35,42,4.93,0.8726,105,Mumbai Indians
1,Delhi Capitals,Punjab Kings,8.9,7,81,9.11,11.1,3,0,0,66,0.0,0.0,164,Punjab Kings
2,Punjab Kings,Delhi Capitals,12.0,7,121,10.16,8.0,3,165,44,48,5.5,0.5413,176,Punjab Kings
1,Punjab Kings,Mumbai Indians,8.4,8,38,4.6,11.6,2,0,0,69,0.0,0.0,76,Mumbai Indians
2,Mumbai Indians,Punjab Kings,9.5,1,76,9.63,10.5,9,77,1,63,0.1,0.0104,172,Mumbai Indians
1,Sunrisers Hyderabad,Mumbai Indians,11.8,1,116,9.9,8.2,9,0,0,49,0.0,0.0,201,Sunrisers Hyderabad
2,Mumbai Indians,Sunrisers Hyderabad,11.3,9,62,5.57,8.7,1,202,140,52,16.09,2.8887,90,Sunrisers Hyderabad
1,Rajasthan Royals,Delhi Capitals,9.2,1,74,8.1,10.8,9,0,0,64,0.0,0.0,156,Rajasthan Royals
2,Delhi Capitals,Rajasthan Royals,5.8,7,29,5.0,14.2,3,157,128,85,9.01,1.802,85,Rajasthan Royals
1,Mumbai Indians,Punjab Kings,13.3,1,78,5.91,6.7,9,0,0,40,0.0,0.0,119,Mumbai Indians
2,Punjab Kings,Mumbai Indians,8.0,1,42,5.25,12.0,9,120,78,72,6.5,1.2381,105,Mumbai Indians
1,Royal Challengers Bangalore,Sunrisers Hyderabad,16.1,6,107,6.68,3.9,4,0,0,23,0.0,0.0,129,Royal Challengers Bangalore
2,Sunrisers Hyderabad,Royal Challengers Bangalore,8.3,5,49,5.91,11.7,5,130,81,70,6.92,1.1709,110,Royal Challengers Bangalore
1,Chennai Super Kings,Kolkata Knight Riders,10.2,6,72,7.11,9.8,4,0,0,58,0.0,0.0,127,Kolkata Knight Riders
2,Kolkata Knight Riders,Chennai Super Kings,5.8,2,59,10.21,14.2,8,128,69,85,4.86,0.476,183,Kolkata Knight Riders
1,Rajasthan Royals,Mumbai Indians,9.8,4,80,8.24,10.2,6,0,0,61,0.0,0.0,143,Mumbai Indians
2,Mumbai Indians,Rajasthan Royals,13.4,4,102,7.64,6.6,6,144,42,39,6.36,0.8325,149,Mumbai Indians
1,Sunrisers Hyderabad,Rajasthan Royals,14.1,5,88,6.25,5.9,5,0,0,35,0.0,0.0,119,Rajasthan Royals
2,Rajasthan Royals,Sunrisers Hyderabad,14.3,3,119,8.79,5.7,7,120,1,34,0.18,0.0205,162,Rajasthan Royals
1,Mumbai Indians,Rajasthan Royals,14.2,4,117,8.27,5.8,6,0,0,34,0.0,0.0,161,Rajasthan Royals
2,Rajasthan Royals,Mumbai Indians,8.6,4,76,8.85,11.4,6,162,86,68,7.54,0.852,168,Rajasthan Royals
1,Sunrisers Hyderabad,Royal Challengers Bangalore,13.4,8,89,6.69,6.6,2,0,0,39,0.0,0.0,119,Sunrisers Hyderabad
2,Royal Challengers Bangalore,Sunrisers Hyderabad,7.3,7,47,6.47,12.7,3,120,73,76,5.75,0.8887,99,Sunrisers Hyderabad
1,Punjab Kings,Sunrisers Hyderabad,8.8,7,76,8.69,11.2,3,0,0,67,0.0,0.0,140,Punjab Kings
2,Sunrisers Hyderabad,Punjab Kings,12.1,9,94,7.8,7.9,1,141,47,47,5.95,0.7628,133,Punjab Kings
1,Delhi Capitals,Chennai Super Kings,13.3,3,93,7.02,6.7,7,0,0,40,0.0,0.0,136,Chennai Super Kings
2,Chennai Super Kings,Delhi Capitals,18.0,5,136,10.13,2.0,5,137,1,12,0.5,0.0494,151,Chennai Super Kings
1,Royal Challengers Bangalore,Delhi Capitals,14.4,5,134,9.34,5.6,5,0,0,33,0.0,0.0,179,Royal Challengers Bangalore
2,Delhi Capitals,Royal Challengers Bangalore,14.3,8,139,9.75,5.7,2,180,41,34,7.19,0.7374,173,Royal Challengers Bangalore
1,Sunrisers Hyderabad,Royal Challengers Bangalore,13.3,5,86,6.53,6.7,5,0,0,40,0.0,0.0,119,Sunrisers Hyderabad
2,Royal Challengers Bangalore,Sunrisers Hyderabad,6.4,4,33,5.25,13.6,6,120,87,81,6.4,1.219,97,Sunrisers Hyderabad
1,Kolkata Knight Riders,Royal Challengers Bangalore,14.8,7,78,5.28,5.2,3,0,0,31,0.0,0.0,96,Royal Challengers Bangalore
2,Royal Challengers Bangalore,Kolkata Knight Riders,17.4,9,96,6.36,2.6,1,97,1,15,0.38,0.0597,106,Royal Challengers Bangalore
1,Sunrisers Hyderabad,Rajasthan Royals,17.3,8,86,5.01,2.7,2,0,0,16,0.0,0.0,95,Rajasthan Royals
2,Rajasthan Royals,Sunrisers Hyderabad,13.7,7,93,6.83,6.3,3,96,3,37,0.48,0.0703,124,Rajasthan Royals
1,Chennai Super Kings,Sunrisers Hyderabad,9.7,0,67,6.95,10.3,10,0,0,61,0.0,0.0,136,Sunrisers Hyderabad
2,Sunrisers Hyderabad,Chennai Super Kings,17.5,1,136,10.03,2.5,9,137,1,15,0.4,0.0399,159,Sunrisers Hyderabad
1,Kolkata Knight Riders,Royal Challengers Bangalore,15.8,6,142,9.01,4.2,4,0,0,25,0.0,0.0,174,Kolkata Knight Riders
2,Royal Challengers Bangalore,Kolkata Knight Riders,14.0,2,80,5.72,6.0,8,175,95,36,15.83,2.7675,116,Kolkata Knight Riders
1,Delhi Capitals,Royal Challengers Bangalore,7.2,3,53,7.39,12.8,7,0,0,76,0.0,0.0,126,Royal Challengers Bangalore
2,Royal Challengers Bangalore,Delhi Capitals,15.9,0,126,9.06,4.1,10,127,1,24,0.24,0.0265,159,Royal Challengers Bangalore
1,Punjab Kings,Mumbai Indians,13.8,5,85,6.21,6.2,5,0,0,37,0.0,0.0,112,Mumbai Indians
2,Mumbai Indians,Punjab Kings,18.3,2,104,5.69,1.7,8,113,9,10,5.29,0.9297,113,Mumbai Indians
1,Sunrisers Hyderabad,Royal Challengers Bangalore,18.1,8,146,8.11,1.9,2,0,0,11,0.0,0.0,156,Royal Challengers Bangalore
2,Royal Challengers Bangalore,Sunrisers Hyderabad,8.2,2,69,8.49,11.8,8,157,88,70,7.46,0.8787,166,Royal Challengers Bangalore
1,Delhi Capitals,Punjab Kings,13.5,2,82,6.13,6.5,8,0,0,39,0.0,0.0,117,Delhi Capitals
2,Punjab Kings,Delhi Capitals,12.9,7,62,4.84,7.1,3,118,56,42,7.89,1.6302,85,Delhi Capitals
1,Chennai Super Kings,Delhi Capitals,15.5,3,148,9.6,4.5,7,0,0,27,0.0,0.0,183,Chennai Super Kings
2,Delhi Capitals,Chennai Super Kings,9.7,3,80,8.27,10.3,7,184,104,61,10.1,1.2213,153,Chennai Super Kings
1,Chennai Super Kings,Punjab Kings,9.3,1,93,10.03,10.7,9,0,0,64,0.0,0.0,206,Chennai Super Kings
2,Punjab Kings,Chennai Super Kings,10.0,1,64,6.48,10.0,9,207,143,60,14.3,2.2068,131,Chennai Super Kings
1,Kolkata Knight Riders,Mumbai Indians,7.0,3,39,5.7,13.0,7,0,0,78,0.0,0.0,108,Mumbai Indians
2,Mumbai Indians,Kolkata Knight Riders,11.2,1,75,6.76,8.8,9,109,34,52,3.86,0.571,129,Mumbai Indians
1,Chennai Super Kings,Kolkata Knight Riders,18.8,0,120,6.43,1.2,10,0,0,7,0.0,0.0,127,Kolkata Knight Riders
2,Kolkata Knight Riders,Chennai Super Kings,11.2,0,98,8.75,8.8,10,128,30,52,3.41,0.3897,165,Kolkata Knight Riders
1,Mumbai Indians,Kolkata Knight Riders,11.9,4,71,5.97,8.1,6,0,0,48,0.0,0.0,106,Kolkata Knight Riders
2,Kolkata Knight Riders,Mumbai Indians,5.0,3,29,5.94,15.0,7,107,78,90,5.2,0.8754,119,Kolkata Knight Riders
1,Sunrisers Hyderabad,Delhi Capitals,13.0,0,87,6.7,7.0,10,0,0,42,0.0,0.0,138,Sunrisers Hyderabad
2,Delhi Capitals,Sunrisers Hyderabad,13.7,9,80,5.9,6.3,1,139,59,37,9.37,1.5881,101,Sunrisers Hyderabad
1,Mumbai Indians,Chennai Super Kings,10.8,2,76,7.07,9.2,8,0,0,55,0.0,0.0,143,Chennai Super Kings
2,Chennai Super Kings,Mumbai Indians,19.1,2,143,7.5,0.9,8,144,1,5,1.11,0.148,149,Chennai Super Kings
1,Royal Challengers Bangalore,Punjab Kings,16.6,6,141,8.55,3.4,4,0,0,20,0.0,0.0,161,Royal Challengers Bangalore
2,Punjab Kings,Royal Challengers Bangalore,16.6,0,106,6.41,3.4,10,162,56,20,16.47,2.5694,127,Royal Challengers Bangalore
1,Mumbai Indians,Rajasthan Royals,17.4,7,112,6.46,2.6,3,0,0,15,0.0,0.0,125,Rajasthan Royals
2,Rajasthan Royals,Mumbai Indians,15.3,8,107,7.01,4.7,2,126,19,28,4.04,0.5763,127,Rajasthan Royals
1,Chennai Super Kings,Rajasthan Royals,9.4,3,72,7.74,10.6,7,0,0,63,0.0,0.0,154,Chennai Super Kings
2,Rajasthan Royals,Chennai Super Kings,6.0,9,27,4.52,14.0,1,155,128,84,9.14,2.0221,71,Chennai Super Kings
1,Kolkata Knight Riders,Delhi Capitals,7.4,5,50,6.81,12.6,5,0,0,75,0.0,0.0,126,Kolkata Knight Riders
2,Delhi Capitals,Kolkata Knight Riders,10.7,3,44,4.18,9.3,7,127,83,55,8.92,2.134,82,Kolkata Knight Riders
1,Punjab Kings,Delhi Capitals,18.0,9,154,8.57,2.0,1,0,0,12,0.0,0.0,165,Punjab Kings
2,Delhi Capitals,Punjab Kings,19.0,9,121,6.4,1.0,1,166,45,6,45.0,7.0312,125,Punjab Kings
1,Punjab Kings,Mumbai Indians,5.8,5,48,8.41,14.2,5,0,0,85,0.0,0.0,147,Punjab Kings
2,Mumbai Indians,Punjab Kings,10.8,7,79,7.36,9.2,3,148,69,55,7.5,1.019,130,Punjab Kings
1,Rajasthan Royals,Delhi Capitals,9.1,7,65,7.15,10.9,3,0,0,65,0.0,0.0,124,Rajasthan Royals
2,Delhi Capitals,Rajasthan Royals,5.3,5,28,5.34,14.7,5,125,97,88,6.6,1.236,83,Rajasthan Royals
1,Punjab Kings,Rajasthan Royals,6.2,3,32,5.19,13.8,7,0,0,82,0.0,0.0,94,Rajasthan Royals
2,Rajasthan Royals,Punjab Kings,6.7,7,55,8.3,13.3,3,95,40,79,3.01,0.3627,136,Rajasthan Royals
1,Sunrisers Hyderabad,Royal Challengers Bangalore,8.4,2,85,10.21,11.6,8,0,0,69,0.0,0.0,201,Sunrisers Hyderabad
2,Royal Challengers Bangalore,Sunrisers Hyderabad,7.3,4,32,4.46,12.7,6,202,170,76,13.39,3.0022,75,Sunrisers Hyderabad
1,Mumbai Indians,Punjab Kings,11.4,8,58,5.15,8.6,2,0,0,51,0.0,0.0,85,Punjab Kings
2,Punjab Kings,Mumbai Indians,9.5,2,85,10.13,10.5,8,86,1,63,0.1,0.0099,183,Punjab Kings
1,Sunrisers Hyderabad,Chennai Super Kings,7.3,9,62,8.63,12.7,1,0,0,76,0.0,0.0,142,Chennai Super Kings
2,Chennai Super Kings,Sunrisers Hyderabad,5.2,3,49,9.47,14.8,7,143,94,88,6.35,0.6705,161,Chennai Super Kings
1,Kolkata Knight Riders,Sunrisers Hyderabad,19.4,8,150,7.77,0.6,2,0,0,3,0.0,0.0,153,Sunrisers Hyderabad
2,Sunrisers Hyderabad,Kolkata Knight Riders,18.9,8,153,8.85,1.1,2,154,1,6,0.91,0.1028,161,Sunrisers Hyderabad
1,Mumbai Indians,Punjab Kings,15.8,6,128,8.13,4.2,4,0,0,25,0.0,0.0,150,Mumbai Indians
2,Punjab Kings,Mumbai Indians,7.9,1,43,5.56,12.1,9,151,108,72,8.93,1.6061,111,Mumbai Indians
1,Chennai Super Kings,Kolkata Knight Riders,14.8,4,112,7.57,5.2,6,0,0,31,0.0,0.0,144,Chennai Super Kings
2,Kolkata Knight Riders,Chennai Super Kings,14.3,7,79,5.54,5.7,3,145,66,34,11.58,2.0903,105,Chennai Super Kings
1,Rajasthan Royals,Royal Challengers Bangalore,12.5,9,105,8.47,7.5,1,0,0,45,0.0,0.0,141,Rajasthan Royals
2,Royal Challengers Bangalore,Rajasthan Royals,10.4,6,62,5.97,9.6,4,142,80,57,8.33,1.3953,107,Rajasthan Royals
1,Royal Challengers Bangalore,Sunrisers Hyderabad,8.4,5,65,7.78,11.6,5,0,0,69,0.0,0.0,135,Sunrisers Hyderabad
2,Sunrisers Hyderabad,Royal Challengers Bangalore,17.5,7,135,10.01,2.5,3,136,1,15,0.4,0.04,151,Sunrisers Hyderabad
1,Mumbai Indians,Kolkata Knight Riders,8.7,6,53,6.13,11.3,4,0,0,67,0.0,0.0,109,Mumbai Indians
2,Kolkata Knight Riders,Mumbai Indians,8.3,2,41,4.97,11.7,8,110,69,70,5.9,1.1871,99,Mumbai Indians
1,Delhi Capitals,Chennai Super Kings,16.7,7,140,8.39,3.3,3,0,0,19,0.0,0.0,160,Chennai Super Kings
2,Chennai Super Kings,Delhi Capitals,17.0,4,153,9.03,3.0,6,161,8,18,2.67,0.2957,177,Chennai Super Kings
1,Punjab Kings,Sunrisers Hyderabad,7.5,0,41,5.53,12.5,10,0,0,75,0.0,0.0,110,Sunrisers Hyderabad
2,Sunrisers Hyderabad,Punjab Kings,15.6,3,102,6.55,4.4,7,111,9,26,2.05,0.313,128,Sunrisers Hyderabad
1,Kolkata Knight Riders,Mumbai Indians,13.0,0,95,7.36,7.0,10,0,0,42,0.0,0.0,145,Mumbai Indians
2,Mumbai Indians,Kolkata Knight Riders,18.4,4,145,8.48,1.6,6,146,1,9,0.62,0.0731,155,Mumbai Indians
1,Kolkata Knight Riders,Punjab Kings,14.8,6,67,4.57,5.2,4,0,0,31,0.0,0.0,83,Punjab Kings
2,Punjab Kings,Kolkata Knight Riders,15.5,9,83,7.52,4.5,1,84,1,27,0.22,0.0293,106,Punjab Kings
1,Chennai Super Kings,Rajasthan Royals,10.1,9,56,5.6,9.9,1,0,0,59,0.0,0.0,89,Rajasthan Royals
2,Rajasthan Royals,Chennai Super Kings,14.3,8,89,6.6,5.7,2,90,1,34,0.18,0.0273,115,Rajasthan Royals
1,Rajasthan Royals,Punjab Kings,10.7,1,88,8.28,9.3,9,0,0,55,0.0,0.0,160,Rajasthan Royals
2,Punjab Kings,Rajasthan Royals,10.6,7,100,9.48,9.4,3,161,61,56,6.49,0.6846,160,Rajasthan Royals
1,Chennai Super Kings,Kolkata Knight Riders,11.8,5,82,6.97,8.2,5,0,0,49,0.0,0.0,134,Chennai Super Kings
2,Kolkata Knight Riders,Chennai Super Kings,9.9,5,58,5.88,10.1,5,135,77,60,7.62,1.2959,112,Chennai Super Kings
1,Kolkata Knight Riders,Chennai Super Kings,6.1,5,33,5.45,13.9,5,0,0,83,0.0,0.0,91,Chennai Super Kings
2,Chennai Super Kings,Kolkata Knight Riders,13.4,3,91,7.77,6.6,7,92,1,39,0.15,0.0193,141,Chennai Super Kings
1,Rajasthan Royals,Mumbai Indians,7.2,3,60,8.39,12.8,7,0,0,76,0.0,0.0,167,Rajasthan Royals
2,Mumbai Indians,Rajasthan Royals,5.5,1,33,6.0,14.5,9,168,135,87,9.31,1.5517,109,Rajasthan Royals
1,Delhi Capitals,Royal Challengers Bangalore,17.6,8,115,6.59,2.4,2,0,0,14,0.0,0.0,126,Royal Challengers Bangalore
2,Royal Challengers Bangalore,Delhi Capitals,6.6,6,59,8.95,13.4,4,127,68,80,5.07,0.5665,153,Royal Challengers Bangalore
1,Delhi Capitals,Kolkata Knight Riders,18.5,0,134,7.29,1.5,10,0,0,9,0.0,0.0,146,Delhi Capitals
2,Kolkata Knight Riders,Delhi Capitals,12.7,0,91,7.18,7.3,10,147,56,43,7.67,1.0682,141,Delhi Capitals
1,Kolkata Knight Riders,Punjab Kings,15.6,7,154,9.93,4.4,3,0,0,26,0.0,0.0,189,Kolkata Knight Riders
2,Punjab Kings,Kolkata Knight Riders,17.1,6,107,6.3,2.9,4,190,83,17,28.62,4.5429,119,Kolkata Knight Riders
1,Punjab Kings,Sunrisers Hyderabad,9.2,5,87,9.54,10.8,5,0,0,64,0.0,0.0,161,Punjab Kings
2,Sunrisers Hyderabad,Punjab Kings,13.7,9,119,8.74,6.3,1,162,43,37,6.83,0.7815,159,Punjab Kings
1,Royal Challengers Bangalore,Rajasthan Royals,16.2,8,125,7.75,3.8,2,0,0,22,0.0,0.0,148,Royal Challengers Bangalore
2,Rajasthan Royals,Royal Challengers Bangalore,17.7,7,125,7.09,2.3,3,149,24,13,10.43,1.4711,138,Royal Challengers Bangalore
1,Mumbai Indians,Sunrisers Hyderabad,5.9,8,32,5.43,14.1,2,0,0,84,0.0,0.0,84,Sunrisers Hyderabad
2,Sunrisers Hyderabad,Mumbai Indians,8.1,5,77,9.62,11.9,5,85,8,71,0.67,0.0696,161,Sunrisers Hyderabad
1,Royal Challengers Bangalore,Mumbai Indians,18.5,3,114,6.19,1.5,7,0,0,9,0.0,0.0,121,Royal Challengers Bangalore
2,Mumbai Indians,Royal Challengers Bangalore,8.3,9,39,4.79,11.7,1,122,83,70,7.09,1.4802,72,Royal Challengers Bangalore
1,Royal Challengers Bangalore,Rajasthan Royals,9.9,8,86,8.78,10.1,2,0,0,60,0.0,0.0,148,Royal Challengers Bangalore
2,Rajasthan Royals,Royal Challengers Bangalore,8.6,2,54,6.36,11.4,8,149,95,68,8.33,1.3097,130,Royal Challengers Bangalore
1,Punjab Kings,Rajasthan Royals,18.0,7,152,8.49,2.0,3,0,0,12,0.0,0.0,163,Punjab Kings
2,Rajasthan Royals,Punjab Kings,10.6,7,65,6.16,9.4,3,164,99,56,10.53,1.7094,109,Punjab Kings
1,Rajasthan Royals,Kolkata Knight Riders,10.3,1,69,6.79,9.7,9,0,0,58,0.0,0.0,123,Kolkata Knight Riders
2,Kolkata Knight Riders,Rajasthan Royals,15.5,3,97,6.3,4.5,7,124,27,27,6.0,0.9524,124,Kolkata Knight Riders
1,Rajasthan Royals,Delhi Capitals,17.7,3,113,6.4,2.3,7,0,0,13,0.0,0.0,127,Delhi Capitals
2,Delhi Capitals,Rajasthan Royals,16.8,6,127,9.51,3.2,4,128,1,19,0.31,0.0326,148,Delhi Capitals
1,Royal Challengers Bangalore,Delhi Capitals,16.7,6,167,10.02,3.3,4,0,0,19,0.0,0.0,189,Royal Challengers Bangalore
2,Delhi Capitals,Royal Challengers Bangalore,7.3,9,33,4.59,12.7,1,190,157,76,12.36,2.6928,70,Royal Challengers Bangalore
1,Sunrisers Hyderabad,Punjab Kings,14.5,1,77,5.36,5.5,9,0,0,33,0.0,0.0,109,Punjab Kings
2,Punjab Kings,Sunrisers Hyderabad,5.8,2,45,7.85,14.2,8,110,65,85,4.58,0.5834,156,Punjab Kings
1,Delhi Capitals,Rajasthan Royals,14.6,3,135,9.27,5.4,7,0,0,32,0.0,0.0,182,Delhi Capitals
2,Rajasthan Royals,Delhi Capitals,16.1,5,81,5.07,3.9,5,183,102,23,26.15,5.1578,98,Delhi Capitals
1,Sunrisers Hyderabad,Royal Challengers Bangalore,8.0,4,59,7.42,12.0,6,0,0,72,0.0,0.0,144,Sunrisers Hyderabad
2,Royal Challengers Bangalore,Sunrisers Hyderabad,8.2,1,54,6.69,11.8,9,145,91,70,7.71,1.1525,135,Sunrisers Hyderabad
1,Mumbai Indians,Royal Challengers Bangalore,8.8,8,64,7.35,11.2,2,0,0,67,0.0,0.0,116,Royal Challengers Bangalore
2,Royal Challengers Bangalore,Mumbai Indians,11.1,0,81,7.32,8.9,10,117,36,53,4.04,0.5519,146,Royal Challengers Bangalore
1,Kolkata Knight Riders,Chennai Super Kings,15.8,8,133,8.43,4.2,2,0,0,25,0.0,0.0,156,Kolkata Knight Riders
2,Chennai Super Kings,Kolkata Knight Riders,13.4,9,115,8.64,6.6,1,157,42,39,6.36,0.7361,153,Kolkata Knight Riders
1,Chennai Super Kings,Delhi Capitals,6.0,5,29,4.85,14.0,5,0,0,84,0.0,0.0,87,Delhi Capitals
2,Delhi Capitals,Chennai Super Kings,14.5,0,85,5.92,5.5,10,88,3,33,0.55,0.0929,117,Delhi Capitals
1,Royal Challengers Bangalore,Sunrisers Hyderabad,13.6,8,82,6.07,6.4,2,0,0,38,0.0,0.0,105,Sunrisers Hyderabad
2,Sunrisers Hyderabad,Royal Challengers Bangalore,14.9,5,82,5.54,5.1,5,106,24,30,4.71,0.8502,107,Sunrisers Hyderabad
1,Delhi Capitals,Rajasthan Royals,8.1,2,54,6.78,11.9,8,0,0,71,0.0,0.0,121,Rajasthan Royals
2,Rajasthan Royals,Delhi Capitals,8.9,4,86,9.69,11.1,6,122,36,66,3.24,0.3344,164,Rajasthan Royals
1,Delhi Capitals,Royal Challengers Bangalore,15.3,1,98,6.45,4.7,9,0,0,28,0.0,0.0,128,Royal Challengers Bangalore
2,Royal Challengers Bangalore,Delhi Capitals,13.0,1,106,8.19,7.0,9,129,23,42,3.29,0.4017,166,Royal Challengers Bangalore
1,Delhi Capitals,Mumbai Indians,15.8,4,90,5.73,4.2,6,0,0,25,0.0,0.0,113,Mumbai Indians
2,Mumbai Indians,Delhi Capitals,19.0,3,113,7.12,1.0,7,114,1,6,1.0,0.1404,119,Mumbai Indians
1,Punjab Kings,Sunrisers Hyderabad,17.7,2,99,5.62,2.3,8,0,0,13,0.0,0.0,111,Punjab Kings
2,Sunrisers Hyderabad,Punjab Kings,9.4,6,53,5.64,10.6,4,112,59,63,5.57,0.9876,103,Punjab Kings
1,Punjab Kings,Kolkata Knight Riders,17.7,1,181,10.23,2.3,9,0,0,13,0.0,0.0,205,Punjab Kings
2,Kolkata Knight Riders,Punjab Kings,6.9,0,70,10.25,13.1,10,206,136,78,10.38,1.0127,188,Punjab Kings
1,Sunrisers Hyderabad,Royal Challengers Bangalore,18.0,6,107,5.99,2.0,4,0,0,12,0.0,0.0,115,Sunrisers Hyderabad
2,Royal Challengers Bangalore,Sunrisers Hyderabad,10.8,8,71,6.59,9.2,2,116,45,55,4.89,0.742,113,Sunrisers Hyderabad
1,Delhi Capitals,Sunrisers Hyderabad,8.7,5,79,9.17,11.3,5,0,0,67,0.0,0.0,163,Delhi Capitals
2,Sunrisers Hyderabad,Delhi Capitals,16.3,7,118,7.28,3.7,3,164,46,22,12.43,1.7074,140,Delhi Capitals
1,Mumbai Indians,Royal Challengers Bangalore,9.3,0,70,7.62,10.7,10,0,0,64,0.0,0.0,154,Mumbai Indians
2,Royal Challengers Bangalore,Mumbai Indians,10.2,9,95,9.35,9.8,1,155,60,58,6.12,0.6545,148,Mumbai Indians
1,Chennai Super Kings,Delhi Capitals,7.1,4,59,8.31,12.9,6,0,0,77,0.0,0.0,151,Chennai Super Kings
2,Delhi Capitals,Chennai Super Kings,17.9,1,93,5.24,2.1,9,152,59,12,28.1,5.3626,104,Chennai Super Kings
1,Royal Challengers Bangalore,Rajasthan Royals,12.0,9,100,8.34,8.0,1,0,0,48,0.0,0.0,142,Royal Challengers Bangalore
2,Rajasthan Royals,Royal Challengers Bangalore,12.2,7,62,5.12,7.8,3,143,81,46,10.38,2.0273,94,Royal Challengers Bangalore
1,Kolkata Knight Riders,Delhi Capitals,14.6,7,115,7.89,5.4,3,0,0,32,0.0,0.0,144,Delhi Capitals
2,Delhi Capitals,Kolkata Knight Riders,8.2,5,69,8.46,11.8,5,145,76,70,6.44,0.7612,150,Delhi Capitals
1,Mumbai Indians,Delhi Capitals,14.8,7,111,7.53,5.2,3,0,0,31,0.0,0.0,143,Mumbai Indians
2,Delhi Capitals,Mumbai Indians,10.2,9,56,5.54,9.8,1,144,88,58,8.98,1.6209,86,Mumbai Indians
1,Rajasthan Royals,Punjab Kings,11.8,1,78,6.69,8.2,9,0,0,49,0.0,0.0,135,Rajasthan Royals
2,Punjab Kings,Rajasthan Royals,19.5,8,88,4.52,0.5,2,136,48,3,96.0,21.2389,89,Rajasthan Royals
1,Royal Challengers Bangalore,Punjab Kings,11.6,9,78,6.75,8.4,1,0,0,50,0.0,0.0,115,Punjab Kings
2,Punjab Kings,Royal Challengers Bangalore,9.4,1,56,5.99,10.6,9,116,60,63,5.66,0.9449,118,Punjab Kings
1,Royal Challengers Bangalore,Rajasthan Royals,19.4,9,139,7.2,0.6,1,0,0,3,0.0,0.0,142,Royal Challengers Bangalore
2,Rajasthan Royals,Royal Challengers Bangalore,10.6,3,53,5.07,9.4,7,143,90,56,9.57,1.8876,100,Royal Challengers Bangalore
1,Delhi Capitals,Mumbai Indians,19.2,7,172,9.01,0.8,3,0,0,4,0.0,0.0,177,Delhi Capitals
2,Mumbai Indians,Delhi Capitals,9.6,3,59,6.19,10.4,7,178,119,62,11.44,1.8481,109,Delhi Capitals
1,Royal Challengers Bangalore,Kolkata Knight Riders,11.0,4,97,8.89,9.0,6,0,0,54,0.0,0.0,161,Royal Challengers Bangalore
2,Kolkata Knight Riders,Royal Challengers Bangalore,9.6,2,58,6.08,10.4,8,162,104,62,10.0,1.6447,111,Royal Challengers Bangalore
1,Punjab Kings,Mumbai Indians,7.4,1,64,8.74,12.6,9,0,0,75,0.0,0.0,175,Punjab Kings
2,Mumbai Indians,Punjab Kings,18.6,6,123,6.63,1.4,4,176,53,8,37.86,5.7104,131,Punjab Kings
1,Mumbai Indians,Sunrisers Hyderabad,14.8,5,91,6.17,5.2,5,0,0,31,0.0,0.0,115,Sunrisers Hyderabad
2,Sunrisers Hyderabad,Mumbai Indians,16.9,9,106,6.31,3.1,1,116,10,18,3.23,0.5119,117,Sunrisers Hyderabad
1,Royal Challengers Bangalore,Punjab Kings,9.1,4,69,7.66,10.9,6,0,0,65,0.0,0.0,147,Punjab Kings
2,Punjab Kings,Royal Challengers Bangalore,8.7,0,83,9.58,11.3,10,148,65,67,5.75,0.6002,205,Punjab Kings
1,Sunrisers Hyderabad,Delhi Capitals,8.1,7,49,6.14,11.9,3,0,0,71,0.0,0.0,97,Delhi Capitals
2,Delhi Capitals,Sunrisers Hyderabad,15.3,4,97,9.83,4.7,6,98,1,28,0.21,0.0214,139,Delhi Capitals
1,Royal Challengers Bangalore,Sunrisers Hyderabad,6.8,1,47,7.02,13.2,9,0,0,79,0.0,0.0,123,Royal Challengers Bangalore
2,Sunrisers Hyderabad,Royal Challengers Bangalore,5.5,8,26,4.89,14.5,2,124,98,87,6.76,1.3824,73,Royal Challengers Bangalore
1,Mumbai Indians,Punjab Kings,9.5,8,68,7.23,10.5,2,0,0,63,0.0,0.0,119,Mumbai Indians
2,Punjab Kings,Mumbai Indians,14.5,3,84,5.86,5.5,7,120,36,33,6.55,1.1177,116,Mumbai Indians
1,Sunrisers Hyderabad,Mumbai Indians,5.5,6,26,4.84,14.5,4,0,0,87,0.0,0.0,80,Mumbai Indians
2,Mumbai Indians,Sunrisers Hyderabad,14.7,0,80,9.15,5.3,10,81,1,31,0.19,0.0208,135,Mumbai Indians
1,Chennai Super Kings,Rajasthan Royals,9.0,6,63,7.03,11.0,4,0,0,66,0.0,0.0,121,Rajasthan Royals
2,Rajasthan Royals,Chennai Super Kings,12.7,8,118,9.35,7.3,2,122,4,43,0.55,0.0588,168,Rajasthan Royals
1,Sunrisers Hyderabad,Rajasthan Royals,17.6,0,136,7.76,2.4,10,0,0,14,0.0,0.0,156,Rajasthan Royals
2,Rajasthan Royals,Sunrisers Hyderabad,15.9,7,156,9.9,4.1,3,157,1,24,0.24,0.0242,183,Rajasthan Royals
1,Royal Challengers Bangalore,Mumbai Indians,14.0,5,117,8.39,6.0,5,0,0,36,0.0,0.0,158,Royal Challengers Bangalore
2,Mumbai Indians,Royal Challengers Bangalore,8.3,3,64,7.81,11.7,7,159,95,70,8.12,1.0397,141,Royal Challengers Bangalore
1,Mumbai Indians,Delhi Capitals,14.6,7,87,6.0,5.4,3,0,0,32,0.0,0.0,107,Mumbai Indians
2,Delhi Capitals,Mumbai Indians,8.0,9,44,5.61,12.0,1,108,64,72,5.33,0.9501,89,Mumbai Indians
1,Rajasthan Royals,Delhi Capitals,6.8,1,42,6.22,13.2,9,0,0,79,0.0,0.0,124,Rajasthan Royals
2,Delhi Capitals,Rajasthan Royals,17.2,9,103,6.01,2.8,1,125,22,16,7.86,1.3078,115,Rajasthan Royals
1,Delhi Capitals,Kolkata Knight Riders,7.0,6,35,5.04,13.0,4,0,0,78,0.0,0.0,89,Kolkata Knight Riders
2,Kolkata Knight Riders,Delhi Capitals,9.9,4,89,9.78,10.1,6,90,1,60,0.1,0.0102,171,Kolkata Knight Riders
1,Kolkata Knight Riders,Delhi Capitals,14.1,5,83,5.92,5.9,5,0,0,35,0.0,0.0,110,Delhi Capitals
2,Delhi Capitals,Kolkata Knight Riders,18.0,6,110,8.81,2.0,4,111,1,12,0.5,0.0568,123,Delhi Capitals
1,Rajasthan Royals,Punjab Kings,16.3,4,104,6.4,3.7,6,0,0,22,0.0,0.0,122,Punjab Kings
2,Punjab Kings,Rajasthan Royals,18.3,6,122,6.82,1.7,4,123,1,10,0.59,0.0865,131,Punjab Kings
1,Chennai Super Kings,Delhi Capitals,15.4,7,125,8.14,4.6,3,0,0,27,0.0,0.0,153,Chennai Super Kings
2,Delhi Capitals,Chennai Super Kings,10.1,6,62,6.22,9.9,4,154,92,59,9.29,1.4936,113,Chennai Super Kings
1,Rajasthan Royals,Delhi Capitals,14.9,4,114,7.69,5.1,6,0,0,30,0.0,0.0,150,Rajasthan Royals
2,Delhi Capitals,Rajasthan Royals,18.0,8,135,7.52,2.0,2,151,16,12,8.0,1.0638,145,Rajasthan Royals
1,Kolkata Knight Riders,Punjab Kings,6.6,7,34,5.23,13.4,3,0,0,80,0.0,0.0,87,Punjab Kings
2,Punjab Kings,Kolkata Knight Riders,14.9,6,87,6.35,5.1,4,88,1,30,0.2,0.0315,109,Punjab Kings
1,Rajasthan Royals,Mumbai Indians,8.9,4,85,9.57,11.1,6,0,0,66,0.0,0.0,174,Rajasthan Royals
2,Mumbai Indians,Rajasthan Royals,10.8,5,79,7.37,9.2,5,175,96,55,10.43,1.4152,129,Rajasthan Royals
1,Delhi Capitals,Kolkata Knight Riders,18.8,8,165,8.81,1.2,2,0,0,7,0.0,0.0,172,Delhi Capitals
2,Kolkata Knight Riders,Delhi Capitals,6.5,6,66,10.27,13.5,4,173,107,81,7.93,0.7722,156,Delhi Capitals
1,Royal Challengers Bangalore,Mumbai Indians,7.6,2,44,5.81,12.4,8,0,0,74,0.0,0.0,113,Mumbai Indians
2,Mumbai Indians,Royal Challengers Bangalore,5.2,2,45,8.7,14.8,8,114,69,88,4.66,0.5356,163,Mumbai Indians
1,Rajasthan Royals,Sunrisers Hyderabad,13.3,5,104,7.84,6.7,5,0,0,40,0.0,0.0,140,Rajasthan Royals
2,Sunrisers Hyderabad,Rajasthan Royals,11.5,9,55,4.86,8.5,1,141,86,51,10.12,2.0823,82,Rajasthan Royals
1,Kolkata Knight Riders,Chennai Super Kings,7.8,6,60,7.8,12.2,4,0,0,73,0.0,0.0,129,Kolkata Knight Riders
2,Chennai Super Kings,Kolkata Knight Riders,13.0,6,76,5.89,7.0,4,130,54,42,7.71,1.309,111,Kolkata Knight Riders
1,Royal Challengers Bangalore,Kolkata Knight Riders,16.2,1,168,10.43,3.8,9,0,0,22,0.0,0.0,211,Royal Challengers Bangalore
2,Kolkata Knight Riders,Royal Challengers Bangalore,9.3,8,56,6.12,10.7,2,212,156,64,14.58,2.3824,97,Royal Challengers Bangalore
1,Rajasthan Royals,Sunrisers Hyderabad,7.1,3,56,8.0,12.9,7,0,0,77,0.0,0.0,149,Rajasthan Royals
2,Sunrisers Hyderabad,Rajasthan Royals,7.7,7,37,4.81,12.3,3,150,113,73,9.19,1.9106,86,Rajasthan Royals
1,Delhi Capitals,Royal Challengers Bangalore,9.1,0,52,5.82,10.9,10,0,0,65,0.0,0.0,108,Royal Challengers Bangalore
2,Royal Challengers Bangalore,Delhi Capitals,12.0,7,101,8.45,8.0,3,109,8,48,1.0,0.1183,155,Royal Challengers Bangalore
1,Royal Challengers Bangalore,Mumbai Indians,15.5,6,121,7.81,4.5,4,0,0,27,0.0,0.0,145,Royal Challengers Bangalore
2,Mumbai Indians,Royal Challengers Bangalore,17.0,4,92,5.47,3.0,6,146,54,18,18.0,3.2907,106,Royal Challengers Bangalore
1,Sunrisers Hyderabad,Punjab Kings,11.8,5,55,4.71,8.2,5,0,0,49,0.0,0.0,87,Punjab Kings
2,Punjab Kings,Sunrisers Hyderabad,10.2,6,87,10.6,9.8,4,88,1,58,0.1,0.0094,160,Punjab Kings
1,Royal Challengers Bangalore,Sunrisers Hyderabad,12.6,0,94,7.52,7.4,10,0,0,44,0.0,0.0,147,Royal Challengers Bangalore
2,Sunrisers Hyderabad,Royal Challengers Bangalore,5.9,5,33,5.65,14.1,5,148,115,84,8.16,1.4442,104,Royal Challengers Bangalore
1,Delhi Capitals,Punjab Kings,12.4,2,68,5.55,7.6,8,0,0,45,0.0,0.0,112,Punjab Kings
2,Punjab Kings,Delhi Capitals,5.1,2,37,7.35,14.9,8,113,76,89,5.1,0.6939,128,Punjab Kings
1,Rajasthan Royals,Sunrisers Hyderabad,17.5,2,147,8.45,2.5,8,0,0,15,0.0,0.0,168,Rajasthan Royals
2,Sunrisers Hyderabad,Rajasthan Royals,18.0,1,147,8.19,2.0,9,169,22,12,11.0,1.3431,162,Rajasthan Royals
1,Punjab Kings,Mumbai Indians,16.3,8,148,9.09,3.7,2,0,0,22,0.0,0.0,171,Punjab Kings
2,Mumbai Indians,Punjab Kings,6.1,8,62,10.24,13.9,2,172,110,83,7.91,0.7725,162,Punjab Kings
1,Kolkata Knight Riders,Sunrisers Hyderabad,16.5,7,161,9.78,3.5,3,0,0,21,0.0,0.0,185,Kolkata Knight Riders
2,Sunrisers Hyderabad,Kolkata Knight Riders,5.9,9,36,6.25,14.1,1,186,150,84,10.64,1.7024,96,Kolkata Knight Riders
1,Sunrisers Hyderabad,Delhi Capitals,15.5,7,109,7.08,4.5,3,0,0,27,0.0,0.0,134,Delhi Capitals
2,Delhi Capitals,Sunrisers Hyderabad,16.8,1,130,7.75,3.2,9,135,5,19,1.56,0.2013,156,Delhi Capitals
1,Kolkata Knight Riders,Rajasthan Royals,17.7,5,91,5.16,2.3,5,0,0,13,0.0,0.0,100,Rajasthan Royals
2,Rajasthan Royals,Kolkata Knight Riders,15.2,0,100,10.69,4.8,10,101,1,28,0.21,0.0196,154,Rajasthan Royals
1,Delhi Capitals,Punjab Kings,5.0,5,35,7.06,15.0,5,0,0,90,0.0,0.0,115,Punjab Kings
2,Punjab Kings,Delhi Capitals,10.1,8,104,10.34,9.9,2,116,12,59,1.21,0.117,183,Punjab Kings
1,Mumbai Indians,Punjab Kings,17.9,5,124,6.96,2.1,5,0,0,12,0.0,0.0,134,Punjab Kings
2,Punjab Kings,Mumbai Indians,15.9,6,118,7.43,4.1,4,135,17,24,4.15,0.5585,141,Punjab Kings
1,Rajasthan Royals,Kolkata Knight Riders,18.3,3,171,9.37,1.7,7,0,0,10,0.0,0.0,183,Rajasthan Royals
2,Kolkata Knight Riders,Rajasthan Royals,6.6,9,57,8.74,13.4,1,184,127,80,9.48,1.0847,137,Rajasthan Royals
1,Chennai Super Kings,Kolkata Knight Riders,9.4,8,62,6.66,10.6,2,0,0,63,0.0,0.0,113,Chennai Super Kings
2,Kolkata Knight Riders,Chennai Super Kings,15.0,7,87,5.81,5.0,3,114,27,30,5.4,0.9294,106,Chennai Super Kings
1,Punjab Kings,Sunrisers Hyderabad,15.0,0,159,10.65,5.0,10,0,0,30,0.0,0.0,205,Punjab Kings
2,Sunrisers Hyderabad,Punjab Kings,8.4,6,40,4.83,11.6,4,206,166,69,14.31,2.9627,86,Punjab Kings
1,Kolkata Knight Riders,Sunrisers Hyderabad,15.2,2,139,9.15,4.8,8,0,0,28,0.0,0.0,175,Kolkata Knight Riders
2,Sunrisers Hyderabad,Kolkata Knight Riders,7.7,9,70,9.13,12.3,1,176,106,73,8.62,0.9441,146,Kolkata Knight Riders
1,Kolkata Knight Riders,Rajasthan Royals,15.0,2,87,5.86,5.0,8,0,0,30,0.0,0.0,118,Rajasthan Royals
2,Rajasthan Royals,Kolkata Knight Riders,17.9,7,118,6.66,2.1,3,119,1,12,0.48,0.0721,128,Rajasthan Royals
1,Rajasthan Royals,Mumbai Indians,8.5,2,86,10.13,11.5,8,0,0,69,0.0,0.0,189,Mumbai Indians
2,Mumbai Indians,Rajasthan Royals,11.6,3,122,10.55,8.4,7,190,68,50,8.1,0.7678,207,Mumbai Indians
1,Sunrisers Hyderabad,Royal Challengers Bangalore,11.1,3,98,8.83,8.9,7,0,0,53,0.0,0.0,159,Sunrisers Hyderabad
2,Royal Challengers Bangalore,Sunrisers Hyderabad,5.8,7,40,6.92,14.2,3,160,120,85,8.45,1.2211,121,Sunrisers Hyderabad
1,Sunrisers Hyderabad,Mumbai Indians,17.0,0,150,8.88,3.0,10,0,0,18,0.0,0.0,179,Mumbai Indians
2,Mumbai Indians,Sunrisers Hyderabad,19.0,6,179,9.98,1.0,4,180,1,6,1.0,0.1002,188,Mumbai Indians
1,Punjab Kings,Sunrisers Hyderabad,16.4,3,127,7.76,3.6,7,0,0,21,0.0,0.0,152,Punjab Kings
2,Sunrisers Hyderabad,Punjab Kings,8.0,9,68,8.58,12.0,1,153,85,72,7.08,0.8252,141,Punjab Kings
1,Delhi Capitals,Kolkata Knight Riders,5.1,6,24,4.71,14.9,4,0,0,89,0.0,0.0,71,Kolkata Knight Riders
2,Kolkata Knight Riders,Delhi Capitals,13.8,3,71,9.36,6.2,7,72,1,37,0.16,0.0171,115,Kolkata Knight Riders
1,Delhi Capitals,Royal Challengers Bangalore,12.7,4,87,6.92,7.3,6,0,0,43,0.0,0.0,132,Delhi Capitals
2,Royal Challengers Bangalore,Delhi Capitals,6.6,6,49,7.45,13.4,4,133,84,80,6.27,0.8416,115,Delhi Capitals
1,Royal Challengers Bangalore,Kolkata Knight Riders,7.9,8,41,5.19,12.1,2,0,0,72,0.0,0.0,85,Kolkata Knight Riders
2,Kolkata Knight Riders,Royal Challengers Bangalore,7.7,2,54,7.1,12.3,8,86,32,73,2.6,0.3662,127,Kolkata Knight Riders
1,Mumbai Indians,Sunrisers Hyderabad,18.3,1,103,5.65,1.7,9,0,0,10,0.0,0.0,112,Sunrisers Hyderabad
2,Sunrisers Hyderabad,Mumbai Indians,16.7,2,112,7.03,3.3,8,113,1,19,0.3,0.0427,131,Sunrisers Hyderabad
1,Mumbai Indians,Kolkata Knight Riders,19.4,2,197,10.19,0.6,8,0,0,3,0.0,0.0,202,Mumbai Indians
2,Kolkata Knight Riders,Mumbai Indians,10.4,1,88,8.48,9.6,9,203,115,57,11.98,1.4127,169,Mumbai Indians
1,Kolkata Knight Riders,Sunrisers Hyderabad,5.6,4,53,9.48,14.4,6,0,0,86,0.0,0.0,152,Sunrisers Hyderabad
2,Sunrisers Hyderabad,Kolkata Knight Riders,16.1,2,152,10.78,3.9,8,153,1,23,0.26,0.0241,186,Sunrisers Hyderabad
1,Delhi Capitals,Sunrisers Hyderabad,16.7,4,104,6.25,3.3,6,0,0,19,0.0,0.0,121,Delhi Capitals
2,Sunrisers Hyderabad,Delhi Capitals,6.1,8,26,4.29,13.9,2,122,96,83,6.91,1.6107,71,Delhi Capitals
1,Mumbai Indians,Royal Challengers Bangalore,8.5,8,53,6.24,11.5,2,0,0,69,0.0,0.0,104,Royal Challengers Bangalore
2,Royal Challengers Bangalore,Mumbai Indians,15.9,6,100,6.31,4.1,4,105,5,24,1.22,0.1933,117,Royal Challengers Bangalore
1,Sunrisers Hyderabad,Chennai Super Kings,18.9,7,179,9.5,1.1,3,0,0,6,0.0,0.0,187,Sunrisers Hyderabad
2,Chennai Super Kings,Sunrisers Hyderabad,6.5,1,46,7.2,13.5,9,188,142,81,10.52,1.4611,149,Sunrisers Hyderabad
1,Delhi Capitals,Chennai Super Kings,11.3,5,93,8.25,8.7,5,0,0,52,0.0,0.0,150,Delhi Capitals
2,Chennai Super Kings,Delhi Capitals,11.2,3,73,6.6,8.8,7,151,78,52,8.86,1.3424,122,Delhi Capitals
1,Chennai Super Kings,Punjab Kings,7.1,0,58,8.26,12.9,10,0,0,77,0.0,0.0,169,Chennai Super Kings
2,Punjab Kings,Chennai Super Kings,9.9,4,84,8.58,10.1,6,170,86,60,8.51,0.9918,152,Chennai Super Kings
1,Delhi Capitals,Mumbai Indians,14.9,5,89,6.02,5.1,5,0,0,30,0.0,0.0,117,Mumbai Indians
2,Mumbai Indians,Delhi Capitals,14.5,9,107,7.38,5.5,1,118,11,33,2.0,0.271,133,Mumbai Indians
1,Royal Challengers Bangalore,Chennai Super Kings,5.9,9,48,8.21,14.1,1,0,0,84,0.0,0.0,133,Royal Challengers Bangalore
2,Chennai Super Kings,Royal Challengers Bangalore,17.9,7,119,6.67,2.1,3,134,15,12,7.14,1.0705,129,Royal Challengers Bangalore
1,Mumbai Indians,Rajasthan Royals,11.3,7,61,5.48,8.7,3,0,0,52,0.0,0.0,92,Rajasthan Royals
2,Rajasthan Royals,Mumbai Indians,7.9,6,53,6.78,12.1,4,93,40,72,3.31,0.4882,121,Rajasthan Royals
1,Sunrisers Hyderabad,Delhi Capitals,6.3,3,53,8.45,13.7,7,0,0,82,0.0,0.0,146,Delhi Capitals
2,Delhi Capitals,Sunrisers Hyderabad,6.7,0,52,7.77,13.3,10,147,95,79,7.14,0.9189,171,Delhi Capitals
1,Chennai Super Kings,Punjab Kings,9.2,6,78,8.49,10.8,4,0,0,64,0.0,0.0,145,Punjab Kings
2,Punjab Kings,Chennai Super Kings,17.2,1,145,9.94,2.8,9,146,1,16,0.36,0.0362,169,Punjab Kings
1,Rajasthan Royals,Sunrisers Hyderabad,18.0,2,130,7.25,2.0,8,0,0,12,0.0,0.0,143,Rajasthan Royals
2,Sunrisers Hyderabad,Rajasthan Royals,12.5,8,70,5.61,7.5,2,144,74,45,9.87,1.7594,100,Rajasthan Royals
1,Sunrisers Hyderabad,Chennai Super Kings,15.1,5,115,7.64,4.9,5,0,0,29,0.0,0.0,143,Chennai Super Kings
2,Chennai Super Kings,Sunrisers Hyderabad,8.6,0,69,8.07,11.4,10,144,75,68,6.58,0.8154,168,Chennai Super Kings
1,Kolkata Knight Riders,Sunrisers Hyderabad,12.1,4,66,5.46,7.9,6,0,0,47,0.0,0.0,104,Kolkata Knight Riders
2,Sunrisers Hyderabad,Kolkata Knight Riders,11.9,4,58,4.91,8.1,6,105,47,48,5.8,1.1813,87,Kolkata Knight Riders
1,Delhi Capitals,Royal Challengers Bangalore,9.8,6,50,5.12,10.2,4,0,0,61,0.0,0.0,90,Royal Challengers Bangalore
2,Royal Challengers Bangalore,Delhi Capitals,14.4,1,90,7.91,5.6,9,91,1,33,0.18,0.0228,137,Royal Challengers Bangalore
1,Royal Challengers Bangalore,Punjab Kings,13.0,3,93,7.19,7.0,7,0,0,42,0.0,0.0,131,Punjab Kings
2,Punjab Kings,Royal Challengers Bangalore,15.4,7,120,7.84,4.6,3,132,12,27,2.61,0.3329,149,Punjab Kings
1,Mumbai Indians,Chennai Super Kings,10.4,2,66,6.38,9.6,8,0,0,57,0.0,0.0,128,Mumbai Indians
2,Chennai Super Kings,Mumbai Indians,14.1,3,96,6.84,5.9,7,129,33,35,5.59,0.8173,128,Mumbai Indians
1,Rajasthan Royals,Mumbai Indians,13.3,4,105,7.93,6.7,6,0,0,40,0.0,0.0,148,Rajasthan Royals
2,Mumbai Indians,Rajasthan Royals,16.7,5,111,6.66,3.3,5,149,38,19,11.52,1.7297,126,Rajasthan Royals
1,Punjab Kings,Mumbai Indians,18.5,1,174,9.42,1.5,9,0,0,9,0.0,0.0,187,Punjab Kings
2,Mumbai Indians,Punjab Kings,10.4,8,99,9.52,9.6,2,188,89,57,9.27,0.9737,168,Punjab Kings
1,Sunrisers Hyderabad,Kolkata Knight Riders,19.1,4,113,5.96,0.9,6,0,0,5,0.0,0.0,117,Sunrisers Hyderabad
2,Kolkata Knight Riders,Sunrisers Hyderabad,5.9,6,35,6.0,14.1,4,118,83,84,5.89,0.9817,92,Sunrisers Hyderabad
1,Royal Challengers Bangalore,Punjab Kings,11.2,7,104,9.36,8.8,3,0,0,52,0.0,0.0,162,Royal Challengers Bangalore
2,Punjab Kings,Royal Challengers Bangalore,12.1,7,93,7.72,7.9,3,163,70,47,8.86,1.1477,136,Royal Challengers Bangalore
1,Sunrisers Hyderabad,Royal Challengers Bangalore,9.0,0,89,9.91,11.0,10,0,0,66,0.0,0.0,212,Sunrisers Hyderabad
2,Royal Challengers Bangalore,Sunrisers Hyderabad,10.1,1,52,5.2,9.9,9,213,161,59,16.26,3.1269,107,Sunrisers Hyderabad
1,Royal Challengers Bangalore,Delhi Capitals,17.0,1,98,5.81,3.0,9,0,0,18,0.0,0.0,117,Delhi Capitals
2,Delhi Capitals,Royal Challengers Bangalore,18.9,0,117,7.29,1.1,10,118,1,6,0.91,0.1248,124,Delhi Capitals
1,Royal Challengers Bangalore,Rajasthan Royals,12.8,8,92,7.23,7.2,2,0,0,43,0.0,0.0,129,Royal Challengers Bangalore
2,Rajasthan Royals,Royal Challengers Bangalore,8.1,3,45,5.56,11.9,7,130,85,71,7.14,1.2842,112,Royal Challengers Bangalore
1,Royal Challengers Bangalore,Kolkata Knight Riders,18.6,1,122,6.56,1.4,9,0,0,8,0.0,0.0,130,Royal Challengers Bangalore
2,Kolkata Knight Riders,Royal Challengers Bangalore,10.0,7,55,5.56,10.0,3,131,76,60,7.6,1.3669,95,Royal Challengers Bangalore
1,Rajasthan Royals,Punjab Kings,18.1,7,117,6.48,1.9,3,0,0,11,0.0,0.0,125,Rajasthan Royals
2,Punjab Kings,Rajasthan Royals,5.0,4,30,6.08,15.0,6,126,96,90,6.4,1.0526,104,Rajasthan Royals
1,Rajasthan Royals,Royal Challengers Bangalore,11.5,4,110,9.59,8.5,6,0,0,51,0.0,0.0,177,Rajasthan Royals
2,Royal Challengers Bangalore,Rajasthan Royals,11.1,9,90,8.16,8.9,1,178,88,53,9.89,1.212,137,Rajasthan Royals
1,Delhi Capitals,Chennai Super Kings,14.9,4,87,5.89,5.1,6,0,0,30,0.0,0.0,114,Delhi Capitals
2,Chennai Super Kings,Delhi Capitals,15.2,4,87,5.74,4.8,6,115,28,28,5.83,1.0157,110,Delhi Capitals
1,Kolkata Knight Riders,Punjab Kings,17.5,0,115,6.62,2.5,10,0,0,15,0.0,0.0,132,Punjab Kings
2,Punjab Kings,Kolkata Knight Riders,15.6,1,132,9.39,4.4,9,133,1,26,0.23,0.0245,169,Punjab Kings
1,Royal Challengers Bangalore,Punjab Kings,15.7,0,100,6.4,4.3,10,0,0,25,0.0,0.0,124,Punjab Kings
2,Punjab Kings,Royal Challengers Bangalore,15.6,0,124,10.28,4.4,10,125,1,26,0.23,0.0224,165,Punjab Kings
1,Rajasthan Royals,Sunrisers Hyderabad,17.6,2,113,6.43,2.4,8,0,0,14,0.0,0.0,125,Rajasthan Royals
2,Sunrisers Hyderabad,Rajasthan Royals,12.0,2,64,5.38,8.0,8,126,62,48,7.75,1.4405,102,Rajasthan Royals
1,Mumbai Indians,Royal Challengers Bangalore,7.0,5,38,5.48,13.0,5,0,0,78,0.0,0.0,100,Royal Challengers Bangalore
2,Royal Challengers Bangalore,Mumbai Indians,11.6,3,69,6.03,8.4,7,101,32,50,3.81,0.6318,114,Royal Challengers Bangalore
1,Sunrisers Hyderabad,Delhi Capitals,16.3,0,159,9.81,3.7,10,0,0,22,0.0,0.0,195,Sunrisers Hyderabad
2,Delhi Capitals,Sunrisers Hyderabad,15.7,7,148,9.45,4.3,3,196,48,25,11.16,1.181,178,Sunrisers Hyderabad
1,Mumbai Indians,Royal Challengers Bangalore,8.3,5,64,7.74,11.7,5,0,0,70,0.0,0.0,146,Royal Challengers Bangalore
2,Royal Challengers Bangalore,Mumbai Indians,14.5,1,141,9.75,5.5,9,147,6,33,1.09,0.1118,198,Royal Challengers Bangalore
1,Mumbai Indians,Chennai Super Kings,6.8,5,63,9.33,13.2,5,0,0,79,0.0,0.0,165,Mumbai Indians
2,Chennai Super Kings,Mumbai Indians,11.1,3,56,5.12,8.9,7,166,110,53,12.36,2.4141,95,Mumbai Indians
1,Mumbai Indians,Chennai Super Kings,13.8,1,110,8.03,6.2,9,0,0,37,0.0,0.0,152,Mumbai Indians
2,Chennai Super Kings,Mumbai Indians,10.6,4,80,7.63,9.4,6,153,73,56,7.77,1.0183,147,Mumbai Indians
1,Rajasthan Royals,Sunrisers Hyderabad,12.1,7,66,5.5,7.9,3,0,0,47,0.0,0.0,98,Rajasthan Royals
2,Sunrisers Hyderabad,Rajasthan Royals,8.0,5,40,5.11,12.0,5,99,59,72,4.92,0.9628,87,Rajasthan Royals
1,Chennai Super Kings,Sunrisers Hyderabad,11.6,4,116,10.07,8.4,6,0,0,50,0.0,0.0,187,Chennai Super Kings
2,Sunrisers Hyderabad,Chennai Super Kings,13.0,0,101,7.83,7.0,10,188,87,42,12.43,1.5875,160,Chennai Super Kings
1,Mumbai Indians,Sunrisers Hyderabad,10.7,5,89,8.39,9.3,5,0,0,55,0.0,0.0,146,Mumbai Indians
2,Sunrisers Hyderabad,Mumbai Indians,8.2,2,51,6.34,11.8,8,147,96,70,8.14,1.2839,123,Mumbai Indians
1,Sunrisers Hyderabad,Chennai Super Kings,19.3,3,107,5.55,0.7,7,0,0,4,0.0,0.0,111,Chennai Super Kings
2,Chennai Super Kings,Sunrisers Hyderabad,18.1,7,111,9.31,1.9,3,112,1,11,0.53,0.0569,122,Chennai Super Kings
1,Sunrisers Hyderabad,Royal Challengers Bangalore,8.9,3,71,8.0,11.1,7,0,0,66,0.0,0.0,160,Royal Challengers Bangalore
2,Royal Challengers Bangalore,Sunrisers Hyderabad,5.6,3,46,8.35,14.4,7,161,115,86,7.99,0.9569,165,Royal Challengers Bangalore
1,Delhi Capitals,Chennai Super Kings,9.4,2,60,6.46,10.6,8,0,0,63,0.0,0.0,125,Chennai Super Kings
2,Chennai Super Kings,Delhi Capitals,7.1,0,65,9.24,12.9,10,126,61,77,4.73,0.5119,194,Chennai Super Kings
1,Chennai Super Kings,Delhi Capitals,17.9,3,107,5.99,2.1,7,0,0,12,0.0,0.0,119,Chennai Super Kings
2,Delhi Capitals,Chennai Super Kings,7.2,9,27,3.87,12.8,1,120,93,76,7.27,1.8786,55,Chennai Super Kings
1,Mumbai Indians,Royal Challengers Bangalore,5.4,9,34,6.45,14.6,1,0,0,87,0.0,0.0,94,Mumbai Indians
2,Royal Challengers Bangalore,Mumbai Indians,6.1,6,31,5.19,13.9,4,95,64,83,4.6,0.8863,82,Mumbai Indians
1,Sunrisers Hyderabad,Kolkata Knight Riders,11.8,7,79,6.72,8.2,3,0,0,49,0.0,0.0,118,Kolkata Knight Riders
2,Kolkata Knight Riders,Sunrisers Hyderabad,13.3,1,83,6.28,6.7,9,119,36,40,5.37,0.8551,125,Kolkata Knight Riders
1,Sunrisers Hyderabad,Kolkata Knight Riders,9.4,4,78,8.36,10.6,6,0,0,63,0.0,0.0,143,Sunrisers Hyderabad
2,Kolkata Knight Riders,Sunrisers Hyderabad,7.7,9,66,8.66,12.3,1,144,78,73,6.34,0.7321,129,Sunrisers Hyderabad
1,Royal Challengers Bangalore,Punjab Kings,16.1,1,117,7.3,3.9,9,0,0,23,0.0,0.0,148,Punjab Kings
2,Punjab Kings,Royal Challengers Bangalore,11.1,4,109,9.82,8.9,6,149,40,53,4.49,0.4572,173,Punjab Kings
1,Mumbai Indians,Kolkata Knight Riders,11.4,0,102,9.01,8.6,10,0,0,51,0.0,0.0,179,Mumbai Indians
2,Kolkata Knight Riders,Mumbai Indians,18.0,1,95,5.32,2.0,9,180,85,12,42.5,7.9887,106,Mumbai Indians
1,Sunrisers Hyderabad,Mumbai Indians,16.5,0,167,10.18,3.5,10,0,0,21,0.0,0.0,200,Sunrisers Hyderabad
2,Mumbai Indians,Sunrisers Hyderabad,5.5,1,38,6.96,14.5,9,201,163,87,11.24,1.6149,123,Sunrisers Hyderabad
1,Royal Challengers Bangalore,Kolkata Knight Riders,12.3,0,94,7.67,7.7,10,0,0,46,0.0,0.0,156,Royal Challengers Bangalore
2,Kolkata Knight Riders,Royal Challengers Bangalore,9.6,1,53,5.61,10.4,9,157,104,62,10.0,1.7825,109,Royal Challengers Bangalore
1,Sunrisers Hyderabad,Mumbai Indians,16.4,8,163,9.95,3.6,2,0,0,21,0.0,0.0,190,Sunrisers Hyderabad
2,Mumbai Indians,Sunrisers Hyderabad,18.4,9,107,5.86,1.6,1,191,84,9,52.5,8.959,113,Sunrisers Hyderabad
1,Chennai Super Kings,Rajasthan Royals,12.5,8,72,5.82,7.5,2,0,0,45,0.0,0.0,98,Rajasthan Royals
2,Rajasthan Royals,Chennai Super Kings,7.9,5,75,9.62,12.1,5,99,24,72,1.98,0.2058,176,Rajasthan Royals
1,Mumbai Indians,Sunrisers Hyderabad,14.2,3,68,4.8,5.8,7,0,0,34,0.0,0.0,90,Sunrisers Hyderabad
2,Sunrisers Hyderabad,Mumbai Indians,13.9,6,90,8.72,6.1,4,91,1,36,0.16,0.0183,126,Sunrisers Hyderabad
1,Chennai Super Kings,Punjab Kings,5.8,4,51,8.85,14.2,6,0,0,85,0.0,0.0,147,Punjab Kings
2,Punjab Kings,Chennai Super Kings,8.8,3,84,9.55,11.2,7,148,64,67,5.71,0.5979,191,Punjab Kings
1,Punjab Kings,Royal Challengers Bangalore,5.2,2,42,8.17,14.8,8,0,0,88,0.0,0.0,150,Punjab Kings
2,Royal Challengers Bangalore,Punjab Kings,19.5,7,141,7.28,0.5,3,151,10,3,20.0,2.7473,144,Punjab Kings
1,Kolkata Knight Riders,Chennai Super Kings,16.4,0,166,10.16,3.6,10,0,0,21,0.0,0.0,206,Kolkata Knight Riders
2,Chennai Super Kings,Kolkata Knight Riders,8.8,0,62,7.05,11.2,10,207,145,67,12.95,1.8369,133,Kolkata Knight Riders
1,Chennai Super Kings,Punjab Kings,19.0,1,179,9.44,1.0,9,0,0,6,0.0,0.0,188,Chennai Super Kings
2,Punjab Kings,Chennai Super Kings,14.7,3,116,7.92,5.3,7,189,73,31,13.77,1.7386,153,Chennai Super Kings
1,Delhi Capitals,Royal Challengers Bangalore,15.7,2,117,7.46,4.3,8,0,0,25,0.0,0.0,150,Delhi Capitals
2,Royal Challengers Bangalore,Delhi Capitals,8.4,7,59,7.04,11.6,3,151,92,69,7.93,1.1264,116,Delhi Capitals
1,Punjab Kings,Royal Challengers Bangalore,17.3,0,146,8.44,2.7,10,0,0,16,0.0,0.0,171,Punjab Kings
2,Royal Challengers Bangalore,Punjab Kings,15.4,8,99,6.43,4.6,2,172,73,27,15.87,2.4681,120,Punjab Kings
1,Sunrisers Hyderabad,Punjab Kings,16.4,3,95,5.82,3.6,7,0,0,21,0.0,0.0,116,Punjab Kings
2,Punjab Kings,Sunrisers Hyderabad,11.9,8,116,10.42,8.1,2,117,1,48,0.12,0.0115,180,Punjab Kings
1,Mumbai Indians,Royal Challengers Bangalore,17.3,1,115,6.65,2.7,9,0,0,16,0.0,0.0,132,Royal Challengers Bangalore
2,Royal Challengers Bangalore,Mumbai Indians,9.0,3,87,9.73,11.0,7,133,46,66,4.18,0.4296,168,Royal Challengers Bangalore
1,Chennai Super Kings,Delhi Capitals,15.8,0,103,6.58,4.2,10,0,0,25,0.0,0.0,129,Delhi Capitals
2,Delhi Capitals,Chennai Super Kings,9.0,1,77,8.6,11.0,9,130,53,66,4.82,0.5605,159,Delhi Capitals
1,Kolkata Knight Riders,Royal Challengers Bangalore,5.2,7,36,7.07,14.8,3,0,0,88,0.0,0.0,109,Royal Challengers Bangalore
2,Royal Challengers Bangalore,Kolkata Knight Riders,9.0,9,72,8.11,11.0,1,110,38,66,3.45,0.4254,135,Royal Challengers Bangalore
1,Kolkata Knight Riders,Mumbai Indians,5.2,5,43,8.37,14.8,5,0,0,88,0.0,0.0,156,Kolkata Knight Riders
2,Mumbai Indians,Kolkata Knight Riders,12.7,6,98,7.78,7.3,4,157,59,43,8.08,1.0386,141,Kolkata Knight Riders
1,Rajasthan Royals,Delhi Capitals,17.2,0,168,9.77,2.8,10,0,0,16,0.0,0.0,195,Rajasthan Royals
2,Delhi Capitals,Rajasthan Royals,7.7,1,74,9.62,12.3,9,196,122,73,9.92,1.0312,180,Rajasthan Royals
1,Kolkata Knight Riders,Punjab Kings,18.4,3,111,6.04,1.6,7,0,0,9,0.0,0.0,118,Punjab Kings
2,Punjab Kings,Kolkata Knight Riders,17.2,5,118,8.55,2.8,5,119,1,16,0.36,0.0421,136,Punjab Kings
1,Royal Challengers Bangalore,Chennai Super Kings,9.6,7,83,8.66,10.4,3,0,0,62,0.0,0.0,145,Chennai Super Kings
2,Chennai Super Kings,Royal Challengers Bangalore,16.6,2,145,9.1,3.4,8,146,1,20,0.29,0.0319,175,Chennai Super Kings
1,Punjab Kings,Delhi Capitals,8.6,6,78,9.1,11.4,4,0,0,68,0.0,0.0,153,Punjab Kings
2,Delhi Capitals,Punjab Kings,6.8,9,59,8.82,13.2,1,154,95,79,7.2,0.8163,129,Punjab Kings
1,Rajasthan Royals,Delhi Capitals,10.2,1,92,9.07,9.8,9,0,0,58,0.0,0.0,167,Rajasthan Royals
2,Delhi Capitals,Rajasthan Royals,14.0,7,122,8.77,6.0,3,168,46,36,7.67,0.8746,165,Rajasthan Royals
1,Kolkata Knight Riders,Punjab Kings,15.5,8,103,6.7,4.5,2,0,0,27,0.0,0.0,126,Punjab Kings
2,Punjab Kings,Kolkata Knight Riders,18.0,3,126,8.17,2.0,7,127,1,12,0.5,0.0612,141,Punjab Kings
1,Royal Challengers Bangalore,Punjab Kings,9.5,9,50,5.3,10.5,1,0,0,63,0.0,0.0,82,Punjab Kings
2,Punjab Kings,Royal Challengers Bangalore,18.0,1,82,10.0,2.0,9,83,1,12,0.5,0.05,98,Punjab Kings
1,Royal Challengers Bangalore,Punjab Kings,10.3,6,93,9.12,9.7,4,0,0,58,0.0,0.0,169,Royal Challengers Bangalore
2,Punjab Kings,Royal Challengers Bangalore,16.5,4,143,8.7,3.5,6,170,27,21,7.71,0.8862,169,Royal Challengers Bangalore
1,Delhi Capitals,Kolkata Knight Riders,10.0,8,69,6.92,10.0,2,0,0,60,0.0,0.0,110,Kolkata Knight Riders
2,Kolkata Knight Riders,Delhi Capitals,7.8,7,68,8.82,12.2,3,111,43,73,3.52,0.3991,154,Kolkata Knight Riders
1,Sunrisers Hyderabad,Delhi Capitals,10.2,3,76,7.54,9.8,7,0,0,58,0.0,0.0,139,Sunrisers Hyderabad
2,Delhi Capitals,Sunrisers Hyderabad,5.4,4,37,6.95,14.6,6,140,103,87,7.05,1.0144,132,Sunrisers Hyderabad
1,Punjab Kings,Kolkata Knight Riders,14.6,7,122,8.37,5.4,3,0,0,32,0.0,0.0,151,Punjab Kings
2,Kolkata Knight Riders,Punjab Kings,9.2,8,50,5.48,10.8,2,152,102,64,9.44,1.7226,92,Punjab Kings
1,Sunrisers Hyderabad,Rajasthan Royals,16.8,1,176,10.51,3.2,9,0,0,19,0.0,0.0,204,Sunrisers Hyderabad
2,Rajasthan Royals,Sunrisers Hyderabad,18.1,0,109,6.05,1.9,10,205,96,11,50.53,8.3521,122,Sunrisers Hyderabad
1,Rajasthan Royals,Mumbai Indians,18.5,8,122,6.64,1.5,2,0,0,9,0.0,0.0,128,Mumbai Indians
2,Mumbai Indians,Rajasthan Royals,12.9,6,94,7.3,7.1,4,129,35,42,4.93,0.6753,135,Mumbai Indians
1,Chennai Super Kings,Mumbai Indians,10.4,8,80,7.75,9.6,2,0,0,57,0.0,0.0,128,Mumbai Indians
2,Mumbai Indians,Chennai Super Kings,6.5,0,51,7.98,13.5,10,129,78,81,5.78,0.7243,168,Mumbai Indians
1,Chennai Super Kings,Sunrisers Hyderabad,18.2,4,111,6.14,1.8,6,0,0,10,0.0,0.0,121,Sunrisers Hyderabad
2,Sunrisers Hyderabad,Chennai Super Kings,13.6,9,95,7.0,6.4,1,122,27,38,4.22,0.6029,122,Sunrisers Hyderabad
1,Chennai Super Kings,Mumbai Indians,7.4,0,42,5.81,12.6,10,0,0,75,0.0,0.0,115,Chennai Super Kings
2,Mumbai Indians,Chennai Super Kings,8.7,8,55,6.42,11.3,2,116,61,67,5.4,0.8411,100,Chennai Super Kings
1,Royal Challengers Bangalore,Chennai Super Kings,10.8,0,57,5.37,9.2,10,0,0,55,0.0,0.0,105,Royal Challengers Bangalore
2,Chennai Super Kings,Royal Challengers Bangalore,5.1,8,24,4.77,14.9,2,106,82,89,5.5,1.153,69,Royal Challengers Bangalore
1,Rajasthan Royals,Delhi Capitals,11.7,2,122,10.48,8.3,8,0,0,49,0.0,0.0,196,Rajasthan Royals
2,Delhi Capitals,Rajasthan Royals,8.0,7,40,5.06,12.0,3,197,157,72,13.08,2.585,86,Rajasthan Royals
1,Rajasthan Royals,Chennai Super Kings,13.3,5,121,9.13,6.7,5,0,0,40,0.0,0.0,169,Rajasthan Royals
2,Chennai Super Kings,Rajasthan Royals,11.2,8,80,7.18,8.8,2,170,90,52,10.23,1.4248,127,Rajasthan Royals
1,Punjab Kings,Rajasthan Royals,9.9,2,95,9.63,10.1,8,0,0,60,0.0,0.0,184,Punjab Kings
2,Rajasthan Royals,Punjab Kings,19.2,4,103,5.4,0.8,6,185,82,4,102.5,18.9815,107,Punjab Kings
1,Rajasthan Royals,Delhi Capitals,18.0,3,167,9.33,2.0,7,0,0,12,0.0,0.0,186,Rajasthan Royals
2,Delhi Capitals,Rajasthan Royals,16.7,1,141,8.47,3.3,9,187,46,19,13.94,1.6458,166,Rajasthan Royals
1,Chennai Super Kings,Kolkata Knight Riders,7.9,8,47,6.07,12.1,2,0,0,72,0.0,0.0,91,Kolkata Knight Riders
2,Kolkata Knight Riders,Chennai Super Kings,12.1,1,88,7.29,7.9,9,92,4,47,0.51,0.07,149,Kolkata Knight Riders
1,Kolkata Knight Riders,Delhi Capitals,18.6,3,162,8.72,1.4,7,0,0,8,0.0,0.0,174,Kolkata Knight Riders
2,Delhi Capitals,Kolkata Knight Riders,16.8,7,126,7.53,3.2,3,175,49,19,15.31,2.0332,146,Kolkata Knight Riders
1,Mumbai Indians,Punjab Kings,11.7,2,69,5.94,8.3,8,0,0,49,0.0,0.0,110,Mumbai Indians
2,Punjab Kings,Mumbai Indians,14.9,7,68,4.6,5.1,3,111,43,30,8.43,1.8326,84,Mumbai Indians
1,Sunrisers Hyderabad,Kolkata Knight Riders,6.7,0,69,10.41,13.3,10,0,0,79,0.0,0.0,191,Sunrisers Hyderabad
2,Kolkata Knight Riders,Sunrisers Hyderabad,18.8,5,148,7.91,1.2,5,192,44,7,36.67,4.6359,156,Sunrisers Hyderabad
1,Rajasthan Royals,Royal Challengers Bangalore,5.0,7,22,4.52,15.0,3,0,0,90,0.0,0.0,77,Royal Challengers Bangalore
2,Royal Challengers Bangalore,Rajasthan Royals,14.9,2,77,9.51,5.1,8,78,1,30,0.2,0.021,116,Royal Challengers Bangalore
1,Chennai Super Kings,Delhi Capitals,5.7,3,51,8.97,14.3,7,0,0,85,0.0,0.0,159,Delhi Capitals
2,Delhi Capitals,Chennai Super Kings,8.7,1,75,8.68,11.3,9,160,85,67,7.52,0.8664,182,Delhi Capitals
1,Mumbai Indians,Kolkata Knight Riders,14.8,4,129,8.77,5.2,6,0,0,31,0.0,0.0,163,Mumbai Indians
2,Kolkata Knight Riders,Mumbai Indians,11.0,8,87,7.92,9.0,2,164,77,54,8.56,1.0808,142,Mumbai Indians
1,Chennai Super Kings,Delhi Capitals,17.9,6,97,5.45,2.1,4,0,0,12,0.0,0.0,105,Delhi Capitals
2,Delhi Capitals,Chennai Super Kings,7.0,6,45,6.43,13.0,4,106,61,78,4.69,0.7294,112,Delhi Capitals
1,Rajasthan Royals,Mumbai Indians,15.4,7,97,6.33,4.6,3,0,0,27,0.0,0.0,118,Rajasthan Royals
2,Mumbai Indians,Rajasthan Royals,18.7,1,101,5.45,1.3,9,119,18,7,13.85,2.5413,108,Rajasthan Royals
1,Chennai Super Kings,Delhi Capitals,9.8,9,56,5.74,10.2,1,0,0,61,0.0,0.0,91,Delhi Capitals
2,Delhi Capitals,Chennai Super Kings,18.6,8,91,5.29,1.4,2,92,1,8,0.71,0.1342,96,Delhi Capitals
1,Delhi Capitals,Sunrisers Hyderabad,12.2,9,106,8.69,7.8,1,0,0,46,0.0,0.0,143,Delhi Capitals
2,Sunrisers Hyderabad,Delhi Capitals,15.1,8,85,5.64,4.9,2,144,59,29,12.04,2.1348,104,Delhi Capitals
1,Sunrisers Hyderabad,Royal Challengers Bangalore,14.9,1,107,7.22,5.1,9,0,0,30,0.0,0.0,139,Royal Challengers Bangalore
2,Royal Challengers Bangalore,Sunrisers Hyderabad,10.3,7,93,9.05,9.7,3,140,47,58,4.85,0.5359,158,Royal Challengers Bangalore
1,Punjab Kings,Rajasthan Royals,7.6,3,65,8.66,12.4,7,0,0,74,0.0,0.0,149,Rajasthan Royals
2,Rajasthan Royals,Punjab Kings,16.6,0,123,7.42,3.4,10,150,27,20,7.94,1.0701,152,Rajasthan Royals
1,Rajasthan Royals,Chennai Super Kings,10.3,6,65,6.35,9.7,4,0,0,58,0.0,0.0,113,Rajasthan Royals
2,Chennai Super Kings,Rajasthan Royals,12.2,1,64,5.29,7.8,9,114,50,46,6.41,1.2117,108,Rajasthan Royals
1,Rajasthan Royals,Delhi Capitals,19.4,2,186,9.59,0.6,8,0,0,3,0.0,0.0,192,Rajasthan Royals
2,Delhi Capitals,Rajasthan Royals,6.4,3,28,4.48,13.6,7,193,165,81,12.13,2.7076,86,Rajasthan Royals
1,Mumbai Indians,Punjab Kings,11.6,5,76,6.6,8.4,5,0,0,50,0.0,0.0,116,Punjab Kings
2,Punjab Kings,Mumbai Indians,15.9,0,116,7.97,4.1,10,117,1,24,0.24,0.0301,148,Punjab Kings
1,Chennai Super Kings,Kolkata Knight Riders,12.3,4,105,8.57,7.7,6,0,0,46,0.0,0.0,154,Chennai Super Kings
2,Kolkata Knight Riders,Chennai Super Kings,12.7,8,67,5.35,7.3,2,155,88,43,12.05,2.2523,97,Chennai Super Kings
1,Royal Challengers Bangalore,Delhi Capitals,5.8,1,37,6.47,14.2,9,0,0,85,0.0,0.0,121,Royal Challengers Bangalore
2,Delhi Capitals,Royal Challengers Bangalore,13.5,2,66,4.91,6.5,8,122,56,39,8.62,1.7556,95,Royal Challengers Bangalore
1,Rajasthan Royals,Royal Challengers Bangalore,9.2,7,62,6.78,10.8,3,0,0,64,0.0,0.0,112,Royal Challengers Bangalore
2,Royal Challengers Bangalore,Rajasthan Royals,10.3,3,102,9.97,9.7,7,113,11,58,1.13,0.1133,175,Royal Challengers Bangalore
1,Royal Challengers Bangalore,Sunrisers Hyderabad,13.2,1,122,9.27,6.8,9,0,0,40,0.0,0.0,184,Royal Challengers Bangalore
2,Sunrisers Hyderabad,Royal Challengers Bangalore,7.1,1,56,8.02,12.9,9,185,129,77,10.0,1.2469,147,Royal Challengers Bangalore
1,Sunrisers Hyderabad,Royal Challengers Bangalore,7.5,4,48,6.49,12.5,6,0,0,75,0.0,0.0,115,Royal Challengers Bangalore
2,Royal Challengers Bangalore,Sunrisers Hyderabad,7.8,4,57,7.31,12.2,6,116,59,73,4.84,0.6621,138,Royal Challengers Bangalore
1,Punjab Kings,Rajasthan Royals,17.8,3,125,7.05,2.2,7,0,0,13,0.0,0.0,140,Rajasthan Royals
2,Rajasthan Royals,Punjab Kings,9.3,4,87,9.4,10.7,6,141,54,64,5.05,0.5372,163,Rajasthan Royals
1,Chennai Super Kings,Kolkata Knight Riders,18.9,5,191,10.14,1.1,5,0,0,6,0.0,0.0,200,Chennai Super Kings
2,Kolkata Knight Riders,Chennai Super Kings,13.8,4,138,10.06,6.2,6,201,63,37,10.16,1.0099,192,Chennai Super Kings
1,Sunrisers Hyderabad,Kolkata Knight Riders,15.9,3,81,5.12,4.1,7,0,0,24,0.0,0.0,97,Kolkata Knight Riders
2,Kolkata Knight Riders,Sunrisers Hyderabad,12.6,3,97,9.33,7.4,7,98,1,44,0.14,0.015,160,Kolkata Knight Riders
1,Sunrisers Hyderabad,Royal Challengers Bangalore,17.1,5,122,7.15,2.9,5,0,0,17,0.0,0.0,138,Royal Challengers Bangalore
2,Royal Challengers Bangalore,Sunrisers Hyderabad,16.7,1,138,8.94,3.3,9,139,1,19,0.3,0.0336,168,Royal Challengers Bangalore
1,Mumbai Indians,Rajasthan Royals,11.1,0,106,9.59,8.9,10,0,0,53,0.0,0.0,186,Mumbai Indians
2,Rajasthan Royals,Mumbai Indians,5.4,2,55,10.23,14.6,8,187,132,87,9.04,0.8837,173,Mumbai Indians
1,Chennai Super Kings,Punjab Kings,13.2,3,131,9.94,6.8,7,0,0,40,0.0,0.0,198,Chennai Super Kings
2,Punjab Kings,Chennai Super Kings,5.7,0,56,9.9,14.3,10,199,143,85,10.0,1.0101,191,Chennai Super Kings
1,Sunrisers Hyderabad,Delhi Capitals,6.9,9,67,9.78,13.1,1,0,0,78,0.0,0.0,152,Sunrisers Hyderabad
2,Delhi Capitals,Sunrisers Hyderabad,18.6,6,136,7.36,1.4,4,153,17,8,12.14,1.6495,143,Sunrisers Hyderabad
1,Punjab Kings,Mumbai Indians,17.7,7,80,4.57,2.3,3,0,0,13,0.0,0.0,87,Mumbai Indians
2,Mumbai Indians,Punjab Kings,19.4,4,87,5.49,0.6,6,88,1,3,1.67,0.3042,90,Mumbai Indians
1,Sunrisers Hyderabad,Mumbai Indians,17.6,5,107,6.13,2.4,5,0,0,14,0.0,0.0,119,Mumbai Indians
2,Mumbai Indians,Sunrisers Hyderabad,17.4,7,119,7.54,2.6,3,120,1,15,0.38,0.0504,132,Mumbai Indians
1,Mumbai Indians,Punjab Kings,15.2,9,83,5.51,4.8,1,0,0,28,0.0,0.0,99,Punjab Kings
2,Punjab Kings,Mumbai Indians,8.4,8,69,8.27,11.6,2,100,31,69,2.67,0.3229,129,Punjab Kings
1,Royal Challengers Bangalore,Delhi Capitals,18.2,1,105,5.78,1.8,9,0,0,10,0.0,0.0,116,Royal Challengers Bangalore
2,Delhi Capitals,Royal Challengers Bangalore,11.5,9,69,6.04,8.5,1,117,48,51,5.65,0.9354,98,Royal Challengers Bangalore
1,Kolkata Knight Riders,Sunrisers Hyderabad,18.0,9,83,4.64,2.0,1,0,0,12,0.0,0.0,88,Sunrisers Hyderabad
2,Sunrisers Hyderabad,Kolkata Knight Riders,7.7,4,48,6.32,12.3,6,89,41,73,3.33,0.5269,115,Sunrisers Hyderabad
1,Kolkata Knight Riders,Rajasthan Royals,16.3,8,125,7.73,3.7,2,0,0,22,0.0,0.0,144,Kolkata Knight Riders
2,Rajasthan Royals,Kolkata Knight Riders,11.1,8,92,8.31,8.9,2,145,53,53,5.96,0.7172,138,Kolkata Knight Riders
1,Royal Challengers Bangalore,Punjab Kings,17.3,9,156,9.04,2.7,1,0,0,16,0.0,0.0,173,Royal Challengers Bangalore
2,Punjab Kings,Royal Challengers Bangalore,19.3,0,118,6.14,0.7,10,174,56,4,80.0,13.0293,123,Royal Challengers Bangalore
1,Sunrisers Hyderabad,Royal Challengers Bangalore,9.5,7,61,6.43,10.5,3,0,0,63,0.0,0.0,103,Royal Challengers Bangalore
2,Royal Challengers Bangalore,Sunrisers Hyderabad,9.0,8,75,8.4,11.0,2,104,29,66,2.64,0.3143,145,Royal Challengers Bangalore
1,Sunrisers Hyderabad,Chennai Super Kings,16.1,6,99,6.17,3.9,4,0,0,23,0.0,0.0,116,Sunrisers Hyderabad
2,Chennai Super Kings,Sunrisers Hyderabad,13.9,9,74,5.35,6.1,1,117,43,36,7.05,1.3178,96,Sunrisers Hyderabad
1,Rajasthan Royals,Royal Challengers Bangalore,17.9,7,107,6.02,2.1,3,0,0,12,0.0,0.0,117,Royal Challengers Bangalore
2,Royal Challengers Bangalore,Rajasthan Royals,19.2,6,117,8.58,0.8,4,118,1,4,1.25,0.1457,122,Royal Challengers Bangalore
1,Kolkata Knight Riders,Royal Challengers Bangalore,8.5,9,40,4.74,11.5,1,0,0,69,0.0,0.0,70,Royal Challengers Bangalore
2,Royal Challengers Bangalore,Kolkata Knight Riders,15.4,6,70,9.33,4.6,4,71,1,27,0.22,0.0236,101,Royal Challengers Bangalore
1,Mumbai Indians,Royal Challengers Bangalore,15.6,9,136,8.76,4.4,1,0,0,26,0.0,0.0,163,Mumbai Indians
2,Royal Challengers Bangalore,Mumbai Indians,19.2,5,126,6.6,0.8,5,164,38,4,47.5,7.197,130,Mumbai Indians
1,Sunrisers Hyderabad,Mumbai Indians,6.4,4,41,6.47,13.6,6,0,0,81,0.0,0.0,120,Mumbai Indians
2,Mumbai Indians,Sunrisers Hyderabad,9.6,6,83,8.66,10.4,4,121,38,62,3.65,0.4215,160,Mumbai Indians
1,Kolkata Knight Riders,Delhi Capitals,14.9,9,131,8.8,5.1,1,0,0,30,0.0,0.0,163,Kolkata Knight Riders
2,Delhi Capitals,Kolkata Knight Riders,8.9,5,43,4.85,11.1,5,164,121,66,10.9,2.2474,82,Kolkata Knight Riders
1,Mumbai Indians,Kolkata Knight Riders,15.4,6,111,7.25,4.6,4,0,0,27,0.0,0.0,140,Kolkata Knight Riders
2,Kolkata Knight Riders,Mumbai Indians,14.0,3,119,8.56,6.0,7,141,22,36,3.67,0.4287,159,Kolkata Knight Riders
1,Royal Challengers Bangalore,Sunrisers Hyderabad,9.7,9,58,6.06,10.3,1,0,0,61,0.0,0.0,96,Royal Challengers Bangalore
2,Sunrisers Hyderabad,Royal Challengers Bangalore,15.2,3,75,4.99,4.8,7,97,22,28,4.58,0.9178,94,Royal Challengers Bangalore
1,Punjab Kings,Mumbai Indians,11.4,8,85,7.47,8.6,2,0,0,51,0.0,0.0,129,Mumbai Indians
2,Mumbai Indians,Punjab Kings,11.2,2,84,7.55,8.8,8,130,46,52,5.23,0.6927,136,Mumbai Indians
1,Sunrisers Hyderabad,Rajasthan Royals,18.1,6,163,9.03,1.9,4,0,0,11,0.0,0.0,177,Sunrisers Hyderabad
2,Rajasthan Royals,Sunrisers Hyderabad,5.3,8,38,7.34,14.7,2,178,140,88,9.52,1.297,121,Sunrisers Hyderabad
1,Sunrisers Hyderabad,Royal Challengers Bangalore,16.1,7,80,4.99,3.9,3,0,0,23,0.0,0.0,96,Royal Challengers Bangalore
2,Royal Challengers Bangalore,Sunrisers Hyderabad,11.8,3,64,5.45,8.2,7,97,33,49,4.02,0.7376,98,Royal Challengers Bangalore
1,Kolkata Knight Riders,Sunrisers Hyderabad,12.5,3,87,7.03,7.5,7,0,0,45,0.0,0.0,137,Sunrisers Hyderabad
2,Sunrisers Hyderabad,Kolkata Knight Riders,17.0,0,121,7.17,3.0,10,138,17,18,5.67,0.7908,139,Sunrisers Hyderabad
1,Sunrisers Hyderabad,Rajasthan Royals,5.8,4,39,6.83,14.2,6,0,0,85,0.0,0.0,113,Rajasthan Royals
2,Rajasthan Royals,Sunrisers Hyderabad,10.5,0,100,9.54,9.5,10,114,14,57,1.47,0.1541,202,Rajasthan Royals
1,Royal Challengers Bangalore,Kolkata Knight Riders,12.5,9,95,7.62,7.5,1,0,0,45,0.0,0.0,130,Royal Challengers Bangalore
2,Kolkata Knight Riders,Royal Challengers Bangalore,14.3,5,85,6.01,5.7,5,131,46,34,8.07,1.3428,111,Royal Challengers Bangalore
1,Kolkata Knight Riders,Royal Challengers Bangalore,11.7,4,105,9.04,8.3,6,0,0,49,0.0,0.0,172,Kolkata Knight Riders
2,Royal Challengers Bangalore,Kolkata Knight Riders,5.1,3,35,6.95,14.9,7,173,138,89,9.26,1.3324,136,Kolkata Knight Riders
1,Punjab Kings,Kolkata Knight Riders,7.2,9,58,8.06,12.8,1,0,0,76,0.0,0.0,122,Kolkata Knight Riders
2,Kolkata Knight Riders,Punjab Kings,19.0,3,122,9.45,1.0,7,123,1,6,1.0,0.1058,130,Kolkata Knight Riders
1,Kolkata Knight Riders,Royal Challengers Bangalore,12.6,8,72,5.79,7.4,2,0,0,44,0.0,0.0,104,Royal Challengers Bangalore
2,Royal Challengers Bangalore,Kolkata Knight Riders,10.9,4,93,8.59,9.1,6,105,12,54,1.32,0.1537,165,Royal Challengers Bangalore
1,Mumbai Indians,Rajasthan Royals,15.2,5,89,5.86,4.8,5,0,0,28,0.0,0.0,112,Mumbai Indians
2,Rajasthan Royals,Mumbai Indians,17.7,4,88,5.02,2.3,6,113,25,13,10.87,2.1653,99,Mumbai Indians
1,Mumbai Indians,Chennai Super Kings,16.9,0,112,6.63,3.1,10,0,0,18,0.0,0.0,131,Chennai Super Kings
2,Chennai Super Kings,Mumbai Indians,14.8,4,131,9.78,5.2,6,132,1,31,0.19,0.0194,169,Chennai Super Kings
1,Delhi Capitals,Chennai Super Kings,7.5,2,68,9.17,12.5,8,0,0,75,0.0,0.0,160,Chennai Super Kings
2,Chennai Super Kings,Delhi Capitals,16.1,5,156,9.73,3.9,5,161,5,23,1.28,0.1316,183,Chennai Super Kings
1,Sunrisers Hyderabad,Chennai Super Kings,18.4,2,171,9.31,1.6,8,0,0,9,0.0,0.0,183,Sunrisers Hyderabad
2,Chennai Super Kings,Sunrisers Hyderabad,12.3,3,76,6.24,7.7,7,184,108,46,14.03,2.2484,112,Sunrisers Hyderabad
1,Royal Challengers Bangalore,Kolkata Knight Riders,14.4,4,83,5.83,5.6,6,0,0,33,0.0,0.0,109,Kolkata Knight Riders
2,Kolkata Knight Riders,Royal Challengers Bangalore,15.4,3,109,7.3,4.6,7,110,1,27,0.22,0.0301,135,Kolkata Knight Riders
1,Delhi Capitals,Rajasthan Royals,6.0,0,49,8.33,14.0,10,0,0,84,0.0,0.0,164,Rajasthan Royals
2,Rajasthan Royals,Delhi Capitals,14.0,5,133,9.5,6.0,5,165,32,36,5.33,0.5611,182,Rajasthan Royals
1,Mumbai Indians,Punjab Kings,13.0,5,89,6.89,7.0,5,0,0,42,0.0,0.0,133,Punjab Kings
2,Punjab Kings,Mumbai Indians,15.9,4,133,8.42,4.1,6,134,1,24,0.24,0.0285,165,Punjab Kings
1,Kolkata Knight Riders,Sunrisers Hyderabad,11.8,6,74,6.3,8.2,4,0,0,49,0.0,0.0,111,Sunrisers Hyderabad
2,Sunrisers Hyderabad,Kolkata Knight Riders,19.3,3,111,7.61,0.7,7,112,1,4,1.43,0.1879,116,Sunrisers Hyderabad
1,Kolkata Knight Riders,Royal Challengers Bangalore,6.7,8,54,8.08,13.3,2,0,0,79,0.0,0.0,118,Kolkata Knight Riders
2,Royal Challengers Bangalore,Kolkata Knight Riders,10.8,5,61,5.68,9.2,5,119,58,55,6.3,1.1092,107,Kolkata Knight Riders
1,Delhi Capitals,Rajasthan Royals,18.3,5,175,9.57,1.7,5,0,0,10,0.0,0.0,187,Delhi Capitals
2,Rajasthan Royals,Delhi Capitals,18.0,5,96,5.37,2.0,5,188,92,12,46.0,8.5661,104,Delhi Capitals
1,Kolkata Knight Riders,Chennai Super Kings,12.3,5,108,8.8,7.7,5,0,0,46,0.0,0.0,162,Kolkata Knight Riders
2,Chennai Super Kings,Kolkata Knight Riders,11.3,6,51,4.6,8.7,4,163,112,52,12.87,2.7978,80,Kolkata Knight Riders
1,Chennai Super Kings,Rajasthan Royals,12.6,2,71,5.66,7.4,8,0,0,44,0.0,0.0,111,Chennai Super Kings
2,Rajasthan Royals,Chennai Super Kings,16.2,6,68,4.21,3.8,4,112,44,22,11.58,2.7506,79,Chennai Super Kings
1,Delhi Capitals,Kolkata Knight Riders,8.1,9,57,7.14,11.9,1,0,0,71,0.0,0.0,107,Delhi Capitals
2,Kolkata Knight Riders,Delhi Capitals,5.7,5,33,5.88,14.3,5,108,75,85,5.24,0.8912,94,Delhi Capitals
1,Rajasthan Royals,Delhi Capitals,16.3,6,112,6.88,3.7,4,0,0,22,0.0,0.0,132,Delhi Capitals
2,Delhi Capitals,Rajasthan Royals,12.1,0,126,10.46,7.9,10,133,7,47,0.89,0.0851,204,Delhi Capitals
1,Delhi Capitals,Punjab Kings,6.4,3,51,8.03,13.6,7,0,0,81,0.0,0.0,151,Delhi Capitals
2,Punjab Kings,Delhi Capitals,9.2,4,66,7.23,10.8,6,152,86,64,7.96,1.101,134,Delhi Capitals
1,Chennai Super Kings,Punjab Kings,9.7,6,92,9.5,10.3,4,0,0,61,0.0,0.0,169,Chennai Super Kings
2,Punjab Kings,Chennai Super Kings,13.9,6,118,8.51,6.1,4,170,52,36,8.52,1.0012,152,Chennai Super Kings
1,Punjab Kings,Sunrisers Hyderabad,17.6,7,104,5.92,2.4,3,0,0,14,0.0,0.0,115,Sunrisers Hyderabad
2,Sunrisers Hyderabad,Punjab Kings,15.4,5,115,8.17,4.6,5,116,1,27,0.22,0.0269,146,Sunrisers Hyderabad
1,Sunrisers Hyderabad,Punjab Kings,18.9,1,118,6.29,1.1,9,0,0,6,0.0,0.0,126,Punjab Kings
2,Punjab Kings,Sunrisers Hyderabad,15.4,3,102,6.63,4.6,7,127,25,27,5.43,0.819,127,Punjab Kings
1,Mumbai Indians,Rajasthan Royals,14.5,1,98,6.79,5.5,9,0,0,33,0.0,0.0,137,Mumbai Indians
2,Rajasthan Royals,Mumbai Indians,14.6,8,66,4.54,5.4,2,138,72,32,13.33,2.9361,85,Mumbai Indians
1,Chennai Super Kings,Royal Challengers Bangalore,13.4,5,103,7.7,6.6,5,0,0,39,0.0,0.0,145,Royal Challengers Bangalore
2,Royal Challengers Bangalore,Chennai Super Kings,12.3,1,132,10.8,7.7,9,146,14,46,1.82,0.1685,223,Royal Challengers Bangalore
1,Rajasthan Royals,Punjab Kings,10.2,6,82,8.12,9.8,4,0,0,58,0.0,0.0,148,Rajasthan Royals
2,Punjab Kings,Rajasthan Royals,5.5,8,50,9.1,14.5,2,149,99,87,6.83,0.7505,140,Rajasthan Royals
1,Chennai Super Kings,Royal Challengers Bangalore,14.3,6,87,6.09,5.7,4,0,0,34,0.0,0.0,111,Royal Challengers Bangalore
2,Royal Challengers Bangalore,Chennai Super Kings,16.5,1,111,7.79,3.5,9,112,1,21,0.29,0.0372,140,Royal Challengers Bangalore
1,Delhi Capitals,Sunrisers Hyderabad,5.0,8,43,8.74,15.0,2,0,0,90,0.0,0.0,129,Sunrisers Hyderabad
2,Sunrisers Hyderabad,Delhi Capitals,15.8,6,129,8.59,4.2,4,130,1,25,0.24,0.0279,158,Sunrisers Hyderabad
1,Kolkata Knight Riders,Sunrisers Hyderabad,15.9,7,94,5.97,4.1,3,0,0,24,0.0,0.0,110,Sunrisers Hyderabad
2,Sunrisers Hyderabad,Kolkata Knight Riders,12.6,1,110,9.0,7.4,9,111,1,44,0.14,0.0156,175,Sunrisers Hyderabad
1,Sunrisers Hyderabad,Mumbai Indians,15.5,1,161,10.42,4.5,9,0,0,27,0.0,0.0,205,Sunrisers Hyderabad
2,Mumbai Indians,Sunrisers Hyderabad,10.3,0,55,5.41,9.7,10,206,151,58,15.57,2.878,107,Sunrisers Hyderabad
1,Royal Challengers Bangalore,Punjab Kings,17.4,3,88,5.08,2.6,7,0,0,15,0.0,0.0,98,Punjab Kings
2,Punjab Kings,Royal Challengers Bangalore,7.4,1,75,10.17,12.6,9,99,24,75,1.9,0.1868,200,Punjab Kings
1,Rajasthan Royals,Punjab Kings,12.8,0,84,6.57,7.2,10,0,0,43,0.0,0.0,132,Punjab Kings
2,Punjab Kings,Rajasthan Royals,17.1,4,130,7.65,2.9,6,133,3,17,1.03,0.1346,149,Punjab Kings
1,Sunrisers Hyderabad,Chennai Super Kings,10.9,4,98,9.06,9.1,6,0,0,54,0.0,0.0,166,Sunrisers Hyderabad
2,Chennai Super Kings,Sunrisers Hyderabad,6.1,9,28,4.6,13.9,1,167,139,83,10.0,2.1739,70,Sunrisers Hyderabad
1,Mumbai Indians,Rajasthan Royals,8.1,2,66,8.16,11.9,8,0,0,71,0.0,0.0,165,Mumbai Indians
2,Rajasthan Royals,Mumbai Indians,18.1,4,89,4.97,1.9,6,166,77,11,40.53,8.1549,97,Mumbai Indians
1,Kolkata Knight Riders,Royal Challengers Bangalore,9.2,9,72,7.92,10.8,1,0,0,64,0.0,0.0,135,Royal Challengers Bangalore
2,Royal Challengers Bangalore,Kolkata Knight Riders,15.0,0,135,9.27,5.0,10,136,1,30,0.2,0.0216,179,Royal Challengers Bangalore
1,Punjab Kings,Royal Challengers Bangalore,10.7,0,83,7.82,9.3,10,0,0,55,0.0,0.0,151,Royal Challengers Bangalore
2,Royal Challengers Bangalore,Punjab Kings,13.2,1,106,8.04,6.8,9,152,46,40,6.76,0.8408,160,Royal Challengers Bangalore
1,Delhi Capitals,Rajasthan Royals,19.3,3,149,7.76,0.7,7,0,0,4,0.0,0.0,153,Delhi Capitals
2,Rajasthan Royals,Delhi Capitals,14.5,9,82,5.72,5.5,1,154,72,33,13.09,2.2885,101,Delhi Capitals
1,Rajasthan Royals,Mumbai Indians,15.2,7,78,5.18,4.8,3,0,0,28,0.0,0.0,98,Mumbai Indians
2,Mumbai Indians,Rajasthan Royals,9.1,7,69,7.62,10.9,3,99,30,65,2.75,0.3609,125,Mumbai Indians
1,Punjab Kings,Kolkata Knight Riders,6.2,7,30,4.89,13.8,3,0,0,82,0.0,0.0,85,Kolkata Knight Riders
2,Kolkata Knight Riders,Punjab Kings,7.9,9,54,6.96,12.1,1,86,32,72,2.64,0.3793,107,Kolkata Knight Riders
1,Mumbai Indians,Chennai Super Kings,17.9,1,165,9.24,2.1,9,0,0,12,0.0,0.0,182,Mumbai Indians
2,Chennai Super Kings,Mumbai Indians,8.9,3,49,5.61,11.1,7,183,134,66,12.07,2.1515,101,Mumbai Indians
1,Delhi Capitals,Rajasthan Royals,7.4,8,44,5.95,12.6,2,0,0,75,0.0,0.0,95,Rajasthan Royals
2,Rajasthan Royals,Delhi Capitals,15.6,3,95,7.19,4.4,7,96,1,26,0.23,0.032,127,Rajasthan Royals
1,Rajasthan Royals,Punjab Kings,13.7,4,113,8.27,6.3,6,0,0,37,0.0,0.0,160,Punjab Kings
2,Punjab Kings,Rajasthan Royals,12.6,0,128,10.21,7.4,10,161,33,44,4.46,0.4368,203,Punjab Kings
1,Kolkata Knight Riders,Mumbai Indians,15.7,9,135,8.66,4.3,1,0,0,25,0.0,0.0,157,Mumbai Indians
2,Mumbai Indians,Kolkata Knight Riders,15.8,2,157,11.17,4.2,8,158,1,25,0.24,0.0215,194,Mumbai Indians
1,Sunrisers Hyderabad,Mumbai Indians,8.5,6,57,6.76,11.5,4,0,0,69,0.0,0.0,111,Mumbai Indians
2,Mumbai Indians,Sunrisers Hyderabad,7.3,1,71,9.86,12.7,9,112,41,76,3.23,0.3276,184,Mumbai Indians
1,Punjab Kings,Mumbai Indians,8.6,0,65,7.59,11.4,10,0,0,68,0.0,0.0,148,Mumbai Indians
2,Mumbai Indians,Punjab Kings,9.6,7,95,9.94,10.4,3,149,54,62,5.19,0.5221,166,Mumbai Indians
1,Rajasthan Royals,Kolkata Knight Riders,5.1,3,45,8.86,14.9,7,0,0,89,0.0,0.0,154,Rajasthan Royals
2,Kolkata Knight Riders,Rajasthan Royals,16.8,2,90,5.37,3.2,8,155,65,19,20.31,3.7821,108,Rajasthan Royals
1,Mumbai Indians,Punjab Kings,10.6,5,66,6.27,9.4,5,0,0,56,0.0,0.0,117,Punjab Kings
2,Punjab Kings,Mumbai Indians,9.6,4,89,9.33,10.4,6,118,29,62,2.79,0.299,174,Punjab Kings
1,Sunrisers Hyderabad,Delhi Capitals,12.0,5,79,6.63,8.0,5,0,0,48,0.0,0.0,126,Delhi Capitals
2,Delhi Capitals,Sunrisers Hyderabad,14.3,4,110,7.76,5.7,6,127,17,34,2.98,0.384,144,Delhi Capitals
1,Chennai Super Kings,Punjab Kings,18.3,8,103,5.66,1.7,2,0,0,10,0.0,0.0,110,Punjab Kings
2,Punjab Kings,Chennai Super Kings,13.0,3,102,7.85,7.0,7,111,9,42,1.29,0.1643,144,Punjab Kings
1,Rajasthan Royals,Sunrisers Hyderabad,5.5,0,42,7.69,14.5,10,0,0,87,0.0,0.0,169,Rajasthan Royals
2,Sunrisers Hyderabad,Rajasthan Royals,8.4,5,79,9.44,11.6,5,170,91,69,7.84,0.8305,163,Rajasthan Royals
1,Chennai Super Kings,Punjab Kings,8.4,4,71,8.56,11.6,6,0,0,69,0.0,0.0,153,Chennai Super Kings
2,Punjab Kings,Chennai Super Kings,6.0,9,27,4.65,14.0,1,154,127,84,9.07,1.9505,74,Chennai Super Kings
1,Royal Challengers Bangalore,Punjab Kings,12.7,8,63,5.03,7.3,2,0,0,43,0.0,0.0,86,Punjab Kings
2,Punjab Kings,Royal Challengers Bangalore,17.5,6,86,7.15,2.5,4,87,1,15,0.4,0.0559,100,Punjab Kings
1,Rajasthan Royals,Punjab Kings,17.3,3,139,8.05,2.7,7,0,0,16,0.0,0.0,155,Rajasthan Royals
2,Punjab Kings,Rajasthan Royals,6.3,9,52,8.38,13.7,1,156,104,82,7.59,0.9057,128,Rajasthan Royals
1,Kolkata Knight Riders,Sunrisers Hyderabad,7.3,9,50,6.87,12.7,1,0,0,76,0.0,0.0,106,Sunrisers Hyderabad
2,Sunrisers Hyderabad,Kolkata Knight Riders,7.5,0,43,5.79,12.5,10,107,64,75,5.12,0.8843,122,Sunrisers Hyderabad
1,Mumbai Indians,Chennai Super Kings,16.2,7,74,4.6,3.8,3,0,0,22,0.0,0.0,88,Chennai Super Kings
2,Chennai Super Kings,Mumbai Indians,15.1,5,88,8.43,4.9,5,89,1,29,0.2,0.0237,124,Chennai Super Kings
1,Mumbai Indians,Punjab Kings,17.3,4,113,6.57,2.7,6,0,0,16,0.0,0.0,127,Punjab Kings
2,Punjab Kings,Mumbai Indians,10.5,7,95,9.05,9.5,3,128,33,57,3.47,0.3834,154,Punjab Kings
1,Sunrisers Hyderabad,Punjab Kings,5.6,1,54,9.8,14.4,9,0,0,86,0.0,0.0,187,Sunrisers Hyderabad
2,Punjab Kings,Sunrisers Hyderabad,8.5,6,58,6.85,11.5,4,188,130,69,11.3,1.6496,116,Sunrisers Hyderabad
1,Rajasthan Royals,Kolkata Knight Riders,16.0,5,153,9.6,4.0,5,0,0,24,0.0,0.0,182,Rajasthan Royals
2,Kolkata Knight Riders,Rajasthan Royals,8.2,2,59,7.24,11.8,8,183,124,70,10.51,1.4517,130,Rajasthan Royals
1,Punjab Kings,Delhi Capitals,10.1,6,62,6.19,9.9,4,0,0,59,0.0,0.0,106,Delhi Capitals
2,Delhi Capitals,Punjab Kings,5.4,8,45,8.5,14.6,2,107,62,87,4.25,0.5,131,Delhi Capitals
1,Rajasthan Royals,Sunrisers Hyderabad,12.6,4,95,7.58,7.4,6,0,0,44,0.0,0.0,146,Rajasthan Royals
2,Sunrisers Hyderabad,Rajasthan Royals,7.1,6,63,8.95,12.9,4,147,84,77,6.51,0.7274,144,Rajasthan Royals
1,Mumbai Indians,Delhi Capitals,8.5,5,81,9.63,11.5,5,0,0,69,0.0,0.0,160,Mumbai Indians
2,Delhi Capitals,Mumbai Indians,13.2,1,71,5.45,6.8,9,161,90,40,13.24,2.4294,107,Mumbai Indians
1,Chennai Super Kings,Kolkata Knight Riders,5.2,6,28,5.5,14.8,4,0,0,88,0.0,0.0,90,Kolkata Knight Riders
2,Kolkata Knight Riders,Chennai Super Kings,8.7,8,50,5.79,11.3,2,91,41,67,3.63,0.6269,93,Kolkata Knight Riders
1,Kolkata Knight Riders,Sunrisers Hyderabad,16.9,1,105,6.27,3.1,9,0,0,18,0.0,0.0,123,Kolkata Knight Riders
2,Sunrisers Hyderabad,Kolkata Knight Riders,12.3,4,56,4.63,7.7,6,124,68,46,8.83,1.9071,90,Kolkata Knight Riders
1,Kolkata Knight Riders,Delhi Capitals,14.5,2,89,6.15,5.5,8,0,0,33,0.0,0.0,119,Delhi Capitals
2,Delhi Capitals,Kolkata Knight Riders,12.1,2,119,9.98,7.9,8,120,1,47,0.13,0.013,193,Delhi Capitals
1,Punjab Kings,Mumbai Indians,6.8,9,53,7.88,13.2,1,0,0,79,0.0,0.0,115,Mumbai Indians
2,Mumbai Indians,Punjab Kings,8.8,3,66,7.6,11.2,7,116,50,67,4.46,0.5868,144,Mumbai Indians
1,Mumbai Indians,Punjab Kings,8.5,3,69,8.23,11.5,7,0,0,69,0.0,0.0,160,Mumbai Indians
2,Punjab Kings,Mumbai Indians,13.7,0,105,7.68,6.3,10,161,56,37,8.89,1.1576,154,Mumbai Indians
1,Royal Challengers Bangalore,Delhi Capitals,5.7,5,53,9.41,14.3,5,0,0,85,0.0,0.0,170,Delhi Capitals
2,Delhi Capitals,Royal Challengers Bangalore,12.3,0,120,9.82,7.7,10,171,51,46,6.62,0.6741,196,Delhi Capitals
1,Delhi Capitals,Punjab Kings,5.1,4,28,5.59,14.9,6,0,0,89,0.0,0.0,99,Punjab Kings
2,Punjab Kings,Delhi Capitals,8.9,7,55,6.28,11.1,3,100,45,66,4.05,0.6449,105,Punjab Kings
1,Mumbai Indians,Rajasthan Royals,5.1,0,36,7.18,14.9,10,0,0,89,0.0,0.0,134,Rajasthan Royals
2,Rajasthan Royals,Mumbai Indians,15.0,4,131,8.75,5.0,6,135,4,30,0.8,0.0914,167,Rajasthan Royals
1,Rajasthan Royals,Kolkata Knight Riders,12.8,3,73,5.71,7.2,7,0,0,43,0.0,0.0,107,Rajasthan Royals
2,Kolkata Knight Riders,Rajasthan Royals,8.3,0,39,4.81,11.7,10,108,69,70,5.9,1.2266,99,Rajasthan Royals
1,Sunrisers Hyderabad,Kolkata Knight Riders,19.0,1,113,5.98,1.0,9,0,0,6,0.0,0.0,119,Kolkata Knight Riders
2,Kolkata Knight Riders,Sunrisers Hyderabad,6.7,1,62,9.37,13.3,9,120,58,79,4.36,0.4653,177,Kolkata Knight Riders
1,Mumbai Indians,Sunrisers Hyderabad,5.8,8,42,7.41,14.2,2,0,0,85,0.0,0.0,116,Sunrisers Hyderabad
2,Sunrisers Hyderabad,Mumbai Indians,11.9,0,73,6.21,8.1,10,117,44,48,5.43,0.8744,127,Sunrisers Hyderabad
1,Sunrisers Hyderabad,Mumbai Indians,12.1,0,85,7.09,7.9,10,0,0,47,0.0,0.0,149,Sunrisers Hyderabad
2,Mumbai Indians,Sunrisers Hyderabad,15.2,6,107,7.1,4.8,4,150,43,28,8.96,1.262,134,Sunrisers Hyderabad
1,Kolkata Knight Riders,Rajasthan Royals,6.6,9,44,6.8,13.4,1,0,0,80,0.0,0.0,100,Rajasthan Royals
2,Rajasthan Royals,Kolkata Knight Riders,13.1,5,90,6.88,6.9,5,101,11,41,1.59,0.2311,127,Rajasthan Royals
1,Mumbai Indians,Royal Challengers Bangalore,5.9,2,52,8.93,14.1,8,0,0,84,0.0,0.0,155,Mumbai Indians
2,Royal Challengers Bangalore,Mumbai Indians,15.3,4,85,5.59,4.7,6,156,71,28,15.11,2.703,110,Mumbai Indians
1,Sunrisers Hyderabad,Kolkata Knight Riders,15.9,2,166,10.5,4.1,8,0,0,24,0.0,0.0,210,Sunrisers Hyderabad
2,Kolkata Knight Riders,Sunrisers Hyderabad,7.1,7,43,6.17,12.9,3,211,168,77,13.02,2.1102,105,Sunrisers Hyderabad
1,Chennai Super Kings,Royal Challengers Bangalore,7.3,0,55,7.65,12.7,10,0,0,76,0.0,0.0,165,Chennai Super Kings
2,Royal Challengers Bangalore,Chennai Super Kings,7.8,4,41,5.34,12.2,6,166,125,73,10.25,1.9195,94,Chennai Super Kings
1,Sunrisers Hyderabad,Chennai Super Kings,7.0,7,45,6.52,13.0,3,0,0,78,0.0,0.0,115,Sunrisers Hyderabad
2,Chennai Super Kings,Sunrisers Hyderabad,8.0,7,49,6.18,12.0,3,116,67,72,5.58,0.9029,102,Sunrisers Hyderabad
1,Rajasthan Royals,Chennai Super Kings,17.9,3,125,7.0,2.1,7,0,0,12,0.0,0.0,139,Chennai Super Kings
2,Chennai Super Kings,Rajasthan Royals,12.3,1,129,10.51,7.7,9,140,11,46,1.43,0.1361,202,Chennai Super Kings
1,Punjab Kings,Royal Challengers Bangalore,6.2,7,52,8.44,13.8,3,0,0,82,0.0,0.0,138,Royal Challengers Bangalore
2,Royal Challengers Bangalore,Punjab Kings,12.0,0,87,7.27,8.0,10,139,52,48,6.5,0.8941,153,Royal Challengers Bangalore
1,Sunrisers Hyderabad,Delhi Capitals,12.0,8,61,5.13,8.0,2,0,0,48,0.0,0.0,87,Delhi Capitals
2,Delhi Capitals,Sunrisers Hyderabad,9.0,4,87,10.4,11.0,6,88,1,66,0.09,0.0087,190,Delhi Capitals
1,Punjab Kings,Sunrisers Hyderabad,15.1,1,110,7.32,4.9,9,0,0,29,0.0,0.0,145,Sunrisers Hyderabad
2,Sunrisers Hyderabad,Punjab Kings,15.5,1,145,10.74,4.5,9,146,1,27,0.22,0.0205,197,Sunrisers Hyderabad
1,Chennai Super Kings,Delhi Capitals,18.1,3,173,9.57,1.9,7,0,0,11,0.0,0.0,189,Delhi Capitals
2,Delhi Capitals,Chennai Super Kings,16.3,5,171,10.51,3.7,5,190,19,22,5.14,0.4891,202,Delhi Capitals
1,Punjab Kings,Royal Challengers Bangalore,9.9,4,69,7.01,10.1,6,0,0,60,0.0,0.0,133,Royal Challengers Bangalore
2,Royal Challengers Bangalore,Punjab Kings,18.4,3,133,9.0,1.6,7,134,1,9,0.62,0.0689,144,Royal Challengers Bangalore
1,Sunrisers Hyderabad,Chennai Super Kings,13.0,7,98,7.57,7.0,3,0,0,42,0.0,0.0,141,Sunrisers Hyderabad
2,Chennai Super Kings,Sunrisers Hyderabad,5.8,0,33,5.74,14.2,10,142,109,85,7.68,1.338,114,Sunrisers Hyderabad
1,Mumbai Indians,Royal Challengers Bangalore,19.0,7,111,5.89,1.0,3,0,0,6,0.0,0.0,116,Royal Challengers Bangalore
2,Royal Challengers Bangalore,Mumbai Indians,13.9,5,116,8.37,6.1,5,117,1,36,0.16,0.0191,158,Royal Challengers Bangalore
1,Punjab Kings,Chennai Super Kings,8.3,8,65,7.85,11.7,2,0,0,70,0.0,0.0,133,Chennai Super Kings
2,Chennai Super Kings,Punjab Kings,17.3,2,133,8.56,2.7,8,134,1,16,0.37,0.0432,152,Chennai Super Kings
1,Rajasthan Royals,Royal Challengers Bangalore,11.6,2,68,5.87,8.4,8,0,0,50,0.0,0.0,112,Royal Challengers Bangalore
2,Royal Challengers Bangalore,Rajasthan Royals,15.4,2,112,9.53,4.6,8,113,1,27,0.22,0.0231,149,Royal Challengers Bangalore
1,Punjab Kings,Delhi Capitals,18.5,4,168,9.1,1.5,6,0,0,9,0.0,0.0,180,Punjab Kings
2,Delhi Capitals,Punjab Kings,13.1,3,90,6.88,6.9,7,181,91,41,13.19,1.9172,128,Punjab Kings
1,Chennai Super Kings,Royal Challengers Bangalore,6.9,2,36,5.33,13.1,8,0,0,78,0.0,0.0,106,Royal Challengers Bangalore
2,Royal Challengers Bangalore,Chennai Super Kings,9.0,4,88,9.88,11.0,6,107,19,66,1.73,0.1751,189,Royal Challengers Bangalore
1,Delhi Capitals,Mumbai Indians,16.7,6,105,6.34,3.3,4,0,0,19,0.0,0.0,119,Mumbai Indians
2,Mumbai Indians,Delhi Capitals,15.3,5,119,9.99,4.7,5,120,1,28,0.21,0.021,152,Mumbai Indians
1,Delhi Capitals,Mumbai Indians,17.4,1,150,8.64,2.6,9,0,0,15,0.0,0.0,172,Delhi Capitals
2,Mumbai Indians,Delhi Capitals,12.5,3,105,8.4,7.5,7,173,68,45,9.07,1.0798,161,Delhi Capitals
1,Royal Challengers Bangalore,Chennai Super Kings,17.6,1,150,8.53,2.4,9,0,0,14,0.0,0.0,171,Chennai Super Kings
2,Chennai Super Kings,Royal Challengers Bangalore,15.2,1,152,10.06,4.8,9,172,20,28,4.17,0.4145,205,Chennai Super Kings
1,Royal Challengers Bangalore,Chennai Super Kings,5.9,9,51,8.78,14.1,1,0,0,84,0.0,0.0,133,Chennai Super Kings
2,Chennai Super Kings,Royal Challengers Bangalore,6.8,0,59,8.8,13.2,10,134,75,79,5.68,0.6455,188,Chennai Super Kings
1,Royal Challengers Bangalore,Rajasthan Royals,18.7,7,111,5.96,1.3,3,0,0,7,0.0,0.0,116,Rajasthan Royals
2,Rajasthan Royals,Royal Challengers Bangalore,7.9,6,72,9.12,12.1,4,117,45,72,3.72,0.4079,165,Rajasthan Royals
1,Sunrisers Hyderabad,Mumbai Indians,9.7,7,73,7.61,10.3,3,0,0,61,0.0,0.0,124,Mumbai Indians
2,Mumbai Indians,Sunrisers Hyderabad,17.2,6,124,7.55,2.8,4,125,1,16,0.36,0.0477,142,Mumbai Indians
1,Chennai Super Kings,Rajasthan Royals,13.7,2,116,8.53,6.3,8,0,0,37,0.0,0.0,166,Chennai Super Kings
2,Rajasthan Royals,Chennai Super Kings,15.3,5,93,6.08,4.7,5,167,74,28,15.74,2.5888,115,Chennai Super Kings
1,Sunrisers Hyderabad,Royal Challengers Bangalore,5.8,8,27,4.67,14.2,2,0,0,85,0.0,0.0,75,Royal Challengers Bangalore
2,Royal Challengers Bangalore,Sunrisers Hyderabad,9.3,4,56,6.07,10.7,6,76,20,64,1.87,0.3081,107,Royal Challengers Bangalore
1,Kolkata Knight Riders,Punjab Kings,6.7,3,54,8.19,13.3,7,0,0,79,0.0,0.0,153,Punjab Kings
2,Punjab Kings,Kolkata Knight Riders,7.5,2,60,8.04,12.5,8,154,94,75,7.52,0.9353,165,Punjab Kings
1,Chennai Super Kings,Delhi Capitals,17.0,2,143,8.43,3.0,8,0,0,18,0.0,0.0,168,Chennai Super Kings
2,Delhi Capitals,Chennai Super Kings,8.7,2,55,6.43,11.3,8,169,114,67,10.09,1.5692,127,Chennai Super Kings
1,Delhi Capitals,Kolkata Knight Riders,13.2,3,87,6.65,6.8,7,0,0,40,0.0,0.0,124,Delhi Capitals
2,Kolkata Knight Riders,Delhi Capitals,9.0,6,46,5.21,11.0,4,125,79,66,7.18,1.3781,96,Delhi Capitals
1,Chennai Super Kings,Kolkata Knight Riders,18.3,9,161,8.85,1.7,1,0,0,10,0.0,0.0,171,Chennai Super Kings
2,Kolkata Knight Riders,Chennai Super Kings,9.1,5,87,9.61,10.9,5,172,85,65,7.8,0.8117,162,Chennai Super Kings
1,Kolkata Knight Riders,Chennai Super Kings,5.4,0,45,8.51,14.6,10,0,0,87,0.0,0.0,181,Kolkata Knight Riders
2,Chennai Super Kings,Kolkata Knight Riders,8.4,3,62,7.39,11.6,7,182,120,69,10.34,1.3992,129,Kolkata Knight Riders
1,Delhi Capitals,Chennai Super Kings,10.3,7,84,8.24,9.7,3,0,0,58,0.0,0.0,149,Delhi Capitals
2,Chennai Super Kings,Delhi Capitals,11.2,6,85,7.6,8.8,4,150,65,52,7.39,0.9724,132,Delhi Capitals
1,Rajasthan Royals,Royal Challengers Bangalore,19.0,1,192,10.15,1.0,9,0,0,6,0.0,0.0,203,Rajasthan Royals
2,Royal Challengers Bangalore,Rajasthan Royals,14.1,3,110,7.86,5.9,7,204,94,35,15.93,2.0267,155,Rajasthan Royals
1,Punjab Kings,Royal Challengers Bangalore,18.7,6,100,5.38,1.3,4,0,0,7,0.0,0.0,106,Royal Challengers Bangalore
2,Royal Challengers Bangalore,Punjab Kings,5.9,4,44,7.46,14.1,6,107,63,84,4.47,0.5992,130,Royal Challengers Bangalore
1,Kolkata Knight Riders,Royal Challengers Bangalore,5.1,2,31,6.1,14.9,8,0,0,89,0.0,0.0,106,Royal Challengers Bangalore
2,Royal Challengers Bangalore,Kolkata Knight Riders,16.3,7,106,8.89,3.7,3,107,1,22,0.27,0.0304,133,Royal Challengers Bangalore
1,Mumbai Indians,Delhi Capitals,9.7,8,62,6.42,10.3,2,0,0,61,0.0,0.0,109,Delhi Capitals
2,Delhi Capitals,Mumbai Indians,7.2,1,75,10.47,12.8,9,110,35,76,2.73,0.2607,200,Delhi Capitals
1,Delhi Capitals,Sunrisers Hyderabad,17.8,5,128,7.22,2.2,5,0,0,13,0.0,0.0,140,Delhi Capitals
2,Sunrisers Hyderabad,Delhi Capitals,13.4,9,64,4.84,6.6,1,141,77,39,11.67,2.4112,87,Delhi Capitals
1,Royal Challengers Bangalore,Rajasthan Royals,16.7,3,164,9.85,3.3,7,0,0,19,0.0,0.0,191,Royal Challengers Bangalore
2,Rajasthan Royals,Royal Challengers Bangalore,9.7,0,59,6.16,10.3,10,192,133,61,12.91,2.0958,114,Royal Challengers Bangalore
1,Royal Challengers Bangalore,Punjab Kings,13.3,2,72,5.46,6.7,8,0,0,40,0.0,0.0,108,Royal Challengers Bangalore
2,Punjab Kings,Royal Challengers Bangalore,15.3,4,76,5.02,4.7,6,109,33,28,7.02,1.3984,97,Royal Challengers Bangalore
1,Punjab Kings,Mumbai Indians,15.4,6,110,7.17,4.6,4,0,0,27,0.0,0.0,137,Mumbai Indians
2,Mumbai Indians,Punjab Kings,12.7,1,109,8.63,7.3,9,138,29,43,3.97,0.46,171,Mumbai Indians
1,Royal Challengers Bangalore,Chennai Super Kings,9.6,9,54,5.64,10.4,1,0,0,62,0.0,0.0,90,Royal Challengers Bangalore
2,Chennai Super Kings,Royal Challengers Bangalore,12.8,5,61,4.81,7.2,5,91,30,43,4.17,0.8669,87,Royal Challengers Bangalore
1,Rajasthan Royals,Mumbai Indians,14.3,5,116,8.17,5.7,5,0,0,34,0.0,0.0,149,Rajasthan Royals
2,Mumbai Indians,Rajasthan Royals,14.9,2,100,6.76,5.1,8,150,50,30,9.8,1.4497,135,Rajasthan Royals
1,Sunrisers Hyderabad,Kolkata Knight Riders,12.0,4,108,9.08,8.0,6,0,0,48,0.0,0.0,171,Sunrisers Hyderabad
2,Kolkata Knight Riders,Sunrisers Hyderabad,16.0,7,86,5.4,4.0,3,172,86,24,21.5,3.9815,102,Sunrisers Hyderabad
1,Chennai Super Kings,Punjab Kings,8.9,4,82,9.3,11.1,6,0,0,66,0.0,0.0,173,Chennai Super Kings
2,Punjab Kings,Chennai Super Kings,19.4,2,156,8.07,0.6,8,174,18,3,30.0,3.7175,160,Chennai Super Kings
1,Kolkata Knight Riders,Punjab Kings,9.8,8,70,7.2,10.2,2,0,0,61,0.0,0.0,127,Punjab Kings
2,Punjab Kings,Kolkata Knight Riders,15.0,2,127,10.05,5.0,8,128,1,30,0.2,0.0199,178,Punjab Kings
1,Delhi Capitals,Kolkata Knight Riders,8.7,3,90,10.45,11.3,7,0,0,67,0.0,0.0,201,Delhi Capitals
2,Kolkata Knight Riders,Delhi Capitals,14.6,0,141,9.67,5.4,10,202,61,32,11.3,1.1686,191,Delhi Capitals
1,Mumbai Indians,Sunrisers Hyderabad,9.8,3,53,5.44,10.2,7,0,0,61,0.0,0.0,105,Mumbai Indians
2,Sunrisers Hyderabad,Mumbai Indians,6.9,7,32,4.65,13.1,3,106,74,78,5.65,1.2151,72,Mumbai Indians
1,Kolkata Knight Riders,Rajasthan Royals,17.6,7,168,9.56,2.4,3,0,0,14,0.0,0.0,186,Rajasthan Royals
2,Rajasthan Royals,Kolkata Knight Riders,10.2,3,105,10.32,9.8,7,187,82,58,8.37,0.811,203,Rajasthan Royals
1,Rajasthan Royals,Delhi Capitals,6.9,3,55,8.01,13.1,7,0,0,78,0.0,0.0,152,Delhi Capitals
2,Delhi Capitals,Rajasthan Royals,9.8,8,92,9.47,10.2,2,153,61,61,5.98,0.6315,164,Delhi Capitals
1,Chennai Super Kings,Delhi Capitals,6.6,4,51,7.79,13.4,6,0,0,80,0.0,0.0,140,Chennai Super Kings
2,Delhi Capitals,Chennai Super Kings,12.7,4,91,7.17,7.3,6,141,50,43,6.85,0.9554,132,Chennai Super Kings
1,Sunrisers Hyderabad,Chennai Super Kings,7.0,1,58,8.39,13.0,9,0,0,78,0.0,0.0,160,Sunrisers Hyderabad
2,Chennai Super Kings,Sunrisers Hyderabad,7.3,1,36,4.95,12.7,9,161,125,76,9.84,1.9879,97,Sunrisers Hyderabad
1,Mumbai Indians,Rajasthan Royals,17.4,8,95,5.48,2.6,2,0,0,15,0.0,0.0,103,Rajasthan Royals
2,Rajasthan Royals,Mumbai Indians,19.2,6,103,5.69,0.8,4,104,1,4,1.25,0.2197,107,Rajasthan Royals
1,Mumbai Indians,Royal Challengers Bangalore,16.4,2,108,6.62,3.6,8,0,0,21,0.0,0.0,132,Mumbai Indians
2,Royal Challengers Bangalore,Mumbai Indians,17.7,7,98,5.55,2.3,3,133,35,13,15.22,2.7423,108,Mumbai Indians
1,Punjab Kings,Royal Challengers Bangalore,5.8,8,49,8.48,14.2,2,0,0,85,0.0,0.0,135,Punjab Kings
2,Royal Challengers Bangalore,Punjab Kings,15.6,4,104,6.68,4.4,6,136,32,26,7.27,1.0883,126,Punjab Kings
1,Kolkata Knight Riders,Chennai Super Kings,15.2,5,129,8.5,4.8,5,0,0,28,0.0,0.0,164,Chennai Super Kings
2,Chennai Super Kings,Kolkata Knight Riders,14.9,0,163,10.96,5.1,10,165,2,30,0.39,0.0356,227,Chennai Super Kings
1,Chennai Super Kings,Rajasthan Royals,11.3,5,57,5.07,8.7,5,0,0,52,0.0,0.0,94,Rajasthan Royals
2,Rajasthan Royals,Chennai Super Kings,9.8,1,94,9.96,10.2,9,95,1,61,0.1,0.01,179,Rajasthan Royals
1,Chennai Super Kings,Rajasthan Royals,13.2,6,66,5.04,6.8,4,0,0,40,0.0,0.0,94,Rajasthan Royals
2,Rajasthan Royals,Chennai Super Kings,19.1,8,94,6.59,0.9,2,95,1,5,1.11,0.1684,98,Rajasthan Royals
1,Mumbai Indians,Punjab Kings,14.6,8,78,5.36,5.4,2,0,0,32,0.0,0.0,96,Punjab Kings
2,Punjab Kings,Mumbai Indians,10.3,8,77,7.49,9.7,2,97,20,58,2.06,0.275,129,Punjab Kings
1,Punjab Kings,Kolkata Knight Riders,8.3,6,41,5.0,11.7,4,0,0,70,0.0,0.0,88,Kolkata Knight Riders
2,Kolkata Knight Riders,Punjab Kings,17.1,4,88,7.35,2.9,6,89,1,17,0.34,0.0463,104,Kolkata Knight Riders
1,Sunrisers Hyderabad,Kolkata Knight Riders,7.8,5,76,9.76,12.2,5,0,0,73,0.0,0.0,157,Sunrisers Hyderabad
2,Kolkata Knight Riders,Sunrisers Hyderabad,17.8,1,119,6.74,2.2,9,158,39,13,17.73,2.6306,134,Sunrisers Hyderabad
1,Royal Challengers Bangalore,Kolkata Knight Riders,15.8,7,116,7.38,4.2,3,0,0,25,0.0,0.0,136,Kolkata Knight Riders
2,Kolkata Knight Riders,Royal Challengers Bangalore,6.0,0,59,9.87,14.0,10,137,78,84,5.57,0.5643,188,Kolkata Knight Riders
1,Kolkata Knight Riders,Royal Challengers Bangalore,9.4,6,88,9.37,10.6,4,0,0,63,0.0,0.0,163,Kolkata Knight Riders
2,Royal Challengers Bangalore,Kolkata Knight Riders,8.4,7,60,7.16,11.6,3,164,104,69,8.97,1.2528,112,Kolkata Knight Riders
1,Royal Challengers Bangalore,Kolkata Knight Riders,16.3,2,96,5.9,3.7,8,0,0,22,0.0,0.0,117,Kolkata Knight Riders
2,Kolkata Knight Riders,Royal Challengers Bangalore,18.8,0,117,8.03,1.2,10,118,1,7,0.83,0.1034,125,Kolkata Knight Riders
1,Punjab Kings,Delhi Capitals,19.1,5,115,6.03,0.9,5,0,0,5,0.0,0.0,119,Delhi Capitals
2,Delhi Capitals,Punjab Kings,10.0,7,90,9.0,10.0,3,120,30,60,3.0,0.3333,158,Delhi Capitals
1,Chennai Super Kings,Punjab Kings,14.2,5,101,7.18,5.8,5,0,0,34,0.0,0.0,130,Punjab Kings
2,Punjab Kings,Chennai Super Kings,12.8,9,103,8.07,7.2,1,131,28,43,3.89,0.482,140,Punjab Kings
1,Kolkata Knight Riders,Rajasthan Royals,8.1,7,56,7.01,11.9,3,0,0,71,0.0,0.0,113,Rajasthan Royals
2,Rajasthan Royals,Kolkata Knight Riders,16.6,2,113,9.13,3.4,8,114,1,20,0.29,0.0318,144,Rajasthan Royals
1,Rajasthan Royals,Kolkata Knight Riders,7.5,3,47,6.35,12.5,7,0,0,75,0.0,0.0,118,Kolkata Knight Riders
2,Kolkata Knight Riders,Rajasthan Royals,15.8,0,118,7.77,4.2,10,119,1,25,0.24,0.0309,155,Kolkata Knight Riders
1,Delhi Capitals,Mumbai Indians,13.9,7,123,8.88,6.1,3,0,0,36,0.0,0.0,158,Delhi Capitals
2,Mumbai Indians,Delhi Capitals,5.4,8,47,8.76,14.6,2,159,112,87,7.67,0.8756,138,Delhi Capitals
1,Rajasthan Royals,Kolkata Knight Riders,11.7,2,98,8.4,8.3,8,0,0,49,0.0,0.0,156,Rajasthan Royals
2,Kolkata Knight Riders,Rajasthan Royals,6.9,7,52,7.59,13.1,3,157,105,78,8.02,1.0567,121,Rajasthan Royals
1,Royal Challengers Bangalore,Kolkata Knight Riders,9.6,9,50,5.22,10.4,1,0,0,62,0.0,0.0,86,Kolkata Knight Riders
2,Kolkata Knight Riders,Royal Challengers Bangalore,7.0,8,39,5.68,13.0,2,87,48,78,3.69,0.6496,96,Kolkata Knight Riders
1,Kolkata Knight Riders,Punjab Kings,12.5,5,112,9.03,7.5,5,0,0,45,0.0,0.0,170,Punjab Kings
2,Punjab Kings,Kolkata Knight Riders,12.6,2,118,9.37,7.4,8,171,53,44,7.16,0.7641,186,Punjab Kings
1,Royal Challengers Bangalore,Sunrisers Hyderabad,8.8,3,70,7.99,11.2,7,0,0,67,0.0,0.0,152,Sunrisers Hyderabad
2,Sunrisers Hyderabad,Royal Challengers Bangalore,7.4,0,65,8.86,12.6,10,153,88,75,6.98,0.7878,162,Sunrisers Hyderabad
1,Mumbai Indians,Chennai Super Kings,17.4,1,180,10.39,2.6,9,0,0,15,0.0,0.0,208,Mumbai Indians
2,Chennai Super Kings,Mumbai Indians,19.0,0,172,9.1,1.0,10,209,37,6,37.0,4.0659,181,Mumbai Indians
1,Sunrisers Hyderabad,Rajasthan Royals,10.4,8,63,6.07,9.6,2,0,0,57,0.0,0.0,103,Rajasthan Royals
2,Rajasthan Royals,Sunrisers Hyderabad,12.4,6,81,6.59,7.6,4,104,23,45,3.03,0.4598,114,Rajasthan Royals
1,Punjab Kings,Delhi Capitals,7.2,1,45,6.37,12.8,9,0,0,76,0.0,0.0,119,Delhi Capitals
2,Delhi Capitals,Punjab Kings,11.4,4,114,10.03,8.6,6,120,6,51,0.7,0.0698,176,Delhi Capitals
1,Mumbai Indians,Punjab Kings,17.6,2,110,6.27,2.4,8,0,0,14,0.0,0.0,124,Punjab Kings
2,Punjab Kings,Mumbai Indians,6.9,3,61,8.96,13.1,7,125,64,78,4.89,0.5458,153,Punjab Kings
1,Rajasthan Royals,Sunrisers Hyderabad,7.0,8,49,7.06,13.0,2,0,0,78,0.0,0.0,110,Sunrisers Hyderabad
2,Sunrisers Hyderabad,Rajasthan Royals,18.1,8,110,7.79,1.9,2,111,1,11,0.53,0.068,119,Sunrisers Hyderabad
1,Chennai Super Kings,Punjab Kings,19.4,9,146,7.53,0.6,1,0,0,3,0.0,0.0,149,Chennai Super Kings
2,Punjab Kings,Chennai Super Kings,9.4,7,51,5.47,10.6,3,150,99,63,9.34,1.7075,95,Chennai Super Kings
1,Mumbai Indians,Rajasthan Royals,12.6,4,127,10.08,7.4,6,0,0,44,0.0,0.0,187,Mumbai Indians
2,Rajasthan Royals,Mumbai Indians,15.6,6,143,9.2,4.4,4,188,45,26,10.23,1.112,171,Mumbai Indians
1,Royal Challengers Bangalore,Chennai Super Kings,12.9,0,127,9.92,7.1,10,0,0,42,0.0,0.0,196,Royal Challengers Bangalore
2,Chennai Super Kings,Royal Challengers Bangalore,19.5,5,102,5.28,0.5,5,197,95,3,190.0,35.9848,104,Royal Challengers Bangalore
1,Chennai Super Kings,Delhi Capitals,16.8,2,108,6.43,3.2,8,0,0,19,0.0,0.0,128,Chennai Super Kings
2,Delhi Capitals,Chennai Super Kings,5.6,5,27,4.86,14.4,5,129,102,86,7.08,1.4568,81,Chennai Super Kings
1,Mumbai Indians,Chennai Super Kings,9.1,1,84,9.28,10.9,9,0,0,65,0.0,0.0,184,Chennai Super Kings
2,Chennai Super Kings,Mumbai Indians,9.9,0,106,10.8,10.1,10,185,79,60,7.82,0.7241,221,Chennai Super Kings
1,Sunrisers Hyderabad,Kolkata Knight Riders,6.3,5,45,7.22,13.7,5,0,0,82,0.0,0.0,134,Sunrisers Hyderabad
2,Kolkata Knight Riders,Sunrisers Hyderabad,16.3,2,93,5.71,3.7,8,135,42,22,11.35,1.9877,112,Sunrisers Hyderabad
1,Sunrisers Hyderabad,Chennai Super Kings,17.9,0,182,10.22,2.1,10,0,0,12,0.0,0.0,200,Sunrisers Hyderabad
2,Chennai Super Kings,Sunrisers Hyderabad,9.0,8,78,8.71,11.0,2,201,123,66,11.18,1.2836,142,Sunrisers Hyderabad
1,Kolkata Knight Riders,Punjab Kings,9.3,3,84,9.08,10.7,7,0,0,64,0.0,0.0,175,Kolkata Knight Riders
2,Punjab Kings,Kolkata Knight Riders,14.7,4,82,5.64,5.3,6,176,94,31,17.74,3.1454,105,Kolkata Knight Riders
1,Chennai Super Kings,Rajasthan Royals,5.2,2,33,6.53,14.8,8,0,0,88,0.0,0.0,124,Rajasthan Royals
2,Rajasthan Royals,Chennai Super Kings,15.2,0,101,6.69,4.8,10,125,24,28,5.0,0.7474,134,Rajasthan Royals
1,Chennai Super Kings,Rajasthan Royals,8.0,4,57,7.2,12.0,6,0,0,72,0.0,0.0,129,Rajasthan Royals
2,Rajasthan Royals,Chennai Super Kings,18.2,9,129,7.59,1.8,1,130,1,10,0.56,0.0738,137,Rajasthan Royals
1,Chennai Super Kings,Punjab Kings,7.3,0,45,6.18,12.7,10,0,0,76,0.0,0.0,119,Chennai Super Kings
2,Punjab Kings,Chennai Super Kings,15.8,9,92,5.85,4.2,1,120,28,25,6.67,1.1402,109,Chennai Super Kings
1,Royal Challengers Bangalore,Mumbai Indians,6.0,9,46,7.79,14.0,1,0,0,84,0.0,0.0,122,Mumbai Indians
2,Mumbai Indians,Royal Challengers Bangalore,17.3,5,122,8.48,2.7,5,123,1,16,0.37,0.0436,142,Mumbai Indians
1,Chennai Super Kings,Rajasthan Royals,13.7,6,78,5.7,6.3,4,0,0,37,0.0,0.0,106,Rajasthan Royals
2,Rajasthan Royals,Chennai Super Kings,6.8,0,60,8.85,13.2,10,107,47,79,3.56,0.4023,194,Rajasthan Royals
1,Kolkata Knight Riders,Rajasthan Royals,11.6,0,109,9.41,8.4,10,0,0,50,0.0,0.0,187,Kolkata Knight Riders
2,Rajasthan Royals,Kolkata Knight Riders,17.4,4,115,6.64,2.6,6,188,73,15,28.08,4.2289,131,Kolkata Knight Riders
1,Chennai Super Kings,Mumbai Indians,15.5,6,113,7.34,4.5,4,0,0,27,0.0,0.0,140,Chennai Super Kings
2,Mumbai Indians,Chennai Super Kings,14.9,5,97,6.57,5.1,5,141,44,30,8.63,1.3135,123,Chennai Super Kings
1,Rajasthan Royals,Punjab Kings,11.5,5,98,8.55,8.5,5,0,0,51,0.0,0.0,161,Rajasthan Royals
2,Punjab Kings,Rajasthan Royals,8.8,8,40,4.6,11.2,2,162,122,67,10.89,2.3674,79,Rajasthan Royals
1,Delhi Capitals,Rajasthan Royals,19.3,4,103,5.36,0.7,6,0,0,4,0.0,0.0,106,Rajasthan Royals
2,Rajasthan Royals,Delhi Capitals,11.4,7,106,9.69,8.6,3,107,1,51,0.12,0.0124,172,Rajasthan Royals
1,Sunrisers Hyderabad,Kolkata Knight Riders,8.2,8,72,8.87,11.8,2,0,0,70,0.0,0.0,152,Sunrisers Hyderabad
2,Kolkata Knight Riders,Sunrisers Hyderabad,12.3,5,78,6.36,7.7,5,153,75,46,9.74,1.5314,122,Sunrisers Hyderabad
1,Delhi Capitals,Rajasthan Royals,9.5,8,87,9.19,10.5,2,0,0,63,0.0,0.0,144,Rajasthan Royals
2,Rajasthan Royals,Delhi Capitals,13.0,2,107,8.24,7.0,8,145,38,42,5.43,0.659,154,Rajasthan Royals
1,Delhi Capitals,Punjab Kings,13.5,5,101,7.51,6.5,5,0,0,39,0.0,0.0,145,Delhi Capitals
2,Punjab Kings,Delhi Capitals,7.7,5,47,6.16,12.3,5,146,99,73,8.05,1.3068,111,Delhi Capitals
1,Sunrisers Hyderabad,Chennai Super Kings,6.2,7,42,6.81,13.8,3,0,0,82,0.0,0.0,106,Sunrisers Hyderabad
2,Chennai Super Kings,Sunrisers Hyderabad,5.4,9,36,6.7,14.6,1,107,71,87,4.86,0.7254,105,Sunrisers Hyderabad
1,Sunrisers Hyderabad,Delhi Capitals,16.3,0,133,8.2,3.7,10,0,0,22,0.0,0.0,160,Sunrisers Hyderabad
2,Delhi Capitals,Sunrisers Hyderabad,6.2,1,38,6.15,13.8,9,161,123,82,8.91,1.4488,114,Sunrisers Hyderabad
1,Mumbai Indians,Kolkata Knight Riders,17.6,3,179,10.2,2.4,7,0,0,14,0.0,0.0,204,Mumbai Indians
2,Kolkata Knight Riders,Mumbai Indians,8.7,3,89,10.28,11.3,7,205,116,67,10.27,0.999,189,Mumbai Indians
1,Sunrisers Hyderabad,Chennai Super Kings,7.0,0,50,7.17,13.0,10,0,0,78,0.0,0.0,148,Sunrisers Hyderabad
2,Chennai Super Kings,Sunrisers Hyderabad,14.0,8,87,6.23,6.0,2,149,62,36,10.33,1.6581,111,Sunrisers Hyderabad
1,Royal Challengers Bangalore,Punjab Kings,9.0,8,52,5.84,11.0,2,0,0,66,0.0,0.0,99,Royal Challengers Bangalore
2,Punjab Kings,Royal Challengers Bangalore,5.2,9,29,5.67,14.8,1,100,71,88,4.8,0.8466,90,Royal Challengers Bangalore
1,Chennai Super Kings,Kolkata Knight Riders,17.6,2,146,8.34,2.4,8,0,0,14,0.0,0.0,165,Chennai Super Kings
2,Kolkata Knight Riders,Chennai Super Kings,8.5,3,56,6.67,11.5,7,166,110,69,9.57,1.4348,129,Chennai Super Kings
1,Mumbai Indians,Punjab Kings,12.8,4,98,7.69,7.2,6,0,0,43,0.0,0.0,141,Mumbai Indians
2,Punjab Kings,Mumbai Indians,16.5,0,103,6.25,3.5,10,142,39,21,11.14,1.7824,125,Mumbai Indians
1,Punjab Kings,Delhi Capitals,7.3,1,74,10.18,12.7,9,0,0,76,0.0,0.0,180,Punjab Kings
2,Delhi Capitals,Punjab Kings,10.9,1,66,6.07,9.1,9,181,115,54,12.64,2.0824,123,Punjab Kings
1,Punjab Kings,Royal Challengers Bangalore,9.4,5,64,6.83,10.6,5,0,0,63,0.0,0.0,125,Royal Challengers Bangalore
2,Royal Challengers Bangalore,Punjab Kings,14.4,2,125,9.45,5.6,8,126,1,33,0.18,0.019,178,Royal Challengers Bangalore
1,Sunrisers Hyderabad,Mumbai Indians,12.0,8,59,4.95,8.0,2,0,0,48,0.0,0.0,85,Mumbai Indians
2,Mumbai Indians,Sunrisers Hyderabad,14.5,0,85,11.21,5.5,10,86,1,33,0.18,0.0161,149,Mumbai Indians
1,Kolkata Knight Riders,Mumbai Indians,11.3,2,77,6.85,8.7,8,0,0,52,0.0,0.0,136,Mumbai Indians
2,Mumbai Indians,Kolkata Knight Riders,13.3,6,107,8.12,6.7,4,137,30,40,4.48,0.5517,152,Mumbai Indians
1,Punjab Kings,Rajasthan Royals,18.4,1,123,6.71,1.6,9,0,0,9,0.0,0.0,135,Rajasthan Royals
2,Rajasthan Royals,Punjab Kings,5.5,1,58,10.64,14.5,9,136,78,87,5.38,0.5056,189,Rajasthan Royals
1,Delhi Capitals,Sunrisers Hyderabad,5.8,3,47,8.22,14.2,7,0,0,85,0.0,0.0,149,Delhi Capitals
2,Sunrisers Hyderabad,Delhi Capitals,7.7,5,56,7.33,12.3,5,150,94,73,7.64,1.0423,120,Delhi Capitals
1,Delhi Capitals,Kolkata Knight Riders,17.4,7,135,7.8,2.6,3,0,0,15,0.0,0.0,148,Delhi Capitals
2,Kolkata Knight Riders,Delhi Capitals,5.3,3,39,7.47,14.7,7,149,110,88,7.48,1.0013,135,Delhi Capitals
1,Rajasthan Royals,Chennai Super Kings,17.8,7,175,9.86,2.2,3,0,0,13,0.0,0.0,190,Rajasthan Royals
2,Chennai Super Kings,Rajasthan Royals,12.6,6,78,6.21,7.4,4,191,113,44,15.27,2.4589,110,Rajasthan Royals
1,Punjab Kings,Sunrisers Hyderabad,11.2,6,79,7.08,8.8,4,0,0,52,0.0,0.0,120,Sunrisers Hyderabad
2,Sunrisers Hyderabad,Punjab Kings,8.3,4,57,6.87,11.7,6,121,64,70,5.47,0.7962,131,Sunrisers Hyderabad
1,Delhi Capitals,Kolkata Knight Riders,17.5,9,121,6.92,2.5,1,0,0,15,0.0,0.0,131,Delhi Capitals
2,Kolkata Knight Riders,Delhi Capitals,7.1,4,41,5.91,12.9,6,132,91,77,7.05,1.1929,108,Delhi Capitals
1,Mumbai Indians,Royal Challengers Bangalore,5.1,7,34,6.86,14.9,3,0,0,89,0.0,0.0,113,Royal Challengers Bangalore
2,Royal Challengers Bangalore,Mumbai Indians,18.3,7,111,6.09,1.7,3,114,3,10,1.76,0.289,119,Royal Challengers Bangalore
1,Rajasthan Royals,Chennai Super Kings,14.6,3,95,6.52,5.4,7,0,0,32,0.0,0.0,128,Rajasthan Royals
2,Chennai Super Kings,Rajasthan Royals,13.2,0,61,4.65,6.8,10,129,68,40,10.0,2.1505,95,Rajasthan Royals
1,Mumbai Indians,Chennai Super Kings,7.0,4,47,6.81,13.0,6,0,0,78,0.0,0.0,110,Chennai Super Kings
2,Chennai Super Kings,Mumbai Indians,19.1,1,110,10.63,0.9,9,111,1,5,1.11,0.1044,118,Chennai Super Kings
1,Kolkata Knight Riders,Rajasthan Royals,18.3,5,166,9.08,1.7,5,0,0,10,0.0,0.0,177,Kolkata Knight Riders
2,Rajasthan Royals,Kolkata Knight Riders,7.7,0,49,6.41,12.3,10,178,129,73,10.49,1.6365,126,Kolkata Knight Riders
1,Rajasthan Royals,Delhi Capitals,14.3,9,77,5.44,5.7,1,0,0,34,0.0,0.0,95,Delhi Capitals
2,Delhi Capitals,Rajasthan Royals,17.0,9,95,9.45,3.0,1,96,1,18,0.33,0.0349,113,Delhi Capitals
1,Sunrisers Hyderabad,Mumbai Indians,5.5,2,52,9.56,14.5,8,0,0,87,0.0,0.0,171,Sunrisers Hyderabad
2,Mumbai Indians,Sunrisers Hyderabad,9.4,7,70,7.51,10.6,3,172,102,63,9.62,1.281,121,Sunrisers Hyderabad
1,Royal Challengers Bangalore,Rajasthan Royals,12.3,5,77,6.27,7.7,5,0,0,46,0.0,0.0,121,Rajasthan Royals
2,Rajasthan Royals,Royal Challengers Bangalore,14.1,6,92,6.56,5.9,4,122,30,35,5.08,0.7744,122,Rajasthan Royals
1,Punjab Kings,Mumbai Indians,15.8,5,83,5.29,4.2,5,0,0,25,0.0,0.0,103,Mumbai Indians
2,Mumbai Indians,Punjab Kings,15.4,8,103,9.9,4.6,2,104,1,27,0.22,0.0222,133,Mumbai Indians
1,Mumbai Indians,Sunrisers Hyderabad,18.2,1,159,8.79,1.8,9,0,0,10,0.0,0.0,173,Mumbai Indians
2,Sunrisers Hyderabad,Mumbai Indians,5.7,8,33,5.89,14.3,2,174,141,85,9.86,1.674,91,Mumbai Indians
1,Delhi Capitals,Sunrisers Hyderabad,6.8,0,54,7.99,13.2,10,0,0,79,0.0,0.0,163,Delhi Capitals
2,Sunrisers Hyderabad,Delhi Capitals,15.3,9,73,4.79,4.7,1,164,91,28,19.36,4.0418,86,Delhi Capitals
1,Sunrisers Hyderabad,Rajasthan Royals,6.5,7,55,8.52,13.5,3,0,0,81,0.0,0.0,128,Sunrisers Hyderabad
2,Rajasthan Royals,Sunrisers Hyderabad,16.6,2,94,5.71,3.4,8,129,35,20,10.29,1.8021,114,Sunrisers Hyderabad
1,Kolkata Knight Riders,Royal Challengers Bangalore,18.1,6,125,6.92,1.9,4,0,0,11,0.0,0.0,135,Kolkata Knight Riders
2,Royal Challengers Bangalore,Kolkata Knight Riders,5.8,7,38,6.61,14.2,3,136,98,85,6.9,1.0439,114,Kolkata Knight Riders
1,Royal Challengers Bangalore,Delhi Capitals,16.3,1,86,5.33,3.7,9,0,0,22,0.0,0.0,105,Delhi Capitals
2,Delhi Capitals,Royal Challengers Bangalore,13.1,9,105,9.47,6.9,1,106,1,41,0.14,0.0148,149,Delhi Capitals
1,Kolkata Knight Riders,Rajasthan Royals,11.7,2,65,5.63,8.3,8,0,0,49,0.0,0.0,102,Rajasthan Royals
2,Rajasthan Royals,Kolkata Knight Riders,11.2,4,84,7.56,8.8,6,103,19,52,2.16,0.2857,132,Rajasthan Royals
1,Mumbai Indians,Punjab Kings,12.4,4,121,9.77,7.6,6,0,0,45,0.0,0.0,177,Mumbai Indians
2,Punjab Kings,Mumbai Indians,8.0,9,45,5.66,12.0,1,178,133,72,11.08,1.9576,93,Mumbai Indians
1,Rajasthan Royals,Punjab Kings,12.2,1,105,8.62,7.8,9,0,0,46,0.0,0.0,177,Rajasthan Royals
2,Punjab Kings,Rajasthan Royals,18.8,6,140,7.46,1.2,4,178,38,7,31.67,4.2453,147,Rajasthan Royals
1,Chennai Super Kings,Mumbai Indians,5.3,9,24,4.6,14.7,1,0,0,88,0.0,0.0,70,Mumbai Indians
2,Mumbai Indians,Chennai Super Kings,9.7,8,70,8.99,10.3,2,71,1,61,0.1,0.0111,126,Mumbai Indians
1,Rajasthan Royals,Mumbai Indians,9.5,0,58,6.18,10.5,10,0,0,63,0.0,0.0,133,Mumbai Indians
2,Mumbai Indians,Rajasthan Royals,7.5,6,71,9.48,12.5,4,134,63,75,5.04,0.5316,171,Mumbai Indians
1,Delhi Capitals,Punjab Kings,7.8,8,71,9.18,12.2,2,0,0,73,0.0,0.0,157,Delhi Capitals
2,Punjab Kings,Delhi Capitals,13.1,1,87,6.67,6.9,9,158,71,41,10.29,1.5427,130,Delhi Capitals
1,Chennai Super Kings,Sunrisers Hyderabad,14.2,6,133,9.42,5.8,4,0,0,34,0.0,0.0,181,Chennai Super Kings
2,Sunrisers Hyderabad,Chennai Super Kings,16.6,6,147,8.89,3.4,4,182,35,20,10.29,1.1575,167,Chennai Super Kings
1,Rajasthan Royals,Delhi Capitals,16.1,7,112,6.98,3.9,3,0,0,23,0.0,0.0,131,Rajasthan Royals
2,Delhi Capitals,Rajasthan Royals,17.0,3,87,5.17,3.0,7,132,45,18,15.0,2.9014,102,Rajasthan Royals
1,Chennai Super Kings,Kolkata Knight Riders,9.9,9,73,7.39,10.1,1,0,0,60,0.0,0.0,115,Kolkata Knight Riders
2,Kolkata Knight Riders,Chennai Super Kings,10.6,1,95,9.05,9.4,9,116,21,56,2.23,0.2464,171,Kolkata Knight Riders
1,Chennai Super Kings,Kolkata Knight Riders,6.3,8,48,7.66,13.7,2,0,0,82,0.0,0.0,119,Kolkata Knight Riders
2,Kolkata Knight Riders,Chennai Super Kings,16.9,0,119,9.08,3.1,10,120,1,18,0.32,0.0352,148,Kolkata Knight Riders
1,Sunrisers Hyderabad,Punjab Kings,7.8,7,48,6.18,12.2,3,0,0,73,0.0,0.0,110,Punjab Kings
2,Punjab Kings,Sunrisers Hyderabad,5.4,3,53,9.9,14.6,7,111,58,87,3.97,0.401,168,Punjab Kings
1,Delhi Capitals,Punjab Kings,18.0,6,95,5.3,2.0,4,0,0,12,0.0,0.0,104,Delhi Capitals
2,Punjab Kings,Delhi Capitals,6.7,7,39,5.94,13.3,3,105,66,79,4.96,0.835,104,Delhi Capitals
1,Punjab Kings,Chennai Super Kings,7.1,0,65,9.2,12.9,10,0,0,77,0.0,0.0,194,Punjab Kings
2,Chennai Super Kings,Punjab Kings,13.4,0,86,6.45,6.6,10,195,109,39,16.52,2.5612,132,Punjab Kings
1,Royal Challengers Bangalore,Delhi Capitals,17.8,8,137,7.7,2.2,2,0,0,13,0.0,0.0,150,Royal Challengers Bangalore
2,Delhi Capitals,Royal Challengers Bangalore,18.1,7,82,4.57,1.9,3,151,69,11,36.32,7.9475,88,Royal Challengers Bangalore
1,Delhi Capitals,Chennai Super Kings,10.8,6,60,5.56,9.2,4,0,0,55,0.0,0.0,98,Chennai Super Kings
2,Chennai Super Kings,Delhi Capitals,11.9,0,98,10.47,8.1,10,99,1,48,0.12,0.0115,183,Chennai Super Kings
1,Royal Challengers Bangalore,Sunrisers Hyderabad,6.4,3,47,7.41,13.6,7,0,0,81,0.0,0.0,127,Royal Challengers Bangalore
2,Sunrisers Hyderabad,Royal Challengers Bangalore,14.9,1,83,5.58,5.1,9,128,45,30,8.82,1.5806,107,Royal Challengers Bangalore
1,Delhi Capitals,Sunrisers Hyderabad,9.0,3,74,8.3,11.0,7,0,0,66,0.0,0.0,153,Sunrisers Hyderabad
2,Sunrisers Hyderabad,Delhi Capitals,16.2,6,144,8.94,3.8,4,154,10,22,2.63,0.2942,167,Sunrisers Hyderabad
1,Sunrisers Hyderabad,Royal Challengers Bangalore,8.2,3,59,7.31,11.8,7,0,0,70,0.0,0.0,128,Royal Challengers Bangalore
2,Royal Challengers Bangalore,Sunrisers Hyderabad,8.9,8,81,9.12,11.1,2,129,48,66,4.32,0.4737,153,Royal Challengers Bangalore
1,Sunrisers Hyderabad,Mumbai Indians,19.2,2,116,6.06,0.8,8,0,0,4,0.0,0.0,121,Mumbai Indians
2,Mumbai Indians,Sunrisers Hyderabad,13.9,3,121,9.55,6.1,7,122,1,36,0.16,0.0168,175,Mumbai Indians
1,Sunrisers Hyderabad,Rajasthan Royals,6.4,1,46,7.22,13.6,9,0,0,81,0.0,0.0,142,Sunrisers Hyderabad
2,Rajasthan Royals,Sunrisers Hyderabad,16.6,1,83,5.0,3.4,9,143,60,20,17.65,3.53,98,Sunrisers Hyderabad
1,Kolkata Knight Riders,Delhi Capitals,19.5,2,122,6.3,0.5,8,0,0,3,0.0,0.0,125,Delhi Capitals
2,Delhi Capitals,Kolkata Knight Riders,14.5,1,125,10.43,5.5,9,126,1,33,0.18,0.0173,185,Delhi Capitals
1,Royal Challengers Bangalore,Rajasthan Royals,12.7,9,78,6.22,7.3,1,0,0,43,0.0,0.0,106,Rajasthan Royals
2,Rajasthan Royals,Royal Challengers Bangalore,14.2,5,94,6.69,5.8,5,107,13,34,2.24,0.3348,120,Rajasthan Royals
1,Royal Challengers Bangalore,Sunrisers Hyderabad,11.3,1,102,9.05,8.7,9,0,0,52,0.0,0.0,166,Royal Challengers Bangalore
2,Sunrisers Hyderabad,Royal Challengers Bangalore,8.2,9,77,9.43,11.8,1,167,90,70,7.63,0.8091,152,Royal Challengers Bangalore
1,Chennai Super Kings,Sunrisers Hyderabad,9.2,0,89,9.77,10.8,10,0,0,64,0.0,0.0,182,Chennai Super Kings
2,Sunrisers Hyderabad,Chennai Super Kings,6.0,6,37,6.24,14.0,4,183,146,84,10.43,1.6715,98,Chennai Super Kings
1,Chennai Super Kings,Mumbai Indians,19.5,9,151,7.76,0.5,1,0,0,3,0.0,0.0,154,Mumbai Indians
2,Mumbai Indians,Chennai Super Kings,13.7,6,130,9.5,6.3,4,155,25,37,3.97,0.4179,175,Mumbai Indians
1,Mumbai Indians,Sunrisers Hyderabad,19.2,3,126,6.58,0.8,7,0,0,4,0.0,0.0,130,Mumbai Indians
2,Sunrisers Hyderabad,Mumbai Indians,7.7,8,42,5.51,12.3,2,131,89,73,7.24,1.314,83,Mumbai Indians
1,Sunrisers Hyderabad,Kolkata Knight Riders,15.4,1,114,7.46,4.6,9,0,0,27,0.0,0.0,148,Sunrisers Hyderabad
2,Kolkata Knight Riders,Sunrisers Hyderabad,6.1,8,33,5.57,13.9,2,149,116,83,8.35,1.4991,89,Sunrisers Hyderabad
1,Punjab Kings,Chennai Super Kings,15.7,7,124,7.9,4.3,3,0,0,25,0.0,0.0,150,Punjab Kings
2,Chennai Super Kings,Punjab Kings,8.6,2,46,5.37,11.4,8,151,105,68,9.21,1.7151,95,Punjab Kings
1,Royal Challengers Bangalore,Kolkata Knight Riders,8.0,6,44,5.62,12.0,4,0,0,72,0.0,0.0,103,Kolkata Knight Riders
2,Kolkata Knight Riders,Royal Challengers Bangalore,10.2,3,90,8.9,9.8,7,104,14,58,1.43,0.1607,169,Kolkata Knight Riders
1,Sunrisers Hyderabad,Mumbai Indians,9.3,7,47,5.06,10.7,3,0,0,64,0.0,0.0,89,Mumbai Indians
2,Mumbai Indians,Sunrisers Hyderabad,16.6,7,89,7.13,3.4,3,90,1,20,0.29,0.0407,108,Mumbai Indians
1,Mumbai Indians,Chennai Super Kings,7.8,9,58,7.55,12.2,1,0,0,73,0.0,0.0,110,Chennai Super Kings
2,Chennai Super Kings,Mumbai Indians,18.2,4,110,7.22,1.8,6,111,1,10,0.56,0.0776,120,Chennai Super Kings
1,Delhi Capitals,Kolkata Knight Riders,17.9,4,174,9.73,2.1,6,0,0,12,0.0,0.0,193,Delhi Capitals
2,Kolkata Knight Riders,Delhi Capitals,10.9,3,82,7.57,9.1,7,194,112,54,12.31,1.6262,136,Delhi Capitals
1,Kolkata Knight Riders,Delhi Capitals,10.3,6,73,7.16,9.7,4,0,0,58,0.0,0.0,119,Delhi Capitals
2,Delhi Capitals,Kolkata Knight Riders,5.0,4,37,7.45,15.0,6,120,83,90,5.53,0.7423,142,Delhi Capitals
1,Sunrisers Hyderabad,Punjab Kings,14.5,4,114,7.91,5.5,6,0,0,33,0.0,0.0,153,Punjab Kings
2,Punjab Kings,Sunrisers Hyderabad,12.8,3,127,9.95,7.2,7,154,27,43,3.75,0.3769,197,Punjab Kings
1,Rajasthan Royals,Royal Challengers Bangalore,10.9,7,71,6.53,9.1,3,0,0,54,0.0,0.0,117,Rajasthan Royals
2,Royal Challengers Bangalore,Rajasthan Royals,8.0,7,44,5.54,12.0,3,118,74,72,6.17,1.1137,93,Rajasthan Royals
1,Kolkata Knight Riders,Mumbai Indians,10.7,8,66,6.26,9.3,2,0,0,55,0.0,0.0,106,Mumbai Indians
2,Mumbai Indians,Kolkata Knight Riders,9.8,1,74,7.6,10.2,9,107,33,61,3.24,0.4263,159,Mumbai Indians
1,Chennai Super Kings,Mumbai Indians,14.6,9,103,7.1,5.4,1,0,0,32,0.0,0.0,127,Mumbai Indians
2,Mumbai Indians,Chennai Super Kings,8.9,3,88,9.89,11.1,7,128,40,66,3.6,0.364,175,Mumbai Indians
1,Chennai Super Kings,Sunrisers Hyderabad,12.2,5,92,7.58,7.8,5,0,0,46,0.0,0.0,139,Chennai Super Kings
2,Sunrisers Hyderabad,Chennai Super Kings,13.6,8,78,5.8,6.4,2,140,62,38,9.69,1.6707,103,Chennai Super Kings
1,Mumbai Indians,Rajasthan Royals,15.3,8,72,4.75,4.7,2,0,0,28,0.0,0.0,88,Rajasthan Royals
2,Rajasthan Royals,Mumbai Indians,13.5,0,83,6.19,6.5,10,89,6,39,0.92,0.1486,123,Rajasthan Royals
1,Punjab Kings,Mumbai Indians,14.8,9,83,5.65,5.2,1,0,0,31,0.0,0.0,100,Mumbai Indians
2,Mumbai Indians,Punjab Kings,16.0,6,100,9.26,4.0,4,101,1,24,0.25,0.027,127,Mumbai Indians
1,Kolkata Knight Riders,Punjab Kings,8.5,9,62,7.33,11.5,1,0,0,69,0.0,0.0,109,Punjab Kings
2,Punjab Kings,Kolkata Knight Riders,14.0,2,106,7.62,6.0,8,110,4,36,0.67,0.0879,149,Punjab Kings
1,Delhi Capitals,Rajasthan Royals,12.2,1,104,8.6,7.8,9,0,0,46,0.0,0.0,163,Rajasthan Royals
2,Rajasthan Royals,Delhi Capitals,17.5,4,163,10.42,2.5,6,164,1,15,0.4,0.0384,182,Rajasthan Royals
1,Kolkata Knight Riders,Punjab Kings,17.1,8,77,4.52,2.9,2,0,0,17,0.0,0.0,85,Punjab Kings
2,Punjab Kings,Kolkata Knight Riders,14.8,6,85,9.47,5.2,4,86,1,31,0.19,0.0201,127,Punjab Kings
1,Chennai Super Kings,Kolkata Knight Riders,14.9,5,119,8.01,5.1,5,0,0,30,0.0,0.0,156,Kolkata Knight Riders
2,Kolkata Knight Riders,Chennai Super Kings,14.8,5,135,9.18,5.2,5,157,22,31,4.23,0.4608,176,Kolkata Knight Riders
1,Chennai Super Kings,Mumbai Indians,10.6,6,97,9.23,9.4,4,0,0,56,0.0,0.0,168,Chennai Super Kings
2,Mumbai Indians,Chennai Super Kings,17.5,1,132,7.55,2.5,9,169,37,15,14.8,1.9603,153,Chennai Super Kings
1,Kolkata Knight Riders,Mumbai Indians,5.9,6,33,5.67,14.1,4,0,0,84,0.0,0.0,95,Kolkata Knight Riders
2,Mumbai Indians,Kolkata Knight Riders,13.7,9,59,4.36,6.3,1,96,37,37,5.87,1.3463,77,Kolkata Knight Riders
1,Chennai Super Kings,Royal Challengers Bangalore,15.5,1,85,5.52,4.5,9,0,0,27,0.0,0.0,111,Chennai Super Kings
2,Royal Challengers Bangalore,Chennai Super Kings,14.0,0,78,5.61,6.0,10,112,34,36,5.67,1.0107,107,Chennai Super Kings
1,Punjab Kings,Delhi Capitals,18.7,2,117,6.31,1.3,8,0,0,7,0.0,0.0,124,Delhi Capitals
2,Delhi Capitals,Punjab Kings,17.0,1,124,9.37,3.0,9,125,1,18,0.33,0.0352,152,Delhi Capitals
1,Rajasthan Royals,Mumbai Indians,17.0,8,92,5.47,3.0,2,0,0,18,0.0,0.0,102,Rajasthan Royals
2,Mumbai Indians,Rajasthan Royals,13.8,0,73,5.32,6.2,10,103,30,37,4.84,0.9098,102,Rajasthan Royals
1,Sunrisers Hyderabad,Delhi Capitals,17.6,7,108,6.16,2.4,3,0,0,14,0.0,0.0,118,Sunrisers Hyderabad
2,Delhi Capitals,Sunrisers Hyderabad,6.3,3,37,5.89,13.7,7,119,82,82,5.99,1.017,116,Sunrisers Hyderabad
1,Royal Challengers Bangalore,Rajasthan Royals,15.6,2,118,7.57,4.4,8,0,0,26,0.0,0.0,148,Rajasthan Royals
2,Rajasthan Royals,Royal Challengers Bangalore,16.9,4,148,9.11,3.1,6,149,1,18,0.32,0.0351,170,Rajasthan Royals
1,Mumbai Indians,Delhi Capitals,16.8,5,97,5.79,3.2,5,0,0,19,0.0,0.0,114,Mumbai Indians
2,Delhi Capitals,Mumbai Indians,16.9,2,87,5.17,3.1,8,115,28,18,9.03,1.7466,101,Mumbai Indians
1,Mumbai Indians,Royal Challengers Bangalore,11.4,0,74,6.56,8.6,10,0,0,51,0.0,0.0,132,Royal Challengers Bangalore
2,Royal Challengers Bangalore,Mumbai Indians,12.4,7,126,10.2,7.6,3,133,7,45,0.92,0.0902,176,Royal Challengers Bangalore
1,Royal Challengers Bangalore,Delhi Capitals,13.0,6,85,6.59,7.0,4,0,0,42,0.0,0.0,118,Delhi Capitals
2,Delhi Capitals,Royal Challengers Bangalore,16.8,6,118,8.19,3.2,4,119,1,19,0.31,0.0379,136,Delhi Capitals
1,Sunrisers Hyderabad,Delhi Capitals,8.9,0,91,10.3,11.1,10,0,0,66,0.0,0.0,199,Sunrisers Hyderabad
2,Delhi Capitals,Sunrisers Hyderabad,9.9,8,82,8.38,10.1,2,200,118,60,11.68,1.3938,147,Sunrisers Hyderabad
1,Chennai Super Kings,Royal Challengers Bangalore,17.3,0,170,9.85,2.7,10,0,0,16,0.0,0.0,194,Chennai Super Kings
2,Royal Challengers Bangalore,Chennai Super Kings,15.6,3,142,9.12,4.4,7,195,53,26,12.05,1.3213,174,Chennai Super Kings
1,Kolkata Knight Riders,Chennai Super Kings,6.7,7,38,5.68,13.3,3,0,0,79,0.0,0.0,86,Chennai Super Kings
2,Chennai Super Kings,Kolkata Knight Riders,9.6,7,85,8.9,10.4,3,87,2,62,0.19,0.0213,160,Chennai Super Kings
1,Delhi Capitals,Kolkata Knight Riders,9.8,6,92,9.45,10.2,4,0,0,61,0.0,0.0,157,Delhi Capitals
2,Kolkata Knight Riders,Delhi Capitals,12.2,8,54,4.44,7.8,2,158,104,46,13.33,3.0023,76,Delhi Capitals
1,Delhi Capitals,Punjab Kings,6.1,1,55,9.09,13.9,9,0,0,83,0.0,0.0,176,Punjab Kings
2,Punjab Kings,Delhi Capitals,5.9,0,53,9.11,14.1,10,177,124,84,8.79,0.9649,190,Punjab Kings
1,Kolkata Knight Riders,Delhi Capitals,12.5,3,108,8.64,7.5,7,0,0,45,0.0,0.0,173,Kolkata Knight Riders
2,Delhi Capitals,Kolkata Knight Riders,16.6,9,91,5.5,3.4,1,174,83,20,24.41,4.4382,102,Kolkata Knight Riders
1,Rajasthan Royals,Mumbai Indians,16.2,1,170,10.51,3.8,9,0,0,22,0.0,0.0,209,Rajasthan Royals
2,Mumbai Indians,Rajasthan Royals,6.6,1,65,9.88,13.4,9,210,145,80,10.82,1.0951,176,Rajasthan Royals
1,Mumbai Indians,Sunrisers Hyderabad,11.0,8,82,7.54,9.0,2,0,0,54,0.0,0.0,132,Mumbai Indians
2,Sunrisers Hyderabad,Mumbai Indians,6.2,7,33,5.38,13.8,3,133,100,82,7.25,1.3476,79,Mumbai Indians
1,Mumbai Indians,Royal Challengers Bangalore,15.6,5,75,4.86,4.4,5,0,0,26,0.0,0.0,94,Royal Challengers Bangalore
2,Royal Challengers Bangalore,Mumbai Indians,17.5,7,94,9.69,2.5,3,95,1,15,0.4,0.0413,109,Royal Challengers Bangalore
1,Delhi Capitals,Royal Challengers Bangalore,17.8,3,153,8.62,2.2,7,0,0,13,0.0,0.0,171,Royal Challengers Bangalore
2,Royal Challengers Bangalore,Delhi Capitals,12.2,7,122,10.01,7.8,3,172,50,46,6.41,0.6404,172,Royal Challengers Bangalore
1,Punjab Kings,Delhi Capitals,18.2,7,128,7.07,1.8,3,0,0,10,0.0,0.0,138,Delhi Capitals
2,Delhi Capitals,Punjab Kings,6.0,6,60,10.06,14.0,4,139,79,84,5.64,0.5606,182,Delhi Capitals
1,Kolkata Knight Riders,Punjab Kings,5.9,8,43,7.43,14.1,2,0,0,84,0.0,0.0,125,Punjab Kings
2,Punjab Kings,Kolkata Knight Riders,17.3,1,125,9.08,2.7,9,126,1,16,0.37,0.0407,150,Punjab Kings
1,Kolkata Knight Riders,Delhi Capitals,14.3,7,100,7.03,5.7,3,0,0,34,0.0,0.0,131,Delhi Capitals
2,Delhi Capitals,Kolkata Knight Riders,18.2,5,131,9.78,1.8,5,132,1,10,0.56,0.0573,146,Delhi Capitals
1,Rajasthan Royals,Chennai Super Kings,10.7,8,71,6.72,9.3,2,0,0,55,0.0,0.0,109,Rajasthan Royals
2,Chennai Super Kings,Rajasthan Royals,17.6,5,95,5.43,2.4,5,110,15,14,6.25,1.151,107,Rajasthan Royals
1,Delhi Capitals,Sunrisers Hyderabad,19.1,1,186,9.77,0.9,9,0,0,5,0.0,0.0,194,Delhi Capitals
2,Sunrisers Hyderabad,Delhi Capitals,17.0,4,72,4.25,3.0,6,195,123,18,41.0,9.6471,83,Delhi Capitals
1,Chennai Super Kings,Mumbai Indians,17.4,7,89,5.14,2.6,3,0,0,15,0.0,0.0,99,Chennai Super Kings
2,Mumbai Indians,Chennai Super Kings,7.1,7,40,5.68,12.9,3,100,60,77,4.65,0.8187,97,Chennai Super Kings
1,Sunrisers Hyderabad,Chennai Super Kings,9.5,2,65,6.86,10.5,8,0,0,63,0.0,0.0,136,Sunrisers Hyderabad
2,Chennai Super Kings,Sunrisers Hyderabad,11.4,9,90,7.93,8.6,1,137,47,51,5.47,0.6898,129,Sunrisers Hyderabad
1,Rajasthan Royals,Mumbai Indians,14.4,7,83,5.82,5.6,3,0,0,33,0.0,0.0,110,Mumbai Indians
2,Mumbai Indians,Rajasthan Royals,15.7,0,110,9.73,4.3,10,111,1,25,0.23,0.0236,155,Mumbai Indians
1,Mumbai Indians,Delhi Capitals,17.1,8,93,5.46,2.9,2,0,0,17,0.0,0.0,103,Delhi Capitals
2,Delhi Capitals,Mumbai Indians,7.3,6,52,7.13,12.7,4,104,52,76,4.09,0.5736,115,Delhi Capitals
1,Royal Challengers Bangalore,Sunrisers Hyderabad,15.1,8,98,6.54,4.9,2,0,0,29,0.0,0.0,123,Sunrisers Hyderabad
2,Sunrisers Hyderabad,Royal Challengers Bangalore,13.3,1,123,10.13,6.7,9,124,1,40,0.15,0.0148,189,Sunrisers Hyderabad
1,Kolkata Knight Riders,Delhi Capitals,10.1,9,51,5.07,9.9,1,0,0,59,0.0,0.0,85,Kolkata Knight Riders
2,Delhi Capitals,Kolkata Knight Riders,7.4,9,33,4.55,12.6,1,86,53,75,4.21,0.9253,74,Kolkata Knight Riders
1,Kolkata Knight Riders,Mumbai Indians,18.1,0,176,9.77,1.9,10,0,0,11,0.0,0.0,196,Kolkata Knight Riders
2,Mumbai Indians,Kolkata Knight Riders,7.1,4,51,7.3,12.9,6,197,146,77,11.32,1.5507,138,Kolkata Knight Riders
1,Sunrisers Hyderabad,Mumbai Indians,7.3,7,45,6.27,12.7,3,0,0,76,0.0,0.0,108,Mumbai Indians
2,Mumbai Indians,Sunrisers Hyderabad,18.0,2,108,9.07,2.0,8,109,1,12,0.5,0.0551,124,Mumbai Indians
1,Rajasthan Royals,Royal Challengers Bangalore,8.7,6,57,6.59,11.3,4,0,0,67,0.0,0.0,120,Royal Challengers Bangalore
2,Royal Challengers Bangalore,Rajasthan Royals,15.9,0,120,10.63,4.1,10,121,1,24,0.24,0.0226,165,Royal Challengers Bangalore
1,Sunrisers Hyderabad,Delhi Capitals,12.5,3,118,9.44,7.5,7,0,0,45,0.0,0.0,175,Sunrisers Hyderabad
2,Delhi Capitals,Sunrisers Hyderabad,14.4,1,107,7.47,5.6,9,176,69,33,12.32,1.6493,151,Sunrisers Hyderabad
1,Chennai Super Kings,Punjab Kings,19.1,1,188,9.85,0.9,9,0,0,5,0.0,0.0,197,Chennai Super Kings
2,Punjab Kings,Chennai Super Kings,7.6,1,37,4.96,12.4,9,198,161,74,12.98,2.6169,104,Chennai Super Kings
1,Royal Challengers Bangalore,Sunrisers Hyderabad,8.8,8,59,6.76,11.2,2,0,0,67,0.0,0.0,107,Sunrisers Hyderabad
2,Sunrisers Hyderabad,Royal Challengers Bangalore,19.3,4,107,6.83,0.7,6,108,1,4,1.43,0.2094,112,Sunrisers Hyderabad
1,Mumbai Indians,Sunrisers Hyderabad,6.8,6,39,5.75,13.2,4,0,0,79,0.0,0.0,96,Sunrisers Hyderabad
2,Sunrisers Hyderabad,Mumbai Indians,11.3,6,93,8.26,8.7,4,97,4,52,0.46,0.0557,140,Sunrisers Hyderabad
1,Mumbai Indians,Delhi Capitals,6.5,9,49,7.55,13.5,1,0,0,81,0.0,0.0,116,Delhi Capitals
2,Delhi Capitals,Mumbai Indians,18.3,4,116,7.97,1.7,6,117,1,10,0.59,0.074,128,Delhi Capitals
1,Mumbai Indians,Chennai Super Kings,8.2,2,66,8.13,11.8,8,0,0,70,0.0,0.0,166,Mumbai Indians
2,Chennai Super Kings,Mumbai Indians,15.3,7,87,5.73,4.7,3,167,80,28,17.02,2.9703,107,Mumbai Indians
1,Kolkata Knight Riders,Sunrisers Hyderabad,15.5,3,112,7.27,4.5,7,0,0,27,0.0,0.0,143,Kolkata Knight Riders
2,Sunrisers Hyderabad,Kolkata Knight Riders,18.7,6,130,6.98,1.3,4,144,14,7,10.77,1.543,137,Kolkata Knight Riders
1,Mumbai Indians,Royal Challengers Bangalore,18.4,5,133,7.27,1.6,5,0,0,9,0.0,0.0,142,Mumbai Indians
2,Royal Challengers Bangalore,Mumbai Indians,17.5,4,123,7.08,2.5,6,143,20,15,8.0,1.1299,138,Mumbai Indians
1,Punjab Kings,Sunrisers Hyderabad,17.1,1,134,7.86,2.9,9,0,0,17,0.0,0.0,154,Punjab Kings
2,Sunrisers Hyderabad,Punjab Kings,16.2,1,100,6.21,3.8,9,155,55,22,14.47,2.3301,124,Punjab Kings
1,Mumbai Indians,Delhi Capitals,6.1,1,64,10.62,13.9,9,0,0,83,0.0,0.0,211,Mumbai Indians
2,Delhi Capitals,Mumbai Indians,14.0,8,99,7.13,6.0,2,212,113,36,18.83,2.641,127,Mumbai Indians
1,Kolkata Knight Riders,Royal Challengers Bangalore,5.9,3,52,8.92,14.1,7,0,0,84,0.0,0.0,147,Kolkata Knight Riders
2,Royal Challengers Bangalore,Kolkata Knight Riders,17.2,0,111,6.47,2.8,10,148,37,16,13.21,2.0417,127,Kolkata Knight Riders
1,Punjab Kings,Sunrisers Hyderabad,9.1,9,53,5.92,10.9,1,0,0,65,0.0,0.0,90,Sunrisers Hyderabad
2,Sunrisers Hyderabad,Punjab Kings,10.5,5,70,6.74,9.5,5,91,21,57,2.21,0.3279,119,Sunrisers Hyderabad
1,Delhi Capitals,Royal Challengers Bangalore,17.0,7,128,7.53,3.0,3,0,0,18,0.0,0.0,145,Royal Challengers Bangalore
2,Royal Challengers Bangalore,Delhi Capitals,9.2,9,88,9.6,10.8,1,146,58,64,5.37,0.5594,146,Royal Challengers Bangalore
1,Rajasthan Royals,Kolkata Knight Riders,17.8,8,69,3.9,2.2,2,0,0,13,0.0,0.0,74,Kolkata Knight Riders
2,Kolkata Knight Riders,Rajasthan Royals,17.7,8,74,6.49,2.3,2,75,1,13,0.43,0.0663,85,Kolkata Knight Riders
1,Punjab Kings,Chennai Super Kings,6.9,6,57,8.38,13.1,4,0,0,78,0.0,0.0,142,Punjab Kings
2,Chennai Super Kings,Punjab Kings,11.1,1,61,5.51,8.9,9,143,82,53,9.21,1.6715,106,Punjab Kings
1,Rajasthan Royals,Punjab Kings,19.0,0,111,5.89,1.0,10,0,0,6,0.0,0.0,116,Punjab Kings
2,Punjab Kings,Rajasthan Royals,5.1,7,42,8.36,14.9,3,117,75,89,5.03,0.6017,129,Punjab Kings
1,Rajasthan Royals,Royal Challengers Bangalore,16.2,3,106,6.6,3.8,7,0,0,22,0.0,0.0,129,Rajasthan Royals
2,Royal Challengers Bangalore,Rajasthan Royals,9.3,6,63,6.81,10.7,4,130,67,64,6.26,0.9192,115,Rajasthan Royals
1,Chennai Super Kings,Sunrisers Hyderabad,5.2,6,42,8.19,14.8,4,0,0,88,0.0,0.0,133,Sunrisers Hyderabad
2,Sunrisers Hyderabad,Chennai Super Kings,11.7,7,104,8.93,8.3,3,134,30,49,3.61,0.4043,153,Sunrisers Hyderabad
1,Sunrisers Hyderabad,Punjab Kings,16.1,0,123,7.68,3.9,10,0,0,23,0.0,0.0,155,Sunrisers Hyderabad
2,Punjab Kings,Sunrisers Hyderabad,7.4,8,35,4.74,12.6,2,156,121,75,9.6,2.0253,72,Sunrisers Hyderabad
1,Rajasthan Royals,Punjab Kings,14.2,9,118,8.34,5.8,1,0,0,34,0.0,0.0,144,Rajasthan Royals
2,Punjab Kings,Rajasthan Royals,7.1,5,56,8.02,12.9,5,145,89,77,6.9,0.8603,135,Rajasthan Royals
1,Delhi Capitals,Kolkata Knight Riders,6.7,3,64,9.69,13.3,7,0,0,79,0.0,0.0,177,Delhi Capitals
2,Kolkata Knight Riders,Delhi Capitals,17.8,8,80,4.5,2.2,2,178,98,13,44.55,9.9,87,Delhi Capitals
1,Chennai Super Kings,Rajasthan Royals,10.0,4,85,8.54,10.0,6,0,0,60,0.0,0.0,149,Chennai Super Kings
2,Rajasthan Royals,Chennai Super Kings,10.7,8,69,6.48,9.3,2,150,81,55,8.71,1.3441,115,Chennai Super Kings
1,Sunrisers Hyderabad,Punjab Kings,6.4,7,37,5.9,13.6,3,0,0,81,0.0,0.0,97,Punjab Kings
2,Punjab Kings,Sunrisers Hyderabad,10.4,3,97,9.81,9.6,7,98,1,57,0.1,0.0102,179,Punjab Kings
1,Sunrisers Hyderabad,Royal Challengers Bangalore,19.1,8,134,7.02,0.9,2,0,0,5,0.0,0.0,139,Royal Challengers Bangalore
2,Royal Challengers Bangalore,Sunrisers Hyderabad,17.3,6,129,7.51,2.7,4,140,11,16,4.07,0.5419,145,Royal Challengers Bangalore
1,Mumbai Indians,Rajasthan Royals,13.6,9,100,7.37,6.4,1,0,0,38,0.0,0.0,128,Mumbai Indians
2,Rajasthan Royals,Mumbai Indians,10.7,4,51,4.8,9.3,6,129,78,55,8.39,1.7479,86,Mumbai Indians
1,Delhi Capitals,Sunrisers Hyderabad,14.6,4,130,8.94,5.4,6,0,0,32,0.0,0.0,168,Sunrisers Hyderabad
2,Sunrisers Hyderabad,Delhi Capitals,15.6,3,153,9.84,4.4,7,169,16,26,3.64,0.3699,197,Sunrisers Hyderabad
1,Delhi Capitals,Punjab Kings,19.2,2,122,6.38,0.8,8,0,0,4,0.0,0.0,126,Delhi Capitals
2,Punjab Kings,Delhi Capitals,13.7,6,93,6.79,6.3,4,127,34,37,5.4,0.7953,126,Delhi Capitals
1,Sunrisers Hyderabad,Chennai Super Kings,12.9,9,61,4.76,7.1,1,0,0,42,0.0,0.0,82,Chennai Super Kings
2,Chennai Super Kings,Sunrisers Hyderabad,16.7,9,82,7.71,3.3,1,83,1,19,0.3,0.0389,101,Chennai Super Kings
1,Mumbai Indians,Kolkata Knight Riders,11.5,5,69,6.06,8.5,5,0,0,51,0.0,0.0,116,Kolkata Knight Riders
2,Kolkata Knight Riders,Mumbai Indians,12.3,3,116,10.37,7.7,7,117,1,46,0.13,0.0125,176,Kolkata Knight Riders
1,Chennai Super Kings,Royal Challengers Bangalore,8.8,5,85,9.66,11.2,5,0,0,67,0.0,0.0,183,Chennai Super Kings
2,Royal Challengers Bangalore,Chennai Super Kings,14.3,6,111,7.78,5.7,4,184,73,34,12.81,1.6465,147,Chennai Super Kings
1,Punjab Kings,Royal Challengers Bangalore,12.9,0,114,8.84,7.1,10,0,0,42,0.0,0.0,178,Punjab Kings
2,Royal Challengers Bangalore,Punjab Kings,18.2,3,115,6.32,1.8,7,179,64,10,35.56,5.6266,124,Punjab Kings
1,Delhi Capitals,Mumbai Indians,6.7,4,65,9.82,13.3,6,0,0,79,0.0,0.0,163,Delhi Capitals
2,Mumbai Indians,Delhi Capitals,7.1,9,56,7.95,12.9,1,164,108,77,8.37,1.0528,114,Delhi Capitals
1,Chennai Super Kings,Sunrisers Hyderabad,15.3,8,91,5.97,4.7,2,0,0,28,0.0,0.0,108,Sunrisers Hyderabad
2,Sunrisers Hyderabad,Chennai Super Kings,12.9,8,94,7.3,7.1,2,109,15,42,2.11,0.289,132,Sunrisers Hyderabad
1,Punjab Kings,Kolkata Knight Riders,13.5,8,113,8.4,6.5,2,0,0,39,0.0,0.0,152,Punjab Kings
2,Kolkata Knight Riders,Punjab Kings,13.7,1,100,7.31,6.3,9,153,53,37,8.41,1.1505,139,Punjab Kings
1,Punjab Kings,Royal Challengers Bangalore,18.2,0,131,7.2,1.8,10,0,0,10,0.0,0.0,143,Punjab Kings
2,Royal Challengers Bangalore,Punjab Kings,5.0,3,32,6.43,15.0,7,144,112,90,7.47,1.1617,126,Punjab Kings
1,Sunrisers Hyderabad,Royal Challengers Bangalore,8.0,9,35,4.4,12.0,1,0,0,72,0.0,0.0,72,Royal Challengers Bangalore
2,Royal Challengers Bangalore,Sunrisers Hyderabad,11.7,5,72,10.05,8.3,5,73,1,49,0.12,0.0119,134,Royal Challengers Bangalore
1,Delhi Capitals,Rajasthan Royals,15.2,0,108,7.16,4.8,10,0,0,28,0.0,0.0,145,Delhi Capitals
2,Rajasthan Royals,Delhi Capitals,13.5,1,77,5.71,6.5,9,146,69,39,10.62,1.8599,117,Delhi Capitals
1,Mumbai Indians,Sunrisers Hyderabad,7.0,1,54,7.82,13.0,9,0,0,78,0.0,0.0,155,Sunrisers Hyderabad
2,Sunrisers Hyderabad,Mumbai Indians,5.6,1,56,10.14,14.4,9,156,100,86,6.94,0.6844,191,Sunrisers Hyderabad
1,Delhi Capitals,Royal Challengers Bangalore,9.0,7,88,9.82,11.0,3,0,0,66,0.0,0.0,157,Delhi Capitals
2,Royal Challengers Bangalore,Delhi Capitals,11.9,0,80,6.78,8.1,10,158,78,48,9.63,1.4204,140,Delhi Capitals
1,Punjab Kings,Rajasthan Royals,13.6,1,132,9.72,6.4,9,0,0,38,0.0,0.0,188,Punjab Kings
2,Rajasthan Royals,Punjab Kings,15.0,8,87,5.82,5.0,2,189,102,30,20.4,3.5052,106,Punjab Kings
1,Punjab Kings,Delhi Capitals,18.4,8,158,8.64,1.6,2,0,0,9,0.0,0.0,166,Punjab Kings
2,Delhi Capitals,Punjab Kings,6.0,3,27,4.65,14.0,7,167,140,84,10.0,2.1505,81,Punjab Kings
1,Delhi Capitals,Rajasthan Royals,13.0,6,78,6.05,7.0,4,0,0,42,0.0,0.0,114,Rajasthan Royals
2,Rajasthan Royals,Delhi Capitals,18.6,8,114,7.87,1.4,2,115,1,8,0.71,0.0902,121,Rajasthan Royals
1,Chennai Super Kings,Punjab Kings,6.5,9,47,7.36,13.5,1,0,0,81,0.0,0.0,115,Punjab Kings
2,Punjab Kings,Chennai Super Kings,13.1,1,97,7.47,6.9,9,116,19,41,2.75,0.3681,141,Punjab Kings
1,Mumbai Indians,Chennai Super Kings,17.9,6,132,7.41,2.1,4,0,0,12,0.0,0.0,145,Chennai Super Kings
2,Chennai Super Kings,Mumbai Indians,18.3,1,138,7.55,1.7,9,146,8,10,4.71,0.6238,152,Chennai Super Kings
1,Chennai Super Kings,Delhi Capitals,19.3,2,142,7.36,0.7,8,0,0,4,0.0,0.0,147,Chennai Super Kings
2,Delhi Capitals,Chennai Super Kings,12.5,7,69,5.56,7.5,3,148,79,45,10.53,1.8939,97,Chennai Super Kings
1,Royal Challengers Bangalore,Rajasthan Royals,14.6,1,150,10.33,5.4,9,0,0,32,0.0,0.0,201,Royal Challengers Bangalore
2,Rajasthan Royals,Royal Challengers Bangalore,9.8,3,51,5.21,10.2,7,202,151,61,14.8,2.8407,104,Royal Challengers Bangalore
1,Royal Challengers Bangalore,Rajasthan Royals,12.0,6,63,5.3,8.0,4,0,0,48,0.0,0.0,92,Rajasthan Royals
2,Rajasthan Royals,Royal Challengers Bangalore,15.5,9,92,8.72,4.5,1,93,1,27,0.22,0.0252,116,Rajasthan Royals
1,Chennai Super Kings,Rajasthan Royals,5.1,5,41,8.14,14.9,5,0,0,89,0.0,0.0,141,Rajasthan Royals
2,Rajasthan Royals,Chennai Super Kings,14.4,5,132,9.17,5.6,5,142,10,33,1.79,0.1952,167,Rajasthan Royals
1,Sunrisers Hyderabad,Rajasthan Royals,11.6,3,84,7.28,8.4,7,0,0,50,0.0,0.0,133,Rajasthan Royals
2,Rajasthan Royals,Sunrisers Hyderabad,18.1,2,133,10.62,1.9,8,134,1,11,0.53,0.0499,149,Rajasthan Royals
1,Mumbai Indians,Rajasthan Royals,16.1,0,117,7.32,3.9,10,0,0,23,0.0,0.0,148,Rajasthan Royals
2,Rajasthan Royals,Mumbai Indians,18.4,5,148,10.18,1.6,5,149,1,9,0.62,0.0609,159,Rajasthan Royals
1,Chennai Super Kings,Sunrisers Hyderabad,10.2,6,58,5.73,9.8,4,0,0,58,0.0,0.0,105,Sunrisers Hyderabad
2,Sunrisers Hyderabad,Chennai Super Kings,8.2,2,80,9.76,11.8,8,106,26,70,2.2,0.2254,181,Sunrisers Hyderabad
1,Kolkata Knight Riders,Punjab Kings,5.0,7,30,6.18,15.0,3,0,0,90,0.0,0.0,104,Kolkata Knight Riders
2,Punjab Kings,Kolkata Knight Riders,17.6,8,71,4.06,2.4,2,105,34,14,14.17,3.4901,78,Kolkata Knight Riders
1,Mumbai Indians,Punjab Kings,19.1,6,112,5.87,0.9,4,0,0,5,0.0,0.0,117,Punjab Kings
2,Punjab Kings,Mumbai Indians,9.0,8,74,8.29,11.0,2,118,44,66,4.0,0.4825,127,Punjab Kings
1,Sunrisers Hyderabad,Royal Challengers Bangalore,19.1,8,138,7.24,0.9,2,0,0,5,0.0,0.0,143,Royal Challengers Bangalore
2,Royal Challengers Bangalore,Sunrisers Hyderabad,7.4,0,77,10.41,12.6,10,144,67,75,5.32,0.511,207,Royal Challengers Bangalore
1,Royal Challengers Bangalore,Kolkata Knight Riders,11.8,2,109,9.31,8.2,8,0,0,49,0.0,0.0,173,Kolkata Knight Riders
2,Kolkata Knight Riders,Royal Challengers Bangalore,15.7,1,148,9.43,4.3,9,174,26,25,6.05,0.6416,182,Kolkata Knight Riders
1,Kolkata Knight Riders,Delhi Capitals,14.6,8,81,5.61,5.4,2,0,0,32,0.0,0.0,99,Delhi Capitals
2,Delhi Capitals,Kolkata Knight Riders,14.3,4,99,10.54,5.7,6,100,1,34,0.18,0.0171,151,Delhi Capitals
1,Rajasthan Royals,Punjab Kings,5.5,5,35,6.5,14.5,5,0,0,87,0.0,0.0,118,Punjab Kings
2,Punjab Kings,Rajasthan Royals,17.3,1,118,9.66,2.7,9,119,1,16,0.37,0.0383,141,Punjab Kings
1,Chennai Super Kings,Kolkata Knight Riders,9.8,6,55,5.68,10.2,4,0,0,61,0.0,0.0,95,Kolkata Knight Riders
2,Kolkata Knight Riders,Chennai Super Kings,5.3,2,31,5.97,14.7,8,96,65,88,4.42,0.7404,101,Kolkata Knight Riders
1,Kolkata Knight Riders,Rajasthan Royals,10.7,8,86,8.12,9.3,2,0,0,55,0.0,0.0,140,Rajasthan Royals
2,Rajasthan Royals,Kolkata Knight Riders,8.2,3,72,8.81,11.8,7,141,69,70,5.85,0.664,150,Rajasthan Royals
1,Kolkata Knight Riders,Delhi Capitals,15.8,8,118,7.51,4.2,2,0,0,25,0.0,0.0,138,Delhi Capitals
2,Delhi Capitals,Kolkata Knight Riders,17.6,1,138,8.95,2.4,9,139,1,14,0.42,0.0469,157,Delhi Capitals
1,Mumbai Indians,Royal Challengers Bangalore,17.6,7,113,6.47,2.4,3,0,0,14,0.0,0.0,125,Royal Challengers Bangalore
2,Royal Challengers Bangalore,Mumbai Indians,5.9,2,36,6.15,14.1,8,126,90,84,6.38,1.0374,126,Royal Challengers Bangalore
1,Sunrisers Hyderabad,Rajasthan Royals,16.2,7,157,9.72,3.8,3,0,0,22,0.0,0.0,187,Sunrisers Hyderabad
2,Rajasthan Royals,Sunrisers Hyderabad,7.4,8,66,9.02,12.6,2,188,122,75,9.68,1.0732,148,Sunrisers Hyderabad
1,Kolkata Knight Riders,Rajasthan Royals,10.9,2,65,6.03,9.1,8,0,0,54,0.0,0.0,111,Rajasthan Royals
2,Rajasthan Royals,Kolkata Knight Riders,5.4,6,41,7.72,14.6,4,112,71,87,4.86,0.6295,121,Rajasthan Royals
1,Rajasthan Royals,Sunrisers Hyderabad,18.9,3,185,9.81,1.1,7,0,0,6,0.0,0.0,195,Rajasthan Royals
2,Sunrisers Hyderabad,Rajasthan Royals,14.8,8,117,7.93,5.2,2,196,79,31,15.19,1.9155,146,Rajasthan Royals
1,Royal Challengers Bangalore,Chennai Super Kings,11.3,2,64,5.69,8.7,8,0,0,52,0.0,0.0,114,Chennai Super Kings
2,Chennai Super Kings,Royal Challengers Bangalore,11.8,1,80,6.8,8.2,9,115,35,49,4.27,0.6279,132,Chennai Super Kings
1,Chennai Super Kings,Punjab Kings,18.4,5,104,5.68,1.6,5,0,0,9,0.0,0.0,112,Punjab Kings
2,Punjab Kings,Chennai Super Kings,5.1,4,40,7.97,14.9,6,113,73,89,4.9,0.6148,140,Punjab Kings
1,Delhi Capitals,Kolkata Knight Riders,12.4,3,72,5.86,7.6,7,0,0,45,0.0,0.0,113,Kolkata Knight Riders
2,Kolkata Knight Riders,Delhi Capitals,14.3,8,113,8.46,5.7,2,114,1,34,0.18,0.0213,142,Kolkata Knight Riders
1,Mumbai Indians,Rajasthan Royals,7.7,5,40,5.22,12.3,5,0,0,73,0.0,0.0,91,Rajasthan Royals
2,Rajasthan Royals,Mumbai Indians,18.1,9,91,5.12,1.9,1,92,1,11,0.53,0.1035,97,Rajasthan Royals
1,Kolkata Knight Riders,Sunrisers Hyderabad,9.3,7,81,8.81,10.7,3,0,0,64,0.0,0.0,139,Kolkata Knight Riders
2,Sunrisers Hyderabad,Kolkata Knight Riders,9.5,2,62,6.53,10.5,8,140,78,63,7.43,1.1378,122,Kolkata Knight Riders
1,Chennai Super Kings,Punjab Kings,9.7,7,82,8.46,10.3,3,0,0,61,0.0,0.0,136,Punjab Kings
2,Punjab Kings,Chennai Super Kings,16.4,6,136,10.12,3.6,4,137,1,21,0.28,0.0277,165,Punjab Kings
1,Punjab Kings,Kolkata Knight Riders,18.9,2,130,6.93,1.1,8,0,0,6,0.0,0.0,137,Kolkata Knight Riders
2,Kolkata Knight Riders,Punjab Kings,12.7,4,125,9.91,7.3,6,138,13,43,1.78,0.1796,186,Kolkata Knight Riders
1,Royal Challengers Bangalore,Mumbai Indians,18.2,4,151,8.33,1.8,6,0,0,10,0.0,0.0,162,Royal Challengers Bangalore
2,Mumbai Indians,Royal Challengers Bangalore,14.2,6,87,6.15,5.8,4,163,76,34,13.1,2.1301,114,Royal Challengers Bangalore
1,Punjab Kings,Delhi Capitals,7.8,5,73,9.38,12.2,5,0,0,73,0.0,0.0,155,Punjab Kings
2,Delhi Capitals,Punjab Kings,15.7,9,63,4.05,4.3,1,156,93,25,21.63,5.3407,75,Punjab Kings
1,Mumbai Indians,Sunrisers Hyderabad,11.6,8,89,7.72,8.4,2,0,0,50,0.0,0.0,138,Sunrisers Hyderabad
2,Sunrisers Hyderabad,Mumbai Indians,9.1,2,73,8.12,10.9,8,139,66,65,6.06,0.7463,147,Sunrisers Hyderabad
1,Mumbai Indians,Delhi Capitals,15.9,6,124,7.81,4.1,4,0,0,24,0.0,0.0,147,Delhi Capitals
2,Delhi Capitals,Mumbai Indians,13.3,2,107,8.09,6.7,8,148,41,40,6.12,0.7565,153,Delhi Capitals
1,Rajasthan Royals,Kolkata Knight Riders,17.1,3,82,4.83,2.9,7,0,0,17,0.0,0.0,94,Kolkata Knight Riders
2,Kolkata Knight Riders,Rajasthan Royals,17.7,7,94,5.94,2.3,3,95,1,13,0.43,0.0724,105,Kolkata Knight Riders
1,Kolkata Knight Riders,Chennai Super Kings,15.6,4,154,9.88,4.4,6,0,0,26,0.0,0.0,193,Kolkata Knight Riders
2,Chennai Super Kings,Kolkata Knight Riders,5.3,0,37,6.99,14.7,10,194,157,88,10.68,1.5279,129,Kolkata Knight Riders
1,Sunrisers Hyderabad,Chennai Super Kings,11.2,4,91,8.19,8.8,6,0,0,52,0.0,0.0,148,Sunrisers Hyderabad
2,Chennai Super Kings,Sunrisers Hyderabad,8.1,8,36,4.56,11.9,2,149,113,71,9.5,2.0833,77,Sunrisers Hyderabad
1,Punjab Kings,Mumbai Indians,8.9,6,76,8.58,11.1,4,0,0,66,0.0,0.0,155,Punjab Kings
2,Mumbai Indians,Punjab Kings,7.4,4,56,7.58,12.6,6,156,100,75,7.94,1.0475,136,Punjab Kings
1,Mumbai Indians,Kolkata Knight Riders,10.5,1,95,9.13,9.5,9,0,0,57,0.0,0.0,182,Mumbai Indians
2,Kolkata Knight Riders,Mumbai Indians,15.8,6,91,5.77,4.2,4,183,92,25,21.9,3.7955,112,Mumbai Indians
1,Royal Challengers Bangalore,Kolkata Knight Riders,17.3,9,137,7.95,2.7,1,0,0,16,0.0,0.0,149,Royal Challengers Bangalore
2,Kolkata Knight Riders,Royal Challengers Bangalore,14.4,1,101,7.07,5.6,9,150,49,33,8.75,1.2376,144,Royal Challengers Bangalore
1,Royal Challengers Bangalore,Delhi Capitals,11.5,0,77,6.77,8.5,10,0,0,51,0.0,0.0,142,Royal Challengers Bangalore
2,Delhi Capitals,Royal Challengers Bangalore,17.3,9,76,4.44,2.7,1,143,67,16,24.81,5.5878,84,Royal Challengers Bangalore
1,Sunrisers Hyderabad,Mumbai Indians,9.7,0,87,9.05,10.3,10,0,0,61,0.0,0.0,171,Sunrisers Hyderabad
2,Mumbai Indians,Sunrisers Hyderabad,18.1,7,88,4.89,1.9,3,172,84,11,44.21,9.0409,95,Sunrisers Hyderabad
1,Kolkata Knight Riders,Delhi Capitals,15.0,2,103,6.88,5.0,8,0,0,30,0.0,0.0,133,Kolkata Knight Riders
2,Delhi Capitals,Kolkata Knight Riders,6.4,8,50,7.82,13.6,2,134,84,81,6.18,0.7903,122,Kolkata Knight Riders
1,Sunrisers Hyderabad,Chennai Super Kings,19.2,4,170,8.88,0.8,6,0,0,4,0.0,0.0,176,Sunrisers Hyderabad
2,Chennai Super Kings,Sunrisers Hyderabad,8.0,5,36,4.57,12.0,5,177,141,72,11.75,2.5711,84,Sunrisers Hyderabad
